2026-01-18T05:14:39.996426Z  INFO tailwindcss_oxide::scanner: Provided sources:
2026-01-18T05:14:39.996773Z  INFO tailwindcss_oxide::scanner: Source: PublicSourceEntry { base: "C:\\Users\\admin\\premium-invest-8", pattern: "**/*", negated: false }
2026-01-18T05:14:39.997121Z  INFO tailwindcss_oxide::scanner: Source: PublicSourceEntry { base: "C:\\Users\\admin\\premium-invest-8\\app", pattern: "../components", negated: false }
2026-01-18T05:14:39.997125Z  INFO tailwindcss_oxide::scanner: Source: PublicSourceEntry { base: "C:\\Users\\admin\\premium-invest-8\\app", pattern: "./", negated: false }
2026-01-18T05:14:39.997166Z  INFO tailwindcss_oxide::scanner: Source: PublicSourceEntry { base: "C:\\Users\\admin\\premium-invest-8\\app", pattern: "../features", negated: false }
2026-01-18T05:14:39.997168Z  INFO tailwindcss_oxide::scanner: Source: PublicSourceEntry { base: "C:\\Users\\admin\\premium-invest-8\\app", pattern: "../lib", negated: false }
2026-01-18T05:14:39.997674Z  INFO tailwindcss_oxide::scanner: Optimized sources:
2026-01-18T05:14:39.997682Z  INFO tailwindcss_oxide::scanner: Source: Auto { base: "C:\\Users\\admin\\premium-invest-8" }
2026-01-18T05:14:39.997684Z  INFO tailwindcss_oxide::scanner: Source: Auto { base: "C:\\Users\\admin\\premium-invest-8\\components" }
2026-01-18T05:14:39.997686Z  INFO tailwindcss_oxide::scanner: Source: Auto { base: "C:\\Users\\admin\\premium-invest-8\\app" }
2026-01-18T05:14:39.997687Z  INFO tailwindcss_oxide::scanner: Source: Auto { base: "C:\\Users\\admin\\premium-invest-8\\features" }
2026-01-18T05:14:39.997689Z  INFO tailwindcss_oxide::scanner: Source: Auto { base: "C:\\Users\\admin\\premium-invest-8\\lib" }
2026-01-18T05:14:40.000615Z  INFO scan_sources: tailwindcss_oxide::scanner: enter
2026-01-18T05:14:40.001908Z  INFO scan_sources: tailwindcss_oxide::scanner: Discovering "C:\\Users\\admin\\premium-invest-8\\.cursor"
2026-01-18T05:14:40.002012Z  INFO scan_sources: tailwindcss_oxide::scanner: Discovering "C:\\Users\\admin\\premium-invest-8\\.cursor\\rules"
2026-01-18T05:14:40.002094Z  INFO scan_sources: tailwindcss_oxide::scanner: Discovering "C:\\Users\\admin\\premium-invest-8\\.cursor\\rules\\global_instructions.mdc"
2026-01-18T05:14:40.002142Z  INFO scan_sources: tailwindcss_oxide::scanner: Discovering "C:\\Users\\admin\\premium-invest-8\\.env.example"
2026-01-18T05:14:40.002244Z  INFO scan_sources: tailwindcss_oxide::scanner: Discovering "C:\\Users\\admin\\premium-invest-8\\.gitconfig"
2026-01-18T05:14:40.002281Z  INFO scan_sources: tailwindcss_oxide::scanner: Discovering "C:\\Users\\admin\\premium-invest-8\\.github"
2026-01-18T05:14:40.002340Z  INFO scan_sources: tailwindcss_oxide::scanner: Discovering "C:\\Users\\admin\\premium-invest-8\\.github\\CONTRIBUTING.md"
2026-01-18T05:14:40.002443Z  INFO scan_sources: tailwindcss_oxide::scanner: Discovering "C:\\Users\\admin\\premium-invest-8\\.npmrc"
2026-01-18T05:14:40.002484Z  INFO scan_sources: tailwindcss_oxide::scanner: Discovering "C:\\Users\\admin\\premium-invest-8\\.safety-backups"
2026-01-18T05:14:40.002558Z  INFO scan_sources: tailwindcss_oxide::scanner: Discovering "C:\\Users\\admin\\premium-invest-8\\.safety-backups\\chat"
2026-01-18T05:14:40.002630Z  INFO scan_sources: tailwindcss_oxide::scanner: Discovering "C:\\Users\\admin\\premium-invest-8\\.safety-backups\\chat\\20251230-214526"
2026-01-18T05:14:40.002706Z  INFO scan_sources: tailwindcss_oxide::scanner: Discovering "C:\\Users\\admin\\premium-invest-8\\.safety-backups\\chat\\20251230-214526\\app"
2026-01-18T05:14:40.002776Z  INFO scan_sources: tailwindcss_oxide::scanner: Discovering "C:\\Users\\admin\\premium-invest-8\\.safety-backups\\chat\\20251230-214526\\app\\api"
2026-01-18T05:14:40.002848Z  INFO scan_sources: tailwindcss_oxide::scanner: Discovering "C:\\Users\\admin\\premium-invest-8\\.safety-backups\\chat\\20251230-214526\\app\\api\\admin"
2026-01-18T05:14:40.002920Z  INFO scan_sources: tailwindcss_oxide::scanner: Discovering "C:\\Users\\admin\\premium-invest-8\\.safety-backups\\chat\\20251230-214526\\app\\api\\admin\\summary"
2026-01-18T05:14:40.002981Z  INFO scan_sources: tailwindcss_oxide::scanner: Discovering "C:\\Users\\admin\\premium-invest-8\\.safety-backups\\chat\\20251230-214526\\app\\api\\admin\\summary\\route.js"
2026-01-18T05:14:40.003055Z  INFO scan_sources: tailwindcss_oxide::scanner: Discovering "C:\\Users\\admin\\premium-invest-8\\.safety-backups\\chat\\20251230-214526\\app\\api\\events"
2026-01-18T05:14:40.003115Z  INFO scan_sources: tailwindcss_oxide::scanner: Discovering "C:\\Users\\admin\\premium-invest-8\\.safety-backups\\chat\\20251230-214526\\app\\api\\events\\route.js"
2026-01-18T05:14:40.003158Z  INFO scan_sources: tailwindcss_oxide::scanner: Discovering "C:\\Users\\admin\\premium-invest-8\\.safety-backups\\chat\\20251230-214526\\app\\api\\health"
2026-01-18T05:14:40.003214Z  INFO scan_sources: tailwindcss_oxide::scanner: Discovering "C:\\Users\\admin\\premium-invest-8\\.safety-backups\\chat\\20251230-214526\\app\\api\\health\\route.js"
2026-01-18T05:14:40.003272Z  INFO scan_sources: tailwindcss_oxide::scanner: Discovering "C:\\Users\\admin\\premium-invest-8\\.safety-backups\\chat\\20251230-214526\\components"
2026-01-18T05:14:40.003330Z  INFO scan_sources: tailwindcss_oxide::scanner: Discovering "C:\\Users\\admin\\premium-invest-8\\.safety-backups\\chat\\20251230-214526\\components\\AIChatFloat.jsx"
2026-01-18T05:14:40.003354Z  INFO scan_sources: tailwindcss_oxide::scanner: Discovering "C:\\Users\\admin\\premium-invest-8\\.safety-backups\\chat\\20251230-214526\\components\\AIChatFloat.module.css"
2026-01-18T05:14:40.003379Z  INFO scan_sources: tailwindcss_oxide::scanner: Discovering "C:\\Users\\admin\\premium-invest-8\\.safety-backups\\chat\\20251230-214526\\components\\ChatErrorBoundary.jsx"
2026-01-18T05:14:40.003402Z  INFO scan_sources: tailwindcss_oxide::scanner: Discovering "C:\\Users\\admin\\premium-invest-8\\.safety-backups\\chat\\20251230-214526\\components\\WhatsAppFloat.jsx"
2026-01-18T05:14:40.003432Z  INFO scan_sources: tailwindcss_oxide::scanner: Discovering "C:\\Users\\admin\\premium-invest-8\\.safety-backups\\chat\\20251230-214526\\meta.json"
2026-01-18T05:14:40.003490Z  INFO scan_sources: tailwindcss_oxide::scanner: Discovering "C:\\Users\\admin\\premium-invest-8\\.swc"
2026-01-18T05:14:40.003560Z  INFO scan_sources: tailwindcss_oxide::scanner: Discovering "C:\\Users\\admin\\premium-invest-8\\.swc\\plugins"
2026-01-18T05:14:40.003631Z  INFO scan_sources: tailwindcss_oxide::scanner: Discovering "C:\\Users\\admin\\premium-invest-8\\.swc\\plugins\\v7_windows_x86_64_4.0.0"
2026-01-18T05:14:40.003707Z  INFO scan_sources: tailwindcss_oxide::scanner: Discovering "C:\\Users\\admin\\premium-invest-8\\.tmp_archive.json"
2026-01-18T05:14:40.003730Z  INFO scan_sources: tailwindcss_oxide::scanner: Discovering "C:\\Users\\admin\\premium-invest-8\\.tmp_archive2.json"
2026-01-18T05:14:40.003753Z  INFO scan_sources: tailwindcss_oxide::scanner: Discovering "C:\\Users\\admin\\premium-invest-8\\.tmp_blackdetect.txt"
2026-01-18T05:14:40.003775Z  INFO scan_sources: tailwindcss_oxide::scanner: Discovering "C:\\Users\\admin\\premium-invest-8\\.tmp_blackdetect_final5s.txt"
2026-01-18T05:14:40.003798Z  INFO scan_sources: tailwindcss_oxide::scanner: Discovering "C:\\Users\\admin\\premium-invest-8\\.tmp_blackdetect_out.txt"
2026-01-18T05:14:40.003820Z  INFO scan_sources: tailwindcss_oxide::scanner: Discovering "C:\\Users\\admin\\premium-invest-8\\.tmp_build_out.txt"
2026-01-18T05:14:40.003842Z  INFO scan_sources: tailwindcss_oxide::scanner: Discovering "C:\\Users\\admin\\premium-invest-8\\.tmp_build_out2.txt"
2026-01-18T05:14:40.003863Z  INFO scan_sources: tailwindcss_oxide::scanner: Discovering "C:\\Users\\admin\\premium-invest-8\\.tmp_build_out3.txt"
2026-01-18T05:14:40.003884Z  INFO scan_sources: tailwindcss_oxide::scanner: Discovering "C:\\Users\\admin\\premium-invest-8\\.tmp_dur.txt"
2026-01-18T05:14:40.003905Z  INFO scan_sources: tailwindcss_oxide::scanner: Discovering "C:\\Users\\admin\\premium-invest-8\\.tmp_stash_report.txt"
2026-01-18T05:14:40.003926Z  INFO scan_sources: tailwindcss_oxide::scanner: Discovering "C:\\Users\\admin\\premium-invest-8\\.tmp_status.txt"
2026-01-18T05:14:40.003956Z  INFO scan_sources: tailwindcss_oxide::scanner: Discovering "C:\\Users\\admin\\premium-invest-8\\.tmp_webm_dur.txt"
2026-01-18T05:14:40.003995Z  INFO scan_sources: tailwindcss_oxide::scanner: Discovering "C:\\Users\\admin\\premium-invest-8\\.tools"
2026-01-18T05:14:40.004068Z  INFO scan_sources: tailwindcss_oxide::scanner: Discovering "C:\\Users\\admin\\premium-invest-8\\.tools\\ffmpeg"
2026-01-18T05:14:40.004139Z  INFO scan_sources: tailwindcss_oxide::scanner: Discovering "C:\\Users\\admin\\premium-invest-8\\.tools\\ffmpeg\\bin"
2026-01-18T05:14:40.004228Z  INFO scan_sources: tailwindcss_oxide::scanner: Discovering "C:\\Users\\admin\\premium-invest-8\\.tools\\ffmpeg_extract"
2026-01-18T05:14:40.004352Z  INFO scan_sources: tailwindcss_oxide::scanner: Discovering "C:\\Users\\admin\\premium-invest-8\\.tools\\ffmpeg_setup_err.txt"
2026-01-18T05:14:40.004374Z  INFO scan_sources: tailwindcss_oxide::scanner: Discovering "C:\\Users\\admin\\premium-invest-8\\.tools\\ffmpeg_setup_out.txt"
2026-01-18T05:14:40.004488Z  INFO scan_sources: tailwindcss_oxide::scanner: Discovering "C:\\Users\\admin\\premium-invest-8\\.vscode"
2026-01-18T05:14:40.004546Z  INFO scan_sources: tailwindcss_oxide::scanner: Discovering "C:\\Users\\admin\\premium-invest-8\\.vscode\\launch.json"
2026-01-18T05:14:40.004570Z  INFO scan_sources: tailwindcss_oxide::scanner: Discovering "C:\\Users\\admin\\premium-invest-8\\.vscode\\settings.json"
2026-01-18T05:14:40.004592Z  INFO scan_sources: tailwindcss_oxide::scanner: Discovering "C:\\Users\\admin\\premium-invest-8\\.vscode\\tasks.json"
2026-01-18T05:14:40.004678Z  INFO scan_sources: tailwindcss_oxide::scanner: Discovering "C:\\Users\\admin\\premium-invest-8\\AI_DESIGN_RULES.md"
2026-01-18T05:14:40.004715Z  INFO scan_sources: tailwindcss_oxide::scanner: Discovering "C:\\Users\\admin\\premium-invest-8\\app"
2026-01-18T05:14:40.004795Z  INFO scan_sources: tailwindcss_oxide::scanner: Discovering "C:\\Users\\admin\\premium-invest-8\\app\\(public)"
2026-01-18T05:14:40.004868Z  INFO scan_sources: tailwindcss_oxide::scanner: Discovering "C:\\Users\\admin\\premium-invest-8\\app\\(public)\\archive"
2026-01-18T05:14:40.004924Z  INFO scan_sources: tailwindcss_oxide::scanner: Discovering "C:\\Users\\admin\\premium-invest-8\\app\\(public)\\archive\\layout.js"
2026-01-18T05:14:40.004948Z  INFO scan_sources: tailwindcss_oxide::scanner: Discovering "C:\\Users\\admin\\premium-invest-8\\app\\(public)\\archive\\page.jsx"
2026-01-18T05:14:40.004990Z  INFO scan_sources: tailwindcss_oxide::scanner: Discovering "C:\\Users\\admin\\premium-invest-8\\app\\(public)\\blueprint"
2026-01-18T05:14:40.005046Z  INFO scan_sources: tailwindcss_oxide::scanner: Discovering "C:\\Users\\admin\\premium-invest-8\\app\\(public)\\blueprint\\page.jsx"
2026-01-18T05:14:40.005076Z  INFO scan_sources: tailwindcss_oxide::scanner: Discovering "C:\\Users\\admin\\premium-invest-8\\app\\(public)\\layout.js"
2026-01-18T05:14:40.005114Z  INFO scan_sources: tailwindcss_oxide::scanner: Discovering "C:\\Users\\admin\\premium-invest-8\\app\\(public)\\live-intelligence-hero"
2026-01-18T05:14:40.005185Z  INFO scan_sources: tailwindcss_oxide::scanner: Discovering "C:\\Users\\admin\\premium-invest-8\\app\\(public)\\live-intelligence-hero\\components"
2026-01-18T05:14:40.005241Z  INFO scan_sources: tailwindcss_oxide::scanner: Discovering "C:\\Users\\admin\\premium-invest-8\\app\\(public)\\live-intelligence-hero\\components\\CategoryFilter.jsx"
2026-01-18T05:14:40.005277Z  INFO scan_sources: tailwindcss_oxide::scanner: Discovering "C:\\Users\\admin\\premium-invest-8\\app\\(public)\\page.jsx"
2026-01-18T05:14:40.005320Z  INFO scan_sources: tailwindcss_oxide::scanner: Discovering "C:\\Users\\admin\\premium-invest-8\\app\\about"
2026-01-18T05:14:40.005374Z  INFO scan_sources: tailwindcss_oxide::scanner: Discovering "C:\\Users\\admin\\premium-invest-8\\app\\about\\layout.js"
2026-01-18T05:14:40.005396Z  INFO scan_sources: tailwindcss_oxide::scanner: Discovering "C:\\Users\\admin\\premium-invest-8\\app\\about\\page.jsx"
2026-01-18T05:14:40.005438Z  INFO scan_sources: tailwindcss_oxide::scanner: Discovering "C:\\Users\\admin\\premium-invest-8\\app\\about-us"
2026-01-18T05:14:40.005495Z  INFO scan_sources: tailwindcss_oxide::scanner: Discovering "C:\\Users\\admin\\premium-invest-8\\app\\about-us\\layout.js"
2026-01-18T05:14:40.005517Z  INFO scan_sources: tailwindcss_oxide::scanner: Discovering "C:\\Users\\admin\\premium-invest-8\\app\\about-us\\page.jsx"
2026-01-18T05:14:40.005560Z  INFO scan_sources: tailwindcss_oxide::scanner: Discovering "C:\\Users\\admin\\premium-invest-8\\app\\admin-secret-akash"
2026-01-18T05:14:40.005615Z  INFO scan_sources: tailwindcss_oxide::scanner: Discovering "C:\\Users\\admin\\premium-invest-8\\app\\admin-secret-akash\\admin.css"
2026-01-18T05:14:40.005637Z  INFO scan_sources: tailwindcss_oxide::scanner: Discovering "C:\\Users\\admin\\premium-invest-8\\app\\admin-secret-akash\\error.js"
2026-01-18T05:14:40.005659Z  INFO scan_sources: tailwindcss_oxide::scanner: Discovering "C:\\Users\\admin\\premium-invest-8\\app\\admin-secret-akash\\page.jsx"
2026-01-18T05:14:40.005701Z  INFO scan_sources: tailwindcss_oxide::scanner: Discovering "C:\\Users\\admin\\premium-invest-8\\app\\admin-secret-xyz"
2026-01-18T05:14:40.005755Z  INFO scan_sources: tailwindcss_oxide::scanner: Discovering "C:\\Users\\admin\\premium-invest-8\\app\\admin-secret-xyz\\page.jsx"
2026-01-18T05:14:40.005798Z  INFO scan_sources: tailwindcss_oxide::scanner: Discovering "C:\\Users\\admin\\premium-invest-8\\app\\api"
2026-01-18T05:14:40.005871Z  INFO scan_sources: tailwindcss_oxide::scanner: Discovering "C:\\Users\\admin\\premium-invest-8\\app\\api\\admin"
2026-01-18T05:14:40.005944Z  INFO scan_sources: tailwindcss_oxide::scanner: Discovering "C:\\Users\\admin\\premium-invest-8\\app\\api\\admin\\affiliate-convert"
2026-01-18T05:14:40.006000Z  INFO scan_sources: tailwindcss_oxide::scanner: Discovering "C:\\Users\\admin\\premium-invest-8\\app\\api\\admin\\affiliate-convert\\route.js"
2026-01-18T05:14:40.006041Z  INFO scan_sources: tailwindcss_oxide::scanner: Discovering "C:\\Users\\admin\\premium-invest-8\\app\\api\\admin\\affiliate-fail"
2026-01-18T05:14:40.006097Z  INFO scan_sources: tailwindcss_oxide::scanner: Discovering "C:\\Users\\admin\\premium-invest-8\\app\\api\\admin\\affiliate-fail\\route.js"
2026-01-18T05:14:40.006138Z  INFO scan_sources: tailwindcss_oxide::scanner: Discovering "C:\\Users\\admin\\premium-invest-8\\app\\api\\admin\\affiliate-stats"
2026-01-18T05:14:40.006192Z  INFO scan_sources: tailwindcss_oxide::scanner: Discovering "C:\\Users\\admin\\premium-invest-8\\app\\api\\admin\\affiliate-stats\\route.js"
2026-01-18T05:14:40.006233Z  INFO scan_sources: tailwindcss_oxide::scanner: Discovering "C:\\Users\\admin\\premium-invest-8\\app\\api\\admin\\affiliate-update"
2026-01-18T05:14:40.006288Z  INFO scan_sources: tailwindcss_oxide::scanner: Discovering "C:\\Users\\admin\\premium-invest-8\\app\\api\\admin\\affiliate-update\\route.js"
2026-01-18T05:14:40.006330Z  INFO scan_sources: tailwindcss_oxide::scanner: Discovering "C:\\Users\\admin\\premium-invest-8\\app\\api\\admin\\aio-tracker"
2026-01-18T05:14:40.006384Z  INFO scan_sources: tailwindcss_oxide::scanner: Discovering "C:\\Users\\admin\\premium-invest-8\\app\\api\\admin\\aio-tracker\\route.js"
2026-01-18T05:14:40.006425Z  INFO scan_sources: tailwindcss_oxide::scanner: Discovering "C:\\Users\\admin\\premium-invest-8\\app\\api\\admin\\analytics"
2026-01-18T05:14:40.006479Z  INFO scan_sources: tailwindcss_oxide::scanner: Discovering "C:\\Users\\admin\\premium-invest-8\\app\\api\\admin\\analytics\\route.js"
2026-01-18T05:14:40.006521Z  INFO scan_sources: tailwindcss_oxide::scanner: Discovering "C:\\Users\\admin\\premium-invest-8\\app\\api\\admin\\daily-metrics"
2026-01-18T05:14:40.006576Z  INFO scan_sources: tailwindcss_oxide::scanner: Discovering "C:\\Users\\admin\\premium-invest-8\\app\\api\\admin\\daily-metrics\\route.js"
2026-01-18T05:14:40.006617Z  INFO scan_sources: tailwindcss_oxide::scanner: Discovering "C:\\Users\\admin\\premium-invest-8\\app\\api\\admin\\deliverables"
2026-01-18T05:14:40.006686Z  INFO scan_sources: tailwindcss_oxide::scanner: Discovering "C:\\Users\\admin\\premium-invest-8\\app\\api\\admin\\deliverables\\email"
2026-01-18T05:14:40.006756Z  INFO scan_sources: tailwindcss_oxide::scanner: Discovering "C:\\Users\\admin\\premium-invest-8\\app\\api\\admin\\deliverables\\email\\route.js"
2026-01-18T05:14:40.006800Z  INFO scan_sources: tailwindcss_oxide::scanner: Discovering "C:\\Users\\admin\\premium-invest-8\\app\\api\\admin\\deliverables\\pdf"
2026-01-18T05:14:40.006855Z  INFO scan_sources: tailwindcss_oxide::scanner: Discovering "C:\\Users\\admin\\premium-invest-8\\app\\api\\admin\\deliverables\\pdf\\route.js"
2026-01-18T05:14:40.006896Z  INFO scan_sources: tailwindcss_oxide::scanner: Discovering "C:\\Users\\admin\\premium-invest-8\\app\\api\\admin\\deliverables\\preview"
2026-01-18T05:14:40.006965Z  INFO scan_sources: tailwindcss_oxide::scanner: Discovering "C:\\Users\\admin\\premium-invest-8\\app\\api\\admin\\deliverables\\preview\\email"
2026-01-18T05:14:40.007022Z  INFO scan_sources: tailwindcss_oxide::scanner: Discovering "C:\\Users\\admin\\premium-invest-8\\app\\api\\admin\\deliverables\\preview\\email\\route.js"
2026-01-18T05:14:40.007065Z  INFO scan_sources: tailwindcss_oxide::scanner: Discovering "C:\\Users\\admin\\premium-invest-8\\app\\api\\admin\\deliverables\\preview\\pdf"
2026-01-18T05:14:40.007120Z  INFO scan_sources: tailwindcss_oxide::scanner: Discovering "C:\\Users\\admin\\premium-invest-8\\app\\api\\admin\\deliverables\\preview\\pdf\\route.js"
2026-01-18T05:14:40.007159Z  INFO scan_sources: tailwindcss_oxide::scanner: Discovering "C:\\Users\\admin\\premium-invest-8\\app\\api\\admin\\deliverables\\route.js"
2026-01-18T05:14:40.007201Z  INFO scan_sources: tailwindcss_oxide::scanner: Discovering "C:\\Users\\admin\\premium-invest-8\\app\\api\\admin\\email-preferences"
2026-01-18T05:14:40.007256Z  INFO scan_sources: tailwindcss_oxide::scanner: Discovering "C:\\Users\\admin\\premium-invest-8\\app\\api\\admin\\email-preferences\\route.js"
2026-01-18T05:14:40.007298Z  INFO scan_sources: tailwindcss_oxide::scanner: Discovering "C:\\Users\\admin\\premium-invest-8\\app\\api\\admin\\export"
2026-01-18T05:14:40.007354Z  INFO scan_sources: tailwindcss_oxide::scanner: Discovering "C:\\Users\\admin\\premium-invest-8\\app\\api\\admin\\export\\route.js"
2026-01-18T05:14:40.007396Z  INFO scan_sources: tailwindcss_oxide::scanner: Discovering "C:\\Users\\admin\\premium-invest-8\\app\\api\\admin\\family"
2026-01-18T05:14:40.007463Z  INFO scan_sources: tailwindcss_oxide::scanner: Discovering "C:\\Users\\admin\\premium-invest-8\\app\\api\\admin\\family\\login"
2026-01-18T05:14:40.007517Z  INFO scan_sources: tailwindcss_oxide::scanner: Discovering "C:\\Users\\admin\\premium-invest-8\\app\\api\\admin\\family\\login\\route.js"
2026-01-18T05:14:40.007558Z  INFO scan_sources: tailwindcss_oxide::scanner: Discovering "C:\\Users\\admin\\premium-invest-8\\app\\api\\admin\\family\\logout"
2026-01-18T05:14:40.007612Z  INFO scan_sources: tailwindcss_oxide::scanner: Discovering "C:\\Users\\admin\\premium-invest-8\\app\\api\\admin\\family\\logout\\route.js"
2026-01-18T05:14:40.007660Z  INFO scan_sources: tailwindcss_oxide::scanner: Discovering "C:\\Users\\admin\\premium-invest-8\\app\\api\\admin\\family-stats"
2026-01-18T05:14:40.007714Z  INFO scan_sources: tailwindcss_oxide::scanner: Discovering "C:\\Users\\admin\\premium-invest-8\\app\\api\\admin\\family-stats\\route.js"
2026-01-18T05:14:40.007756Z  INFO scan_sources: tailwindcss_oxide::scanner: Discovering "C:\\Users\\admin\\premium-invest-8\\app\\api\\admin\\headlines"
2026-01-18T05:14:40.007810Z  INFO scan_sources: tailwindcss_oxide::scanner: Discovering "C:\\Users\\admin\\premium-invest-8\\app\\api\\admin\\headlines\\route.js"
2026-01-18T05:14:40.007851Z  INFO scan_sources: tailwindcss_oxide::scanner: Discovering "C:\\Users\\admin\\premium-invest-8\\app\\api\\admin\\leads"
2026-01-18T05:14:40.007904Z  INFO scan_sources: tailwindcss_oxide::scanner: Discovering "C:\\Users\\admin\\premium-invest-8\\app\\api\\admin\\leads\\route.js"
2026-01-18T05:14:40.007946Z  INFO scan_sources: tailwindcss_oxide::scanner: Discovering "C:\\Users\\admin\\premium-invest-8\\app\\api\\admin\\live-intelligence"
2026-01-18T05:14:40.008014Z  INFO scan_sources: tailwindcss_oxide::scanner: Discovering "C:\\Users\\admin\\premium-invest-8\\app\\api\\admin\\live-intelligence\\route.js"
2026-01-18T05:14:40.008056Z  INFO scan_sources: tailwindcss_oxide::scanner: Discovering "C:\\Users\\admin\\premium-invest-8\\app\\api\\admin\\login"
2026-01-18T05:14:40.008110Z  INFO scan_sources: tailwindcss_oxide::scanner: Discovering "C:\\Users\\admin\\premium-invest-8\\app\\api\\admin\\login\\route.js"
2026-01-18T05:14:40.008151Z  INFO scan_sources: tailwindcss_oxide::scanner: Discovering "C:\\Users\\admin\\premium-invest-8\\app\\api\\admin\\logout"
2026-01-18T05:14:40.008206Z  INFO scan_sources: tailwindcss_oxide::scanner: Discovering "C:\\Users\\admin\\premium-invest-8\\app\\api\\admin\\logout\\route.js"
2026-01-18T05:14:40.008249Z  INFO scan_sources: tailwindcss_oxide::scanner: Discovering "C:\\Users\\admin\\premium-invest-8\\app\\api\\admin\\revenue"
2026-01-18T05:14:40.008303Z  INFO scan_sources: tailwindcss_oxide::scanner: Discovering "C:\\Users\\admin\\premium-invest-8\\app\\api\\admin\\revenue\\route.js"
2026-01-18T05:14:40.008345Z  INFO scan_sources: tailwindcss_oxide::scanner: Discovering "C:\\Users\\admin\\premium-invest-8\\app\\api\\admin\\strategy"
2026-01-18T05:14:40.008398Z  INFO scan_sources: tailwindcss_oxide::scanner: Discovering "C:\\Users\\admin\\premium-invest-8\\app\\api\\admin\\strategy\\route.js"
2026-01-18T05:14:40.008440Z  INFO scan_sources: tailwindcss_oxide::scanner: Discovering "C:\\Users\\admin\\premium-invest-8\\app\\api\\admin\\summary"
2026-01-18T05:14:40.008495Z  INFO scan_sources: tailwindcss_oxide::scanner: Discovering "C:\\Users\\admin\\premium-invest-8\\app\\api\\admin\\summary\\route.js"
2026-01-18T05:14:40.008538Z  INFO scan_sources: tailwindcss_oxide::scanner: Discovering "C:\\Users\\admin\\premium-invest-8\\app\\api\\admin\\test-email"
2026-01-18T05:14:40.008592Z  INFO scan_sources: tailwindcss_oxide::scanner: Discovering "C:\\Users\\admin\\premium-invest-8\\app\\api\\admin\\test-email\\route.js"
2026-01-18T05:14:40.008634Z  INFO scan_sources: tailwindcss_oxide::scanner: Discovering "C:\\Users\\admin\\premium-invest-8\\app\\api\\admin\\test-property-vs-sip-emails"
2026-01-18T05:14:40.008689Z  INFO scan_sources: tailwindcss_oxide::scanner: Discovering "C:\\Users\\admin\\premium-invest-8\\app\\api\\admin\\test-property-vs-sip-emails\\route.js"
2026-01-18T05:14:40.008731Z  INFO scan_sources: tailwindcss_oxide::scanner: Discovering "C:\\Users\\admin\\premium-invest-8\\app\\api\\admin\\verify"
2026-01-18T05:14:40.008785Z  INFO scan_sources: tailwindcss_oxide::scanner: Discovering "C:\\Users\\admin\\premium-invest-8\\app\\api\\admin\\verify\\route.js"
2026-01-18T05:14:40.008834Z  INFO scan_sources: tailwindcss_oxide::scanner: Discovering "C:\\Users\\admin\\premium-invest-8\\app\\api\\affiliate"
2026-01-18T05:14:40.008901Z  INFO scan_sources: tailwindcss_oxide::scanner: Discovering "C:\\Users\\admin\\premium-invest-8\\app\\api\\affiliate\\click"
2026-01-18T05:14:40.008955Z  INFO scan_sources: tailwindcss_oxide::scanner: Discovering "C:\\Users\\admin\\premium-invest-8\\app\\api\\affiliate\\click\\route.js"
2026-01-18T05:14:40.009004Z  INFO scan_sources: tailwindcss_oxide::scanner: Discovering "C:\\Users\\admin\\premium-invest-8\\app\\api\\ai"
2026-01-18T05:14:40.009070Z  INFO scan_sources: tailwindcss_oxide::scanner: Discovering "C:\\Users\\admin\\premium-invest-8\\app\\api\\ai\\generate-summary"
2026-01-18T05:14:40.009125Z  INFO scan_sources: tailwindcss_oxide::scanner: Discovering "C:\\Users\\admin\\premium-invest-8\\app\\api\\ai\\generate-summary\\route.js"
2026-01-18T05:14:40.009172Z  INFO scan_sources: tailwindcss_oxide::scanner: Discovering "C:\\Users\\admin\\premium-invest-8\\app\\api\\analytics"
2026-01-18T05:14:40.009240Z  INFO scan_sources: tailwindcss_oxide::scanner: Discovering "C:\\Users\\admin\\premium-invest-8\\app\\api\\analytics\\live-intelligence"
2026-01-18T05:14:40.009295Z  INFO scan_sources: tailwindcss_oxide::scanner: Discovering "C:\\Users\\admin\\premium-invest-8\\app\\api\\analytics\\live-intelligence\\route.js"
2026-01-18T05:14:40.009344Z  INFO scan_sources: tailwindcss_oxide::scanner: Discovering "C:\\Users\\admin\\premium-invest-8\\app\\api\\blog"
2026-01-18T05:14:40.009399Z  INFO scan_sources: tailwindcss_oxide::scanner: Discovering "C:\\Users\\admin\\premium-invest-8\\app\\api\\blog\\route.js"
2026-01-18T05:14:40.009441Z  INFO scan_sources: tailwindcss_oxide::scanner: Discovering "C:\\Users\\admin\\premium-invest-8\\app\\api\\bmwealth"
2026-01-18T05:14:40.009496Z  INFO scan_sources: tailwindcss_oxide::scanner: Discovering "C:\\Users\\admin\\premium-invest-8\\app\\api\\bmwealth\\route.js"
2026-01-18T05:14:40.009537Z  INFO scan_sources: tailwindcss_oxide::scanner: Discovering "C:\\Users\\admin\\premium-invest-8\\app\\api\\breaking-news"
2026-01-18T05:14:40.009592Z  INFO scan_sources: tailwindcss_oxide::scanner: Discovering "C:\\Users\\admin\\premium-invest-8\\app\\api\\breaking-news\\route.js"
2026-01-18T05:14:40.009633Z  INFO scan_sources: tailwindcss_oxide::scanner: Discovering "C:\\Users\\admin\\premium-invest-8\\app\\api\\chat"
2026-01-18T05:14:40.009687Z  INFO scan_sources: tailwindcss_oxide::scanner: Discovering "C:\\Users\\admin\\premium-invest-8\\app\\api\\chat\\route.js"
2026-01-18T05:14:40.009728Z  INFO scan_sources: tailwindcss_oxide::scanner: Discovering "C:\\Users\\admin\\premium-invest-8\\app\\api\\contact"
2026-01-18T05:14:40.009782Z  INFO scan_sources: tailwindcss_oxide::scanner: Discovering "C:\\Users\\admin\\premium-invest-8\\app\\api\\contact\\route.js"
2026-01-18T05:14:40.009824Z  INFO scan_sources: tailwindcss_oxide::scanner: Discovering "C:\\Users\\admin\\premium-invest-8\\app\\api\\cron"
2026-01-18T05:14:40.009895Z  INFO scan_sources: tailwindcss_oxide::scanner: Discovering "C:\\Users\\admin\\premium-invest-8\\app\\api\\cron\\check-expiry"
2026-01-18T05:14:40.009950Z  INFO scan_sources: tailwindcss_oxide::scanner: Discovering "C:\\Users\\admin\\premium-invest-8\\app\\api\\cron\\check-expiry\\route.js"
2026-01-18T05:14:40.009991Z  INFO scan_sources: tailwindcss_oxide::scanner: Discovering "C:\\Users\\admin\\premium-invest-8\\app\\api\\cron\\daily-summary"
2026-01-18T05:14:40.010045Z  INFO scan_sources: tailwindcss_oxide::scanner: Discovering "C:\\Users\\admin\\premium-invest-8\\app\\api\\cron\\daily-summary\\route.js"
2026-01-18T05:14:40.010090Z  INFO scan_sources: tailwindcss_oxide::scanner: Discovering "C:\\Users\\admin\\premium-invest-8\\app\\api\\cron\\headlines"
2026-01-18T05:14:40.010149Z  INFO scan_sources: tailwindcss_oxide::scanner: Discovering "C:\\Users\\admin\\premium-invest-8\\app\\api\\cron\\headlines\\route.js"
2026-01-18T05:14:40.010192Z  INFO scan_sources: tailwindcss_oxide::scanner: Discovering "C:\\Users\\admin\\premium-invest-8\\app\\api\\cron\\weekly-summary"
2026-01-18T05:14:40.010247Z  INFO scan_sources: tailwindcss_oxide::scanner: Discovering "C:\\Users\\admin\\premium-invest-8\\app\\api\\cron\\weekly-summary\\route.js"
2026-01-18T05:14:40.010287Z  INFO scan_sources: tailwindcss_oxide::scanner: Discovering "C:\\Users\\admin\\premium-invest-8\\app\\api\\cron\\whatsapp-followups"
2026-01-18T05:14:40.010342Z  INFO scan_sources: tailwindcss_oxide::scanner: Discovering "C:\\Users\\admin\\premium-invest-8\\app\\api\\cron\\whatsapp-followups\\route.js"
2026-01-18T05:14:40.010389Z  INFO scan_sources: tailwindcss_oxide::scanner: Discovering "C:\\Users\\admin\\premium-invest-8\\app\\api\\email"
2026-01-18T05:14:40.010455Z  INFO scan_sources: tailwindcss_oxide::scanner: Discovering "C:\\Users\\admin\\premium-invest-8\\app\\api\\email\\click"
2026-01-18T05:14:40.010509Z  INFO scan_sources: tailwindcss_oxide::scanner: Discovering "C:\\Users\\admin\\premium-invest-8\\app\\api\\email\\click\\route.js"
2026-01-18T05:14:40.010550Z  INFO scan_sources: tailwindcss_oxide::scanner: Discovering "C:\\Users\\admin\\premium-invest-8\\app\\api\\email\\open"
2026-01-18T05:14:40.010603Z  INFO scan_sources: tailwindcss_oxide::scanner: Discovering "C:\\Users\\admin\\premium-invest-8\\app\\api\\email\\open\\route.js"
2026-01-18T05:14:40.010654Z  INFO scan_sources: tailwindcss_oxide::scanner: Discovering "C:\\Users\\admin\\premium-invest-8\\app\\api\\events"
2026-01-18T05:14:40.010707Z  INFO scan_sources: tailwindcss_oxide::scanner: Discovering "C:\\Users\\admin\\premium-invest-8\\app\\api\\events\\route.js"
2026-01-18T05:14:40.010747Z  INFO scan_sources: tailwindcss_oxide::scanner: Discovering "C:\\Users\\admin\\premium-invest-8\\app\\api\\generate-pdf"
2026-01-18T05:14:40.010802Z  INFO scan_sources: tailwindcss_oxide::scanner: Discovering "C:\\Users\\admin\\premium-invest-8\\app\\api\\generate-pdf\\route.ts"
2026-01-18T05:14:40.010843Z  INFO scan_sources: tailwindcss_oxide::scanner: Discovering "C:\\Users\\admin\\premium-invest-8\\app\\api\\health"
2026-01-18T05:14:40.011014Z  INFO scan_sources: tailwindcss_oxide::scanner: Discovering "C:\\Users\\admin\\premium-invest-8\\app\\api\\health\\route.js"
2026-01-18T05:14:40.011075Z  INFO scan_sources: tailwindcss_oxide::scanner: Discovering "C:\\Users\\admin\\premium-invest-8\\app\\api\\leads"
2026-01-18T05:14:40.011158Z  INFO scan_sources: tailwindcss_oxide::scanner: Discovering "C:\\Users\\admin\\premium-invest-8\\app\\api\\leads\\capture"
2026-01-18T05:14:40.011221Z  INFO scan_sources: tailwindcss_oxide::scanner: Discovering "C:\\Users\\admin\\premium-invest-8\\app\\api\\leads\\capture\\route.js"
2026-01-18T05:14:40.011251Z  INFO scan_sources: tailwindcss_oxide::scanner: Discovering "C:\\Users\\admin\\premium-invest-8\\app\\api\\leads\\route.js"
2026-01-18T05:14:40.011296Z  INFO scan_sources: tailwindcss_oxide::scanner: Discovering "C:\\Users\\admin\\premium-invest-8\\app\\api\\live-intelligence"
2026-01-18T05:14:40.011371Z  INFO scan_sources: tailwindcss_oxide::scanner: Discovering "C:\\Users\\admin\\premium-invest-8\\app\\api\\live-intelligence\\archive"
2026-01-18T05:14:40.011431Z  INFO scan_sources: tailwindcss_oxide::scanner: Discovering "C:\\Users\\admin\\premium-invest-8\\app\\api\\live-intelligence\\archive\\route.js"
2026-01-18T05:14:40.011474Z  INFO scan_sources: tailwindcss_oxide::scanner: Discovering "C:\\Users\\admin\\premium-invest-8\\app\\api\\live-intelligence\\explain"
2026-01-18T05:14:40.011532Z  INFO scan_sources: tailwindcss_oxide::scanner: Discovering "C:\\Users\\admin\\premium-invest-8\\app\\api\\live-intelligence\\explain\\route.js"
2026-01-18T05:14:40.011576Z  INFO scan_sources: tailwindcss_oxide::scanner: Discovering "C:\\Users\\admin\\premium-invest-8\\app\\api\\live-intelligence\\feed"
2026-01-18T05:14:40.011637Z  INFO scan_sources: tailwindcss_oxide::scanner: Discovering "C:\\Users\\admin\\premium-invest-8\\app\\api\\live-intelligence\\feed\\# Live Intelligence Overlay Fixes.prompt.md"
2026-01-18T05:14:40.011661Z  INFO scan_sources: tailwindcss_oxide::scanner: Discovering "C:\\Users\\admin\\premium-invest-8\\app\\api\\live-intelligence\\feed\\route.js"
2026-01-18T05:14:40.011704Z  INFO scan_sources: tailwindcss_oxide::scanner: Discovering "C:\\Users\\admin\\premium-invest-8\\app\\api\\live-intelligence\\ingest"
2026-01-18T05:14:40.011760Z  INFO scan_sources: tailwindcss_oxide::scanner: Discovering "C:\\Users\\admin\\premium-invest-8\\app\\api\\live-intelligence\\ingest\\route.js"
2026-01-18T05:14:40.011803Z  INFO scan_sources: tailwindcss_oxide::scanner: Discovering "C:\\Users\\admin\\premium-invest-8\\app\\api\\live-intelligence\\mood"
2026-01-18T05:14:40.011857Z  INFO scan_sources: tailwindcss_oxide::scanner: Discovering "C:\\Users\\admin\\premium-invest-8\\app\\api\\live-intelligence\\mood\\route.js"
2026-01-18T05:14:40.011901Z  INFO scan_sources: tailwindcss_oxide::scanner: Discovering "C:\\Users\\admin\\premium-invest-8\\app\\api\\live-intelligence\\night-summary"
2026-01-18T05:14:40.011957Z  INFO scan_sources: tailwindcss_oxide::scanner: Discovering "C:\\Users\\admin\\premium-invest-8\\app\\api\\live-intelligence\\night-summary\\route.js"
2026-01-18T05:14:40.011999Z  INFO scan_sources: tailwindcss_oxide::scanner: Discovering "C:\\Users\\admin\\premium-invest-8\\app\\api\\live-intelligence\\process"
2026-01-18T05:14:40.012058Z  INFO scan_sources: tailwindcss_oxide::scanner: Discovering "C:\\Users\\admin\\premium-invest-8\\app\\api\\live-intelligence\\process\\route.js"
2026-01-18T05:14:40.012099Z  INFO scan_sources: tailwindcss_oxide::scanner: Discovering "C:\\Users\\admin\\premium-invest-8\\app\\api\\live-intelligence\\status"
2026-01-18T05:14:40.012154Z  INFO scan_sources: tailwindcss_oxide::scanner: Discovering "C:\\Users\\admin\\premium-invest-8\\app\\api\\live-intelligence\\status\\route.js"
2026-01-18T05:14:40.012223Z  INFO scan_sources: tailwindcss_oxide::scanner: Discovering "C:\\Users\\admin\\premium-invest-8\\app\\api\\market-data"
2026-01-18T05:14:40.012299Z  INFO scan_sources: tailwindcss_oxide::scanner: Discovering "C:\\Users\\admin\\premium-invest-8\\app\\api\\market-data\\route.js"
2026-01-18T05:14:40.012345Z  INFO scan_sources: tailwindcss_oxide::scanner: Discovering "C:\\Users\\admin\\premium-invest-8\\app\\api\\newsletter"
2026-01-18T05:14:40.012414Z  INFO scan_sources: tailwindcss_oxide::scanner: Discovering "C:\\Users\\admin\\premium-invest-8\\app\\api\\newsletter\\subscribe"
2026-01-18T05:14:40.012468Z  INFO scan_sources: tailwindcss_oxide::scanner: Discovering "C:\\Users\\admin\\premium-invest-8\\app\\api\\newsletter\\subscribe\\route.js"
2026-01-18T05:14:40.012516Z  INFO scan_sources: tailwindcss_oxide::scanner: Discovering "C:\\Users\\admin\\premium-invest-8\\app\\api\\payments"
2026-01-18T05:14:40.012583Z  INFO scan_sources: tailwindcss_oxide::scanner: Discovering "C:\\Users\\admin\\premium-invest-8\\app\\api\\payments\\cashfree"
2026-01-18T05:14:40.012652Z  INFO scan_sources: tailwindcss_oxide::scanner: Discovering "C:\\Users\\admin\\premium-invest-8\\app\\api\\payments\\cashfree\\create-order"
2026-01-18T05:14:40.012707Z  INFO scan_sources: tailwindcss_oxide::scanner: Discovering "C:\\Users\\admin\\premium-invest-8\\app\\api\\payments\\cashfree\\create-order\\route.js"
2026-01-18T05:14:40.012762Z  INFO scan_sources: tailwindcss_oxide::scanner: Discovering "C:\\Users\\admin\\premium-invest-8\\app\\api\\pdf"
2026-01-18T05:14:40.012829Z  INFO scan_sources: tailwindcss_oxide::scanner: Discovering "C:\\Users\\admin\\premium-invest-8\\app\\api\\pdf\\generate"
2026-01-18T05:14:40.012883Z  INFO scan_sources: tailwindcss_oxide::scanner: Discovering "C:\\Users\\admin\\premium-invest-8\\app\\api\\pdf\\generate\\route.js"
2026-01-18T05:14:40.012924Z  INFO scan_sources: tailwindcss_oxide::scanner: Discovering "C:\\Users\\admin\\premium-invest-8\\app\\api\\pdf\\service"
2026-01-18T05:14:40.012978Z  INFO scan_sources: tailwindcss_oxide::scanner: Discovering "C:\\Users\\admin\\premium-invest-8\\app\\api\\pdf\\service\\route.js"
2026-01-18T05:14:40.013026Z  INFO scan_sources: tailwindcss_oxide::scanner: Discovering "C:\\Users\\admin\\premium-invest-8\\app\\api\\property-vs-sip"
2026-01-18T05:14:40.013095Z  INFO scan_sources: tailwindcss_oxide::scanner: Discovering "C:\\Users\\admin\\premium-invest-8\\app\\api\\property-vs-sip\\email-summary"
2026-01-18T05:14:40.013150Z  INFO scan_sources: tailwindcss_oxide::scanner: Discovering "C:\\Users\\admin\\premium-invest-8\\app\\api\\property-vs-sip\\email-summary\\route.js"
2026-01-18T05:14:40.013199Z  INFO scan_sources: tailwindcss_oxide::scanner: Discovering "C:\\Users\\admin\\premium-invest-8\\app\\api\\razorpay"
2026-01-18T05:14:40.013266Z  INFO scan_sources: tailwindcss_oxide::scanner: Discovering "C:\\Users\\admin\\premium-invest-8\\app\\api\\razorpay\\create-order"
2026-01-18T05:14:40.013320Z  INFO scan_sources: tailwindcss_oxide::scanner: Discovering "C:\\Users\\admin\\premium-invest-8\\app\\api\\razorpay\\create-order\\route.js"
2026-01-18T05:14:40.013361Z  INFO scan_sources: tailwindcss_oxide::scanner: Discovering "C:\\Users\\admin\\premium-invest-8\\app\\api\\razorpay\\verify"
2026-01-18T05:14:40.013415Z  INFO scan_sources: tailwindcss_oxide::scanner: Discovering "C:\\Users\\admin\\premium-invest-8\\app\\api\\razorpay\\verify\\route.js"
2026-01-18T05:14:40.013462Z  INFO scan_sources: tailwindcss_oxide::scanner: Discovering "C:\\Users\\admin\\premium-invest-8\\app\\api\\rss-proxy"
2026-01-18T05:14:40.013518Z  INFO scan_sources: tailwindcss_oxide::scanner: Discovering "C:\\Users\\admin\\premium-invest-8\\app\\api\\rss-proxy\\route.js"
2026-01-18T05:14:40.013561Z  INFO scan_sources: tailwindcss_oxide::scanner: Discovering "C:\\Users\\admin\\premium-invest-8\\app\\api\\tools"
2026-01-18T05:14:40.013627Z  INFO scan_sources: tailwindcss_oxide::scanner: Discovering "C:\\Users\\admin\\premium-invest-8\\app\\api\\tools\\aio"
2026-01-18T05:14:40.013694Z  INFO scan_sources: tailwindcss_oxide::scanner: Discovering "C:\\Users\\admin\\premium-invest-8\\app\\api\\tools\\aio\\email"
2026-01-18T05:14:40.013748Z  INFO scan_sources: tailwindcss_oxide::scanner: Discovering "C:\\Users\\admin\\premium-invest-8\\app\\api\\tools\\aio\\email\\route.js"
2026-01-18T05:14:40.013802Z  INFO scan_sources: tailwindcss_oxide::scanner: Discovering "C:\\Users\\admin\\premium-invest-8\\app\\api\\track"
2026-01-18T05:14:40.013864Z  INFO scan_sources: tailwindcss_oxide::scanner: Discovering "C:\\Users\\admin\\premium-invest-8\\app\\api\\track\\route.js"
2026-01-18T05:14:40.013905Z  INFO scan_sources: tailwindcss_oxide::scanner: Discovering "C:\\Users\\admin\\premium-invest-8\\app\\api\\whatsapp"
2026-01-18T05:14:40.013971Z  INFO scan_sources: tailwindcss_oxide::scanner: Discovering "C:\\Users\\admin\\premium-invest-8\\app\\api\\whatsapp\\opt-in"
2026-01-18T05:14:40.014026Z  INFO scan_sources: tailwindcss_oxide::scanner: Discovering "C:\\Users\\admin\\premium-invest-8\\app\\api\\whatsapp\\opt-in\\route.js"
2026-01-18T05:14:40.014068Z  INFO scan_sources: tailwindcss_oxide::scanner: Discovering "C:\\Users\\admin\\premium-invest-8\\app\\api\\whatsapp\\webhook"
2026-01-18T05:14:40.014122Z  INFO scan_sources: tailwindcss_oxide::scanner: Discovering "C:\\Users\\admin\\premium-invest-8\\app\\api\\whatsapp\\webhook\\route.js"
2026-01-18T05:14:40.014180Z  INFO scan_sources: tailwindcss_oxide::scanner: Discovering "C:\\Users\\admin\\premium-invest-8\\app\\blog"
2026-01-18T05:14:40.014238Z  INFO scan_sources: tailwindcss_oxide::scanner: Discovering "C:\\Users\\admin\\premium-invest-8\\app\\blog\\BlogIndexClient.jsx"
2026-01-18T05:14:40.014260Z  INFO scan_sources: tailwindcss_oxide::scanner: Discovering "C:\\Users\\admin\\premium-invest-8\\app\\blog\\page.js"
2026-01-18T05:14:40.014295Z  INFO scan_sources: tailwindcss_oxide::scanner: Discovering "C:\\Users\\admin\\premium-invest-8\\app\\blog\\[slug]"
2026-01-18T05:14:40.014350Z  INFO scan_sources: tailwindcss_oxide::scanner: Discovering "C:\\Users\\admin\\premium-invest-8\\app\\blog\\[slug]\\BlogDetailClient.jsx"
2026-01-18T05:14:40.014372Z  INFO scan_sources: tailwindcss_oxide::scanner: Discovering "C:\\Users\\admin\\premium-invest-8\\app\\blog\\[slug]\\page.js"
2026-01-18T05:14:40.014419Z  INFO scan_sources: tailwindcss_oxide::scanner: Discovering "C:\\Users\\admin\\premium-invest-8\\app\\careers"
2026-01-18T05:14:40.014472Z  INFO scan_sources: tailwindcss_oxide::scanner: Discovering "C:\\Users\\admin\\premium-invest-8\\app\\careers\\layout.js"
2026-01-18T05:14:40.014494Z  INFO scan_sources: tailwindcss_oxide::scanner: Discovering "C:\\Users\\admin\\premium-invest-8\\app\\careers\\page.jsx"
2026-01-18T05:14:40.014536Z  INFO scan_sources: tailwindcss_oxide::scanner: Discovering "C:\\Users\\admin\\premium-invest-8\\app\\client-portal"
2026-01-18T05:14:40.014589Z  INFO scan_sources: tailwindcss_oxide::scanner: Discovering "C:\\Users\\admin\\premium-invest-8\\app\\client-portal\\page.jsx"
2026-01-18T05:14:40.014635Z  INFO scan_sources: tailwindcss_oxide::scanner: Discovering "C:\\Users\\admin\\premium-invest-8\\app\\compliance"
2026-01-18T05:14:40.014692Z  INFO scan_sources: tailwindcss_oxide::scanner: Discovering "C:\\Users\\admin\\premium-invest-8\\app\\compliance\\layout.js"
2026-01-18T05:14:40.014714Z  INFO scan_sources: tailwindcss_oxide::scanner: Discovering "C:\\Users\\admin\\premium-invest-8\\app\\compliance\\page.jsx"
2026-01-18T05:14:40.014754Z  INFO scan_sources: tailwindcss_oxide::scanner: Discovering "C:\\Users\\admin\\premium-invest-8\\app\\contact"
2026-01-18T05:14:40.014808Z  INFO scan_sources: tailwindcss_oxide::scanner: Discovering "C:\\Users\\admin\\premium-invest-8\\app\\contact\\layout.js"
2026-01-18T05:14:40.014831Z  INFO scan_sources: tailwindcss_oxide::scanner: Discovering "C:\\Users\\admin\\premium-invest-8\\app\\contact\\page.jsx"
2026-01-18T05:14:40.014873Z  INFO scan_sources: tailwindcss_oxide::scanner: Discovering "C:\\Users\\admin\\premium-invest-8\\app\\curated-partners"
2026-01-18T05:14:40.014928Z  INFO scan_sources: tailwindcss_oxide::scanner: Discovering "C:\\Users\\admin\\premium-invest-8\\app\\curated-partners\\layout.js"
2026-01-18T05:14:40.014950Z  INFO scan_sources: tailwindcss_oxide::scanner: Discovering "C:\\Users\\admin\\premium-invest-8\\app\\curated-partners\\page.jsx"
2026-01-18T05:14:40.014992Z  INFO scan_sources: tailwindcss_oxide::scanner: Discovering "C:\\Users\\admin\\premium-invest-8\\app\\dashboard"
2026-01-18T05:14:40.015048Z  INFO scan_sources: tailwindcss_oxide::scanner: Discovering "C:\\Users\\admin\\premium-invest-8\\app\\dashboard\\page.js"
2026-01-18T05:14:40.015089Z  INFO scan_sources: tailwindcss_oxide::scanner: Discovering "C:\\Users\\admin\\premium-invest-8\\app\\disclaimer"
2026-01-18T05:14:40.015143Z  INFO scan_sources: tailwindcss_oxide::scanner: Discovering "C:\\Users\\admin\\premium-invest-8\\app\\disclaimer\\layout.js"
2026-01-18T05:14:40.015165Z  INFO scan_sources: tailwindcss_oxide::scanner: Discovering "C:\\Users\\admin\\premium-invest-8\\app\\disclaimer\\page.jsx"
2026-01-18T05:14:40.015209Z  INFO scan_sources: tailwindcss_oxide::scanner: Discovering "C:\\Users\\admin\\premium-invest-8\\app\\fixed-deposits"
2026-01-18T05:14:40.015262Z  INFO scan_sources: tailwindcss_oxide::scanner: Discovering "C:\\Users\\admin\\premium-invest-8\\app\\fixed-deposits\\layout.js"
2026-01-18T05:14:40.015283Z  INFO scan_sources: tailwindcss_oxide::scanner: Discovering "C:\\Users\\admin\\premium-invest-8\\app\\fixed-deposits\\page.jsx"
2026-01-18T05:14:40.015313Z  INFO scan_sources: tailwindcss_oxide::scanner: Discovering "C:\\Users\\admin\\premium-invest-8\\app\\globals.css"
2026-01-18T05:14:40.015334Z  INFO scan_sources: tailwindcss_oxide::scanner: Discovering "C:\\Users\\admin\\premium-invest-8\\app\\globals_backup.css"
2026-01-18T05:14:40.015357Z  INFO scan_sources: tailwindcss_oxide::scanner: Discovering "C:\\Users\\admin\\premium-invest-8\\app\\globals_backup_pre_shadcn.css"
2026-01-18T05:14:40.015391Z  INFO scan_sources: tailwindcss_oxide::scanner: Discovering "C:\\Users\\admin\\premium-invest-8\\app\\insurance"
2026-01-18T05:14:40.015444Z  INFO scan_sources: tailwindcss_oxide::scanner: Discovering "C:\\Users\\admin\\premium-invest-8\\app\\insurance\\layout.js"
2026-01-18T05:14:40.015466Z  INFO scan_sources: tailwindcss_oxide::scanner: Discovering "C:\\Users\\admin\\premium-invest-8\\app\\insurance\\page.jsx"
2026-01-18T05:14:40.015496Z  INFO scan_sources: tailwindcss_oxide::scanner: Discovering "C:\\Users\\admin\\premium-invest-8\\app\\layout.client.js"
2026-01-18T05:14:40.015518Z  INFO scan_sources: tailwindcss_oxide::scanner: Discovering "C:\\Users\\admin\\premium-invest-8\\app\\layout.js"
2026-01-18T05:14:40.015540Z  INFO scan_sources: tailwindcss_oxide::scanner: Discovering "C:\\Users\\admin\\premium-invest-8\\app\\layout.server.js"
2026-01-18T05:14:40.015575Z  INFO scan_sources: tailwindcss_oxide::scanner: Discovering "C:\\Users\\admin\\premium-invest-8\\app\\legal-disclosures"
2026-01-18T05:14:40.015629Z  INFO scan_sources: tailwindcss_oxide::scanner: Discovering "C:\\Users\\admin\\premium-invest-8\\app\\legal-disclosures\\page.jsx"
2026-01-18T05:14:40.015670Z  INFO scan_sources: tailwindcss_oxide::scanner: Discovering "C:\\Users\\admin\\premium-invest-8\\app\\live-intelligence"
2026-01-18T05:14:40.015723Z  INFO scan_sources: tailwindcss_oxide::scanner: Discovering "C:\\Users\\admin\\premium-invest-8\\app\\live-intelligence\\page.jsx"
2026-01-18T05:14:40.015764Z  INFO scan_sources: tailwindcss_oxide::scanner: Discovering "C:\\Users\\admin\\premium-invest-8\\app\\login"
2026-01-18T05:14:40.015818Z  INFO scan_sources: tailwindcss_oxide::scanner: Discovering "C:\\Users\\admin\\premium-invest-8\\app\\login\\page.js"
2026-01-18T05:14:40.015847Z  INFO scan_sources: tailwindcss_oxide::scanner: Discovering "C:\\Users\\admin\\premium-invest-8\\app\\metadata.js"
2026-01-18T05:14:40.015882Z  INFO scan_sources: tailwindcss_oxide::scanner: Discovering "C:\\Users\\admin\\premium-invest-8\\app\\mutual-funds"
2026-01-18T05:14:40.015936Z  INFO scan_sources: tailwindcss_oxide::scanner: Discovering "C:\\Users\\admin\\premium-invest-8\\app\\mutual-funds\\layout.js"
2026-01-18T05:14:40.015957Z  INFO scan_sources: tailwindcss_oxide::scanner: Discovering "C:\\Users\\admin\\premium-invest-8\\app\\mutual-funds\\page.jsx"
2026-01-18T05:14:40.015999Z  INFO scan_sources: tailwindcss_oxide::scanner: Discovering "C:\\Users\\admin\\premium-invest-8\\app\\payment-failed"
2026-01-18T05:14:40.016052Z  INFO scan_sources: tailwindcss_oxide::scanner: Discovering "C:\\Users\\admin\\premium-invest-8\\app\\payment-failed\\page.jsx"
2026-01-18T05:14:40.016093Z  INFO scan_sources: tailwindcss_oxide::scanner: Discovering "C:\\Users\\admin\\premium-invest-8\\app\\payment-success"
2026-01-18T05:14:40.016147Z  INFO scan_sources: tailwindcss_oxide::scanner: Discovering "C:\\Users\\admin\\premium-invest-8\\app\\payment-success\\page.jsx"
2026-01-18T05:14:40.016191Z  INFO scan_sources: tailwindcss_oxide::scanner: Discovering "C:\\Users\\admin\\premium-invest-8\\app\\platforms"
2026-01-18T05:14:40.016244Z  INFO scan_sources: tailwindcss_oxide::scanner: Discovering "C:\\Users\\admin\\premium-invest-8\\app\\platforms\\layout.js"
2026-01-18T05:14:40.016266Z  INFO scan_sources: tailwindcss_oxide::scanner: Discovering "C:\\Users\\admin\\premium-invest-8\\app\\platforms\\page.jsx"
2026-01-18T05:14:40.016308Z  INFO scan_sources: tailwindcss_oxide::scanner: Discovering "C:\\Users\\admin\\premium-invest-8\\app\\portfolio-management"
2026-01-18T05:14:40.016363Z  INFO scan_sources: tailwindcss_oxide::scanner: Discovering "C:\\Users\\admin\\premium-invest-8\\app\\portfolio-management\\layout.js"
2026-01-18T05:14:40.016385Z  INFO scan_sources: tailwindcss_oxide::scanner: Discovering "C:\\Users\\admin\\premium-invest-8\\app\\portfolio-management\\page.jsx"
2026-01-18T05:14:40.016427Z  INFO scan_sources: tailwindcss_oxide::scanner: Discovering "C:\\Users\\admin\\premium-invest-8\\app\\privacy"
2026-01-18T05:14:40.016481Z  INFO scan_sources: tailwindcss_oxide::scanner: Discovering "C:\\Users\\admin\\premium-invest-8\\app\\privacy\\layout.js"
2026-01-18T05:14:40.016503Z  INFO scan_sources: tailwindcss_oxide::scanner: Discovering "C:\\Users\\admin\\premium-invest-8\\app\\privacy\\page.jsx"
2026-01-18T05:14:40.016543Z  INFO scan_sources: tailwindcss_oxide::scanner: Discovering "C:\\Users\\admin\\premium-invest-8\\app\\privacy-policy"
2026-01-18T05:14:40.016596Z  INFO scan_sources: tailwindcss_oxide::scanner: Discovering "C:\\Users\\admin\\premium-invest-8\\app\\privacy-policy\\page.jsx"
2026-01-18T05:14:40.016636Z  INFO scan_sources: tailwindcss_oxide::scanner: Discovering "C:\\Users\\admin\\premium-invest-8\\app\\products"
2026-01-18T05:14:40.016689Z  INFO scan_sources: tailwindcss_oxide::scanner: Discovering "C:\\Users\\admin\\premium-invest-8\\app\\products\\page.js"
2026-01-18T05:14:40.016731Z  INFO scan_sources: tailwindcss_oxide::scanner: Discovering "C:\\Users\\admin\\premium-invest-8\\app\\refund"
2026-01-18T05:14:40.016783Z  INFO scan_sources: tailwindcss_oxide::scanner: Discovering "C:\\Users\\admin\\premium-invest-8\\app\\refund\\layout.js"
2026-01-18T05:14:40.016805Z  INFO scan_sources: tailwindcss_oxide::scanner: Discovering "C:\\Users\\admin\\premium-invest-8\\app\\refund\\page.jsx"
2026-01-18T05:14:40.016845Z  INFO scan_sources: tailwindcss_oxide::scanner: Discovering "C:\\Users\\admin\\premium-invest-8\\app\\refund-policy"
2026-01-18T05:14:40.016898Z  INFO scan_sources: tailwindcss_oxide::scanner: Discovering "C:\\Users\\admin\\premium-invest-8\\app\\refund-policy\\page.jsx"
2026-01-18T05:14:40.016939Z  INFO scan_sources: tailwindcss_oxide::scanner: Discovering "C:\\Users\\admin\\premium-invest-8\\app\\regulatory-compliance"
2026-01-18T05:14:40.016993Z  INFO scan_sources: tailwindcss_oxide::scanner: Discovering "C:\\Users\\admin\\premium-invest-8\\app\\regulatory-compliance\\page.jsx"
2026-01-18T05:14:40.017021Z  INFO scan_sources: tailwindcss_oxide::scanner: Discovering "C:\\Users\\admin\\premium-invest-8\\app\\robots.js"
2026-01-18T05:14:40.017057Z  INFO scan_sources: tailwindcss_oxide::scanner: Discovering "C:\\Users\\admin\\premium-invest-8\\app\\services"
2026-01-18T05:14:40.017111Z  INFO scan_sources: tailwindcss_oxide::scanner: Discovering "C:\\Users\\admin\\premium-invest-8\\app\\services\\layout.js"
2026-01-18T05:14:40.017133Z  INFO scan_sources: tailwindcss_oxide::scanner: Discovering "C:\\Users\\admin\\premium-invest-8\\app\\services\\page.jsx"
2026-01-18T05:14:40.017155Z  INFO scan_sources: tailwindcss_oxide::scanner: Discovering "C:\\Users\\admin\\premium-invest-8\\app\\services\\ServicesShowcase.jsx"
2026-01-18T05:14:40.017204Z  INFO scan_sources: tailwindcss_oxide::scanner: Discovering "C:\\Users\\admin\\premium-invest-8\\app\\sip"
2026-01-18T05:14:40.017257Z  INFO scan_sources: tailwindcss_oxide::scanner: Discovering "C:\\Users\\admin\\premium-invest-8\\app\\sip\\layout.js"
2026-01-18T05:14:40.017278Z  INFO scan_sources: tailwindcss_oxide::scanner: Discovering "C:\\Users\\admin\\premium-invest-8\\app\\sip\\page.jsx"
2026-01-18T05:14:40.017320Z  INFO scan_sources: tailwindcss_oxide::scanner: Discovering "C:\\Users\\admin\\premium-invest-8\\app\\sip-calculator"
2026-01-18T05:14:40.017374Z  INFO scan_sources: tailwindcss_oxide::scanner: Discovering "C:\\Users\\admin\\premium-invest-8\\app\\sip-calculator\\page.js"
2026-01-18T05:14:40.017415Z  INFO scan_sources: tailwindcss_oxide::scanner: Discovering "C:\\Users\\admin\\premium-invest-8\\app\\sitemap"
2026-01-18T05:14:40.017468Z  INFO scan_sources: tailwindcss_oxide::scanner: Discovering "C:\\Users\\admin\\premium-invest-8\\app\\sitemap\\page.jsx"
2026-01-18T05:14:40.017515Z  INFO scan_sources: tailwindcss_oxide::scanner: Discovering "C:\\Users\\admin\\premium-invest-8\\app\\sitemap-page"
2026-01-18T05:14:40.017568Z  INFO scan_sources: tailwindcss_oxide::scanner: Discovering "C:\\Users\\admin\\premium-invest-8\\app\\sitemap-page\\layout.js"
2026-01-18T05:14:40.017590Z  INFO scan_sources: tailwindcss_oxide::scanner: Discovering "C:\\Users\\admin\\premium-invest-8\\app\\sitemap-page\\page.jsx"
2026-01-18T05:14:40.017619Z  INFO scan_sources: tailwindcss_oxide::scanner: Discovering "C:\\Users\\admin\\premium-invest-8\\app\\sitemap.js"
2026-01-18T05:14:40.017653Z  INFO scan_sources: tailwindcss_oxide::scanner: Discovering "C:\\Users\\admin\\premium-invest-8\\app\\tax-leak-detector"
2026-01-18T05:14:40.017707Z  INFO scan_sources: tailwindcss_oxide::scanner: Discovering "C:\\Users\\admin\\premium-invest-8\\app\\tax-leak-detector\\page.js"
2026-01-18T05:14:40.017748Z  INFO scan_sources: tailwindcss_oxide::scanner: Discovering "C:\\Users\\admin\\premium-invest-8\\app\\terms"
2026-01-18T05:14:40.017801Z  INFO scan_sources: tailwindcss_oxide::scanner: Discovering "C:\\Users\\admin\\premium-invest-8\\app\\terms\\layout.js"
2026-01-18T05:14:40.017823Z  INFO scan_sources: tailwindcss_oxide::scanner: Discovering "C:\\Users\\admin\\premium-invest-8\\app\\terms\\page.jsx"
2026-01-18T05:14:40.017864Z  INFO scan_sources: tailwindcss_oxide::scanner: Discovering "C:\\Users\\admin\\premium-invest-8\\app\\terms-and-conditions"
2026-01-18T05:14:40.017917Z  INFO scan_sources: tailwindcss_oxide::scanner: Discovering "C:\\Users\\admin\\premium-invest-8\\app\\terms-and-conditions\\page.jsx"
2026-01-18T05:14:40.017960Z  INFO scan_sources: tailwindcss_oxide::scanner: Discovering "C:\\Users\\admin\\premium-invest-8\\app\\tools"
2026-01-18T05:14:40.018031Z  INFO scan_sources: tailwindcss_oxide::scanner: Discovering "C:\\Users\\admin\\premium-invest-8\\app\\tools\\all-calculators"
2026-01-18T05:14:40.018085Z  INFO scan_sources: tailwindcss_oxide::scanner: Discovering "C:\\Users\\admin\\premium-invest-8\\app\\tools\\all-calculators\\page.jsx"
2026-01-18T05:14:40.018126Z  INFO scan_sources: tailwindcss_oxide::scanner: Discovering "C:\\Users\\admin\\premium-invest-8\\app\\tools\\calc-share"
2026-01-18T05:14:40.018181Z  INFO scan_sources: tailwindcss_oxide::scanner: Discovering "C:\\Users\\admin\\premium-invest-8\\app\\tools\\calc-share\\page.jsx"
2026-01-18T05:14:40.018223Z  INFO scan_sources: tailwindcss_oxide::scanner: Discovering "C:\\Users\\admin\\premium-invest-8\\app\\tools\\insurance-value"
2026-01-18T05:14:40.018277Z  INFO scan_sources: tailwindcss_oxide::scanner: Discovering "C:\\Users\\admin\\premium-invest-8\\app\\tools\\insurance-value\\page.jsx"
2026-01-18T05:14:40.018318Z  INFO scan_sources: tailwindcss_oxide::scanner: Discovering "C:\\Users\\admin\\premium-invest-8\\app\\tools\\itr-filing-help"
2026-01-18T05:14:40.018372Z  INFO scan_sources: tailwindcss_oxide::scanner: Discovering "C:\\Users\\admin\\premium-invest-8\\app\\tools\\itr-filing-help\\page.jsx"
2026-01-18T05:14:40.018412Z  INFO scan_sources: tailwindcss_oxide::scanner: Discovering "C:\\Users\\admin\\premium-invest-8\\app\\tools\\lumpsum-planner"
2026-01-18T05:14:40.018464Z  INFO scan_sources: tailwindcss_oxide::scanner: Discovering "C:\\Users\\admin\\premium-invest-8\\app\\tools\\lumpsum-planner\\page.jsx"
2026-01-18T05:14:40.018492Z  INFO scan_sources: tailwindcss_oxide::scanner: Discovering "C:\\Users\\admin\\premium-invest-8\\app\\tools\\page.jsx"
2026-01-18T05:14:40.018526Z  INFO scan_sources: tailwindcss_oxide::scanner: Discovering "C:\\Users\\admin\\premium-invest-8\\app\\tools\\property-vs-sip"
2026-01-18T05:14:40.018579Z  INFO scan_sources: tailwindcss_oxide::scanner: Discovering "C:\\Users\\admin\\premium-invest-8\\app\\tools\\property-vs-sip\\page.jsx"
2026-01-18T05:14:40.018620Z  INFO scan_sources: tailwindcss_oxide::scanner: Discovering "C:\\Users\\admin\\premium-invest-8\\app\\tools\\retirement-gap"
2026-01-18T05:14:40.018673Z  INFO scan_sources: tailwindcss_oxide::scanner: Discovering "C:\\Users\\admin\\premium-invest-8\\app\\tools\\retirement-gap\\page.jsx"
2026-01-18T05:14:40.018714Z  INFO scan_sources: tailwindcss_oxide::scanner: Discovering "C:\\Users\\admin\\premium-invest-8\\app\\tools\\tax-leak-detector"
2026-01-18T05:14:40.018770Z  INFO scan_sources: tailwindcss_oxide::scanner: Discovering "C:\\Users\\admin\\premium-invest-8\\app\\tools\\tax-leak-detector\\page.jsx"
2026-01-18T05:14:40.018810Z  INFO scan_sources: tailwindcss_oxide::scanner: Discovering "C:\\Users\\admin\\premium-invest-8\\app\\tools\\tax-optimization"
2026-01-18T05:14:40.018864Z  INFO scan_sources: tailwindcss_oxide::scanner: Discovering "C:\\Users\\admin\\premium-invest-8\\app\\tools\\tax-optimization\\page.jsx"
2026-01-18T05:14:40.018912Z  INFO scan_sources: tailwindcss_oxide::scanner: Discovering "C:\\Users\\admin\\premium-invest-8\\app\\track"
2026-01-18T05:14:40.018978Z  INFO scan_sources: tailwindcss_oxide::scanner: Discovering "C:\\Users\\admin\\premium-invest-8\\app\\track\\[platform]"
2026-01-18T05:14:40.019041Z  INFO scan_sources: tailwindcss_oxide::scanner: Discovering "C:\\Users\\admin\\premium-invest-8\\app\\track\\[platform]\\route.js"
2026-01-18T05:14:40.019092Z  INFO scan_sources: tailwindcss_oxide::scanner: Discovering "C:\\Users\\admin\\premium-invest-8\\app\\trading-services"
2026-01-18T05:14:40.019145Z  INFO scan_sources: tailwindcss_oxide::scanner: Discovering "C:\\Users\\admin\\premium-invest-8\\app\\trading-services\\layout.js"
2026-01-18T05:14:40.019167Z  INFO scan_sources: tailwindcss_oxide::scanner: Discovering "C:\\Users\\admin\\premium-invest-8\\app\\trading-services\\page.jsx"
2026-01-18T05:14:40.019210Z  INFO scan_sources: tailwindcss_oxide::scanner: Discovering "C:\\Users\\admin\\premium-invest-8\\app\\v0-test"
2026-01-18T05:14:40.019263Z  INFO scan_sources: tailwindcss_oxide::scanner: Discovering "C:\\Users\\admin\\premium-invest-8\\app\\v0-test\\page.jsx"
2026-01-18T05:14:40.019314Z  INFO scan_sources: tailwindcss_oxide::scanner: Discovering "C:\\Users\\admin\\premium-invest-8\\backend"
2026-01-18T05:14:40.019370Z  INFO scan_sources: tailwindcss_oxide::scanner: Discovering "C:\\Users\\admin\\premium-invest-8\\backend\\requirements.txt"
2026-01-18T05:14:40.019394Z  INFO scan_sources: tailwindcss_oxide::scanner: Discovering "C:\\Users\\admin\\premium-invest-8\\backend\\server.py"
2026-01-18T05:14:40.019439Z  INFO scan_sources: tailwindcss_oxide::scanner: Discovering "C:\\Users\\admin\\premium-invest-8\\backup"
2026-01-18T05:14:40.019518Z  INFO scan_sources: tailwindcss_oxide::scanner: Discovering "C:\\Users\\admin\\premium-invest-8\\backup\\live-intelligence-2026-01-13"
2026-01-18T05:14:40.019578Z  INFO scan_sources: tailwindcss_oxide::scanner: Discovering "C:\\Users\\admin\\premium-invest-8\\backup\\live-intelligence-2026-01-13\\ai-summary.js"
2026-01-18T05:14:40.019600Z  INFO scan_sources: tailwindcss_oxide::scanner: Discovering "C:\\Users\\admin\\premium-invest-8\\backup\\live-intelligence-2026-01-13\\analytics.js"
2026-01-18T05:14:40.019640Z  INFO scan_sources: tailwindcss_oxide::scanner: Discovering "C:\\Users\\admin\\premium-invest-8\\backup\\live-intelligence-2026-01-13\\components"
2026-01-18T05:14:40.019699Z  INFO scan_sources: tailwindcss_oxide::scanner: Discovering "C:\\Users\\admin\\premium-invest-8\\backup\\live-intelligence-2026-01-13\\components\\CategoryFilter.jsx"
2026-01-18T05:14:40.019721Z  INFO scan_sources: tailwindcss_oxide::scanner: Discovering "C:\\Users\\admin\\premium-invest-8\\backup\\live-intelligence-2026-01-13\\components\\HeadlineCard.jsx"
2026-01-18T05:14:40.019743Z  INFO scan_sources: tailwindcss_oxide::scanner: Discovering "C:\\Users\\admin\\premium-invest-8\\backup\\live-intelligence-2026-01-13\\components\\HeadlineFeed.jsx"
2026-01-18T05:14:40.019765Z  INFO scan_sources: tailwindcss_oxide::scanner: Discovering "C:\\Users\\admin\\premium-invest-8\\backup\\live-intelligence-2026-01-13\\components\\ModeIndicator.jsx"
2026-01-18T05:14:40.019788Z  INFO scan_sources: tailwindcss_oxide::scanner: Discovering "C:\\Users\\admin\\premium-invest-8\\backup\\live-intelligence-2026-01-13\\components\\NightSummary.jsx"
2026-01-18T05:14:40.019813Z  INFO scan_sources: tailwindcss_oxide::scanner: Discovering "C:\\Users\\admin\\premium-invest-8\\backup\\live-intelligence-2026-01-13\\components\\StreakBadge.jsx"
2026-01-18T05:14:40.019836Z  INFO scan_sources: tailwindcss_oxide::scanner: Discovering "C:\\Users\\admin\\premium-invest-8\\backup\\live-intelligence-2026-01-13\\components\\WhatsAppShare.jsx"
2026-01-18T05:14:40.019866Z  INFO scan_sources: tailwindcss_oxide::scanner: Discovering "C:\\Users\\admin\\premium-invest-8\\backup\\live-intelligence-2026-01-13\\data-sources.js"
2026-01-18T05:14:40.019889Z  INFO scan_sources: tailwindcss_oxide::scanner: Discovering "C:\\Users\\admin\\premium-invest-8\\backup\\live-intelligence-2026-01-13\\headlines.js"
2026-01-18T05:14:40.019911Z  INFO scan_sources: tailwindcss_oxide::scanner: Discovering "C:\\Users\\admin\\premium-invest-8\\backup\\live-intelligence-2026-01-13\\modes.js"
2026-01-18T05:14:40.019933Z  INFO scan_sources: tailwindcss_oxide::scanner: Discovering "C:\\Users\\admin\\premium-invest-8\\backup\\live-intelligence-2026-01-13\\page.jsx"
2026-01-18T05:14:40.019956Z  INFO scan_sources: tailwindcss_oxide::scanner: Discovering "C:\\Users\\admin\\premium-invest-8\\backup\\live-intelligence-2026-01-13\\personalization.js"
2026-01-18T05:14:40.020001Z  INFO scan_sources: tailwindcss_oxide::scanner: Discovering "C:\\Users\\admin\\premium-invest-8\\backup\\live-intelligence-locked-2026-01-15"
2026-01-18T05:14:40.020059Z  INFO scan_sources: tailwindcss_oxide::scanner: Discovering "C:\\Users\\admin\\premium-invest-8\\backup\\live-intelligence-locked-2026-01-15\\LaserFooter.jsx"
2026-01-18T05:14:40.020081Z  INFO scan_sources: tailwindcss_oxide::scanner: Discovering "C:\\Users\\admin\\premium-invest-8\\backup\\live-intelligence-locked-2026-01-15\\LiveIntelligenceOverlay.jsx"
2026-01-18T05:14:40.020104Z  INFO scan_sources: tailwindcss_oxide::scanner: Discovering "C:\\Users\\admin\\premium-invest-8\\backup\\live-intelligence-locked-2026-01-15\\MarketMoodStrip.jsx"
2026-01-18T05:14:40.020126Z  INFO scan_sources: tailwindcss_oxide::scanner: Discovering "C:\\Users\\admin\\premium-invest-8\\backup\\live-intelligence-locked-2026-01-15\\page.jsx"
2026-01-18T05:14:40.020149Z  INFO scan_sources: tailwindcss_oxide::scanner: Discovering "C:\\Users\\admin\\premium-invest-8\\backup\\live-intelligence-locked-2026-01-15\\RESTORE_GUIDE.md"
2026-01-18T05:14:40.020180Z  INFO scan_sources: tailwindcss_oxide::scanner: Discovering "C:\\Users\\admin\\premium-invest-8\\backup\\LiveIntelligenceHero_backup_2026-01-14_1435.jsx"
2026-01-18T05:14:40.020203Z  INFO scan_sources: tailwindcss_oxide::scanner: Discovering "C:\\Users\\admin\\premium-invest-8\\backup\\LiveIntelligenceOverlay_backup_2026-01-14_1436.jsx"
2026-01-18T05:14:40.020226Z  INFO scan_sources: tailwindcss_oxide::scanner: Discovering "C:\\Users\\admin\\premium-invest-8\\backup\\page_backup_2026-01-14_1436.jsx"
2026-01-18T05:14:40.020255Z  INFO scan_sources: tailwindcss_oxide::scanner: Discovering "C:\\Users\\admin\\premium-invest-8\\BACKUP_README.md"
2026-01-18T05:14:40.020278Z  INFO scan_sources: tailwindcss_oxide::scanner: Discovering "C:\\Users\\admin\\premium-invest-8\\BACKUP_RECOVERY_GUIDE.md"
2026-01-18T05:14:40.020300Z  INFO scan_sources: tailwindcss_oxide::scanner: Discovering "C:\\Users\\admin\\premium-invest-8\\BLOGS_2-10_TASK_SUMMARY.md"
2026-01-18T05:14:40.020322Z  INFO scan_sources: tailwindcss_oxide::scanner: Discovering "C:\\Users\\admin\\premium-invest-8\\BLOG_2-10_VERIFICATION_REPORT.md"
2026-01-18T05:14:40.020344Z  INFO scan_sources: tailwindcss_oxide::scanner: Discovering "C:\\Users\\admin\\premium-invest-8\\BLOG_CACHE_FIX.md"
2026-01-18T05:14:40.020366Z  INFO scan_sources: tailwindcss_oxide::scanner: Discovering "C:\\Users\\admin\\premium-invest-8\\BLOG_MASTER_RULES.md"
2026-01-18T05:14:40.020388Z  INFO scan_sources: tailwindcss_oxide::scanner: Discovering "C:\\Users\\admin\\premium-invest-8\\BLOG_REFERENCE.md"
2026-01-18T05:14:40.020409Z  INFO scan_sources: tailwindcss_oxide::scanner: Discovering "C:\\Users\\admin\\premium-invest-8\\BLOG_TEMPLATE_MASTER.md"
2026-01-18T05:14:40.020443Z  INFO scan_sources: tailwindcss_oxide::scanner: Discovering "C:\\Users\\admin\\premium-invest-8\\BRAND_GUIDELINES.md"
2026-01-18T05:14:40.020485Z  INFO scan_sources: tailwindcss_oxide::scanner: Discovering "C:\\Users\\admin\\premium-invest-8\\components"
2026-01-18T05:14:40.020562Z  INFO scan_sources: tailwindcss_oxide::scanner: Discovering "C:\\Users\\admin\\premium-invest-8\\components\\admin"
2026-01-18T05:14:40.020621Z  INFO scan_sources: tailwindcss_oxide::scanner: Discovering "C:\\Users\\admin\\premium-invest-8\\components\\admin\\AdminDashboard.jsx"
2026-01-18T05:14:40.020659Z  INFO scan_sources: tailwindcss_oxide::scanner: Discovering "C:\\Users\\admin\\premium-invest-8\\components\\admin\\AdminLogin.jsx"
2026-01-18T05:14:40.020682Z  INFO scan_sources: tailwindcss_oxide::scanner: Discovering "C:\\Users\\admin\\premium-invest-8\\components\\admin\\AffiliateTracking.jsx"
2026-01-18T05:14:40.020703Z  INFO scan_sources: tailwindcss_oxide::scanner: Discovering "C:\\Users\\admin\\premium-invest-8\\components\\admin\\AioTrackerView.jsx"
2026-01-18T05:14:40.020725Z  INFO scan_sources: tailwindcss_oxide::scanner: Discovering "C:\\Users\\admin\\premium-invest-8\\components\\admin\\AiProvidersPanel.jsx"
2026-01-18T05:14:40.020747Z  INFO scan_sources: tailwindcss_oxide::scanner: Discovering "C:\\Users\\admin\\premium-invest-8\\components\\admin\\AnalyticsView.jsx"
2026-01-18T05:14:40.020769Z  INFO scan_sources: tailwindcss_oxide::scanner: Discovering "C:\\Users\\admin\\premium-invest-8\\components\\admin\\DailyKpisPanel.jsx"
2026-01-18T05:14:40.020791Z  INFO scan_sources: tailwindcss_oxide::scanner: Discovering "C:\\Users\\admin\\premium-invest-8\\components\\admin\\DeliverablesView.jsx"
2026-01-18T05:14:40.020812Z  INFO scan_sources: tailwindcss_oxide::scanner: Discovering "C:\\Users\\admin\\premium-invest-8\\components\\admin\\EmailPreferences.jsx"
2026-01-18T05:14:40.020834Z  INFO scan_sources: tailwindcss_oxide::scanner: Discovering "C:\\Users\\admin\\premium-invest-8\\components\\admin\\FamilyAdminView.jsx"
2026-01-18T05:14:40.020856Z  INFO scan_sources: tailwindcss_oxide::scanner: Discovering "C:\\Users\\admin\\premium-invest-8\\components\\admin\\LeadsList.jsx"
2026-01-18T05:14:40.020895Z  INFO scan_sources: tailwindcss_oxide::scanner: Discovering "C:\\Users\\admin\\premium-invest-8\\components\\admin\\LiveIntelligenceAdmin.jsx"
2026-01-18T05:14:40.020918Z  INFO scan_sources: tailwindcss_oxide::scanner: Discovering "C:\\Users\\admin\\premium-invest-8\\components\\admin\\SuperAdminDashboard.jsx"
2026-01-18T05:14:40.020963Z  INFO scan_sources: tailwindcss_oxide::scanner: Discovering "C:\\Users\\admin\\premium-invest-8\\components\\analytics"
2026-01-18T05:14:40.021020Z  INFO scan_sources: tailwindcss_oxide::scanner: Discovering "C:\\Users\\admin\\premium-invest-8\\components\\analytics\\AnalyticsGate.jsx"
2026-01-18T05:14:40.021042Z  INFO scan_sources: tailwindcss_oxide::scanner: Discovering "C:\\Users\\admin\\premium-invest-8\\components\\analytics\\GA4PageView.jsx"
2026-01-18T05:14:40.021088Z  INFO scan_sources: tailwindcss_oxide::scanner: Discovering "C:\\Users\\admin\\premium-invest-8\\components\\calculators"
2026-01-18T05:14:40.021153Z  INFO scan_sources: tailwindcss_oxide::scanner: Discovering "C:\\Users\\admin\\premium-invest-8\\components\\calculators\\BaseCalculatorLayout.BACKUP.jsx"
2026-01-18T05:14:40.021177Z  INFO scan_sources: tailwindcss_oxide::scanner: Discovering "C:\\Users\\admin\\premium-invest-8\\components\\calculators\\BaseCalculatorLayout.jsx"
2026-01-18T05:14:40.021200Z  INFO scan_sources: tailwindcss_oxide::scanner: Discovering "C:\\Users\\admin\\premium-invest-8\\components\\calculators\\Breakdown.jsx"
2026-01-18T05:14:40.021223Z  INFO scan_sources: tailwindcss_oxide::scanner: Discovering "C:\\Users\\admin\\premium-invest-8\\components\\calculators\\BrokerageEstimator.jsx"
2026-01-18T05:14:40.021245Z  INFO scan_sources: tailwindcss_oxide::scanner: Discovering "C:\\Users\\admin\\premium-invest-8\\components\\calculators\\CalculatorHeader.jsx"
2026-01-18T05:14:40.021267Z  INFO scan_sources: tailwindcss_oxide::scanner: Discovering "C:\\Users\\admin\\premium-invest-8\\components\\calculators\\CALCULATOR_LASER_ANIMATION_GUIDE.md"
2026-01-18T05:14:40.021290Z  INFO scan_sources: tailwindcss_oxide::scanner: Discovering "C:\\Users\\admin\\premium-invest-8\\components\\calculators\\DisclaimerFooter.jsx"
2026-01-18T05:14:40.021311Z  INFO scan_sources: tailwindcss_oxide::scanner: Discovering "C:\\Users\\admin\\premium-invest-8\\components\\calculators\\FdMaturitySnapshot.jsx"
2026-01-18T05:14:40.021333Z  INFO scan_sources: tailwindcss_oxide::scanner: Discovering "C:\\Users\\admin\\premium-invest-8\\components\\calculators\\FundCostComparator.jsx"
2026-01-18T05:14:40.021356Z  INFO scan_sources: tailwindcss_oxide::scanner: Discovering "C:\\Users\\admin\\premium-invest-8\\components\\calculators\\InsuranceCoverSnapshot.jsx"
2026-01-18T05:14:40.021378Z  INFO scan_sources: tailwindcss_oxide::scanner: Discovering "C:\\Users\\admin\\premium-invest-8\\components\\calculators\\PremiumBlock.jsx"
2026-01-18T05:14:40.021400Z  INFO scan_sources: tailwindcss_oxide::scanner: Discovering "C:\\Users\\admin\\premium-invest-8\\components\\calculators\\PremiumCalculatorCTA.jsx"
2026-01-18T05:14:40.021422Z  INFO scan_sources: tailwindcss_oxide::scanner: Discovering "C:\\Users\\admin\\premium-invest-8\\components\\calculators\\PremiumCalculatorCTA.module.css"
2026-01-18T05:14:40.021444Z  INFO scan_sources: tailwindcss_oxide::scanner: Discovering "C:\\Users\\admin\\premium-invest-8\\components\\calculators\\PropertyVsSipCalculator.jsx"
2026-01-18T05:14:40.021466Z  INFO scan_sources: tailwindcss_oxide::scanner: Discovering "C:\\Users\\admin\\premium-invest-8\\components\\calculators\\RebalanceDriftSnapshot.jsx"
2026-01-18T05:14:40.021488Z  INFO scan_sources: tailwindcss_oxide::scanner: Discovering "C:\\Users\\admin\\premium-invest-8\\components\\calculators\\ResultSummary.jsx"
2026-01-18T05:14:40.021510Z  INFO scan_sources: tailwindcss_oxide::scanner: Discovering "C:\\Users\\admin\\premium-invest-8\\components\\calculators\\SipCalculatorWidget.jsx"
2026-01-18T05:14:40.021532Z  INFO scan_sources: tailwindcss_oxide::scanner: Discovering "C:\\Users\\admin\\premium-invest-8\\components\\calculators\\SipGoalSnapshot.jsx"
2026-01-18T05:14:40.021571Z  INFO scan_sources: tailwindcss_oxide::scanner: Discovering "C:\\Users\\admin\\premium-invest-8\\components\\calculators\\TaxCalculator.jsx"
2026-01-18T05:14:40.021594Z  INFO scan_sources: tailwindcss_oxide::scanner: Discovering "C:\\Users\\admin\\premium-invest-8\\components\\calculators\\ZeroTaxBadge.jsx"
2026-01-18T05:14:40.021638Z  INFO scan_sources: tailwindcss_oxide::scanner: Discovering "C:\\Users\\admin\\premium-invest-8\\components\\home"
2026-01-18T05:14:40.021694Z  INFO scan_sources: tailwindcss_oxide::scanner: Discovering "C:\\Users\\admin\\premium-invest-8\\components\\home\\LiveIntelligenceHero.jsx"
2026-01-18T05:14:40.021716Z  INFO scan_sources: tailwindcss_oxide::scanner: Discovering "C:\\Users\\admin\\premium-invest-8\\components\\home\\LiveIntelligenceHero.module.css"
2026-01-18T05:14:40.021745Z  INFO scan_sources: tailwindcss_oxide::scanner: Discovering "C:\\Users\\admin\\premium-invest-8\\components\\LaserBeamCanvas.BACKUP.jsx"
2026-01-18T05:14:40.021767Z  INFO scan_sources: tailwindcss_oxide::scanner: Discovering "C:\\Users\\admin\\premium-invest-8\\components\\LaserBeamCanvas.jsx"
2026-01-18T05:14:40.021801Z  INFO scan_sources: tailwindcss_oxide::scanner: Discovering "C:\\Users\\admin\\premium-invest-8\\components\\LASERBEAM_ANIMATION_GUIDE.md"
2026-01-18T05:14:40.021823Z  INFO scan_sources: tailwindcss_oxide::scanner: Discovering "C:\\Users\\admin\\premium-invest-8\\components\\LazyImage.jsx"
2026-01-18T05:14:40.021871Z  INFO scan_sources: tailwindcss_oxide::scanner: Discovering "C:\\Users\\admin\\premium-invest-8\\components\\live-intelligence"
2026-01-18T05:14:40.021930Z  INFO scan_sources: tailwindcss_oxide::scanner: Discovering "C:\\Users\\admin\\premium-invest-8\\components\\live-intelligence\\AchievementPopup.jsx"
2026-01-18T05:14:40.021952Z  INFO scan_sources: tailwindcss_oxide::scanner: Discovering "C:\\Users\\admin\\premium-invest-8\\components\\live-intelligence\\BadgeDisplay.jsx"
2026-01-18T05:14:40.021974Z  INFO scan_sources: tailwindcss_oxide::scanner: Discovering "C:\\Users\\admin\\premium-invest-8\\components\\live-intelligence\\CategoryFilter.jsx"
2026-01-18T05:14:40.021996Z  INFO scan_sources: tailwindcss_oxide::scanner: Discovering "C:\\Users\\admin\\premium-invest-8\\components\\live-intelligence\\DonutCalculator.jsx"
2026-01-18T05:14:40.022018Z  INFO scan_sources: tailwindcss_oxide::scanner: Discovering "C:\\Users\\admin\\premium-invest-8\\components\\live-intelligence\\FeedToggle.jsx"
2026-01-18T05:14:40.022040Z  INFO scan_sources: tailwindcss_oxide::scanner: Discovering "C:\\Users\\admin\\premium-invest-8\\components\\live-intelligence\\HeadlineCard.jsx"
2026-01-18T05:14:40.022061Z  INFO scan_sources: tailwindcss_oxide::scanner: Discovering "C:\\Users\\admin\\premium-invest-8\\components\\live-intelligence\\HeadlineFeed.jsx"
2026-01-18T05:14:40.022083Z  INFO scan_sources: tailwindcss_oxide::scanner: Discovering "C:\\Users\\admin\\premium-invest-8\\components\\live-intelligence\\IntelligenceCard.jsx"
2026-01-18T05:14:40.022106Z  INFO scan_sources: tailwindcss_oxide::scanner: Discovering "C:\\Users\\admin\\premium-invest-8\\components\\live-intelligence\\IntelligenceFeed.jsx"
2026-01-18T05:14:40.022128Z  INFO scan_sources: tailwindcss_oxide::scanner: Discovering "C:\\Users\\admin\\premium-invest-8\\components\\live-intelligence\\MarketMoodIndicator.jsx"
2026-01-18T05:14:40.022150Z  INFO scan_sources: tailwindcss_oxide::scanner: Discovering "C:\\Users\\admin\\premium-invest-8\\components\\live-intelligence\\ModeIndicator.jsx"
2026-01-18T05:14:40.022175Z  INFO scan_sources: tailwindcss_oxide::scanner: Discovering "C:\\Users\\admin\\premium-invest-8\\components\\live-intelligence\\NightSummary.jsx"
2026-01-18T05:14:40.022196Z  INFO scan_sources: tailwindcss_oxide::scanner: Discovering "C:\\Users\\admin\\premium-invest-8\\components\\live-intelligence\\QuickLearn.jsx"
2026-01-18T05:14:40.022218Z  INFO scan_sources: tailwindcss_oxide::scanner: Discovering "C:\\Users\\admin\\premium-invest-8\\components\\live-intelligence\\StreakBadge.jsx"
2026-01-18T05:14:40.022241Z  INFO scan_sources: tailwindcss_oxide::scanner: Discovering "C:\\Users\\admin\\premium-invest-8\\components\\live-intelligence\\WhatsAppShare.jsx"
2026-01-18T05:14:40.022270Z  INFO scan_sources: tailwindcss_oxide::scanner: Discovering "C:\\Users\\admin\\premium-invest-8\\components\\Navigation.jsx"
2026-01-18T05:14:40.022292Z  INFO scan_sources: tailwindcss_oxide::scanner: Discovering "C:\\Users\\admin\\premium-invest-8\\components\\PremiumMarketTicker.module.css"
2026-01-18T05:14:40.022329Z  INFO scan_sources: tailwindcss_oxide::scanner: Discovering "C:\\Users\\admin\\premium-invest-8\\components\\shared"
2026-01-18T05:14:40.022388Z  INFO scan_sources: tailwindcss_oxide::scanner: Discovering "C:\\Users\\admin\\premium-invest-8\\components\\shared\\AnimatedCounter.jsx"
2026-01-18T05:14:40.022411Z  INFO scan_sources: tailwindcss_oxide::scanner: Discovering "C:\\Users\\admin\\premium-invest-8\\components\\shared\\BackRow.jsx"
2026-01-18T05:14:40.022435Z  INFO scan_sources: tailwindcss_oxide::scanner: Discovering "C:\\Users\\admin\\premium-invest-8\\components\\shared\\BackToLiveIntelligence.jsx"
2026-01-18T05:14:40.022456Z  INFO scan_sources: tailwindcss_oxide::scanner: Discovering "C:\\Users\\admin\\premium-invest-8\\components\\shared\\BlogDisclaimer.jsx"
2026-01-18T05:14:40.022478Z  INFO scan_sources: tailwindcss_oxide::scanner: Discovering "C:\\Users\\admin\\premium-invest-8\\components\\shared\\Button.jsx"
2026-01-18T05:14:40.022500Z  INFO scan_sources: tailwindcss_oxide::scanner: Discovering "C:\\Users\\admin\\premium-invest-8\\components\\shared\\Card.jsx"
2026-01-18T05:14:40.022522Z  INFO scan_sources: tailwindcss_oxide::scanner: Discovering "C:\\Users\\admin\\premium-invest-8\\components\\shared\\ChatErrorBoundary.jsx"
2026-01-18T05:14:40.022543Z  INFO scan_sources: tailwindcss_oxide::scanner: Discovering "C:\\Users\\admin\\premium-invest-8\\components\\shared\\ClosingPerspective.jsx"
2026-01-18T05:14:40.022565Z  INFO scan_sources: tailwindcss_oxide::scanner: Discovering "C:\\Users\\admin\\premium-invest-8\\components\\shared\\CookieConsent.jsx"
2026-01-18T05:14:40.022587Z  INFO scan_sources: tailwindcss_oxide::scanner: Discovering "C:\\Users\\admin\\premium-invest-8\\components\\shared\\ErrorMessage.jsx"
2026-01-18T05:14:40.022608Z  INFO scan_sources: tailwindcss_oxide::scanner: Discovering "C:\\Users\\admin\\premium-invest-8\\components\\shared\\ExitIntentModal.jsx"
2026-01-18T05:14:40.022630Z  INFO scan_sources: tailwindcss_oxide::scanner: Discovering "C:\\Users\\admin\\premium-invest-8\\components\\shared\\FAQSection.jsx"
2026-01-18T05:14:40.022651Z  INFO scan_sources: tailwindcss_oxide::scanner: Discovering "C:\\Users\\admin\\premium-invest-8\\components\\shared\\Input.jsx"
2026-01-18T05:14:40.022672Z  INFO scan_sources: tailwindcss_oxide::scanner: Discovering "C:\\Users\\admin\\premium-invest-8\\components\\shared\\LazyTradingView.jsx"
2026-01-18T05:14:40.022694Z  INFO scan_sources: tailwindcss_oxide::scanner: Discovering "C:\\Users\\admin\\premium-invest-8\\components\\shared\\LeadCaptureModal.jsx"
2026-01-18T05:14:40.022715Z  INFO scan_sources: tailwindcss_oxide::scanner: Discovering "C:\\Users\\admin\\premium-invest-8\\components\\shared\\LoadingSpinner.jsx"
2026-01-18T05:14:40.022737Z  INFO scan_sources: tailwindcss_oxide::scanner: Discovering "C:\\Users\\admin\\premium-invest-8\\components\\shared\\Modal.jsx"
2026-01-18T05:14:40.022758Z  INFO scan_sources: tailwindcss_oxide::scanner: Discovering "C:\\Users\\admin\\premium-invest-8\\components\\shared\\NewsletterSignup.jsx"
2026-01-18T05:14:40.022780Z  INFO scan_sources: tailwindcss_oxide::scanner: Discovering "C:\\Users\\admin\\premium-invest-8\\components\\shared\\PremiumUnlockButton.jsx"
2026-01-18T05:14:40.022802Z  INFO scan_sources: tailwindcss_oxide::scanner: Discovering "C:\\Users\\admin\\premium-invest-8\\components\\shared\\ProgressiveHydration.jsx"
2026-01-18T05:14:40.022824Z  INFO scan_sources: tailwindcss_oxide::scanner: Discovering "C:\\Users\\admin\\premium-invest-8\\components\\shared\\RiskWarning.jsx"
2026-01-18T05:14:40.022846Z  INFO scan_sources: tailwindcss_oxide::scanner: Discovering "C:\\Users\\admin\\premium-invest-8\\components\\shared\\SkeletonLoader.jsx"
2026-01-18T05:14:40.022868Z  INFO scan_sources: tailwindcss_oxide::scanner: Discovering "C:\\Users\\admin\\premium-invest-8\\components\\shared\\Testimonials.jsx"
2026-01-18T05:14:40.022911Z  INFO scan_sources: tailwindcss_oxide::scanner: Discovering "C:\\Users\\admin\\premium-invest-8\\components\\tools"
2026-01-18T05:14:40.022965Z  INFO scan_sources: tailwindcss_oxide::scanner: Discovering "C:\\Users\\admin\\premium-invest-8\\components\\tools\\AllInOneCalculator.jsx"
2026-01-18T05:14:40.022987Z  INFO scan_sources: tailwindcss_oxide::scanner: Discovering "C:\\Users\\admin\\premium-invest-8\\components\\tools\\ITRFilingHelp.jsx"
2026-01-18T05:14:40.023032Z  INFO scan_sources: tailwindcss_oxide::scanner: Discovering "C:\\Users\\admin\\premium-invest-8\\components\\ui"
2026-01-18T05:14:40.023092Z  INFO scan_sources: tailwindcss_oxide::scanner: Discovering "C:\\Users\\admin\\premium-invest-8\\components\\ui\\accordion.jsx"
2026-01-18T05:14:40.023114Z  INFO scan_sources: tailwindcss_oxide::scanner: Discovering "C:\\Users\\admin\\premium-invest-8\\components\\ui\\alert-dialog.jsx"
2026-01-18T05:14:40.023135Z  INFO scan_sources: tailwindcss_oxide::scanner: Discovering "C:\\Users\\admin\\premium-invest-8\\components\\ui\\alert.jsx"
2026-01-18T05:14:40.023156Z  INFO scan_sources: tailwindcss_oxide::scanner: Discovering "C:\\Users\\admin\\premium-invest-8\\components\\ui\\aspect-ratio.jsx"
2026-01-18T05:14:40.023179Z  INFO scan_sources: tailwindcss_oxide::scanner: Discovering "C:\\Users\\admin\\premium-invest-8\\components\\ui\\avatar.jsx"
2026-01-18T05:14:40.023200Z  INFO scan_sources: tailwindcss_oxide::scanner: Discovering "C:\\Users\\admin\\premium-invest-8\\components\\ui\\badge.jsx"
2026-01-18T05:14:40.023222Z  INFO scan_sources: tailwindcss_oxide::scanner: Discovering "C:\\Users\\admin\\premium-invest-8\\components\\ui\\breadcrumb.jsx"
2026-01-18T05:14:40.023243Z  INFO scan_sources: tailwindcss_oxide::scanner: Discovering "C:\\Users\\admin\\premium-invest-8\\components\\ui\\button.jsx"
2026-01-18T05:14:40.023265Z  INFO scan_sources: tailwindcss_oxide::scanner: Discovering "C:\\Users\\admin\\premium-invest-8\\components\\ui\\calendar.jsx"
2026-01-18T05:14:40.023287Z  INFO scan_sources: tailwindcss_oxide::scanner: Discovering "C:\\Users\\admin\\premium-invest-8\\components\\ui\\card.jsx"
2026-01-18T05:14:40.023308Z  INFO scan_sources: tailwindcss_oxide::scanner: Discovering "C:\\Users\\admin\\premium-invest-8\\components\\ui\\carousel.jsx"
2026-01-18T05:14:40.023329Z  INFO scan_sources: tailwindcss_oxide::scanner: Discovering "C:\\Users\\admin\\premium-invest-8\\components\\ui\\checkbox.jsx"
2026-01-18T05:14:40.023352Z  INFO scan_sources: tailwindcss_oxide::scanner: Discovering "C:\\Users\\admin\\premium-invest-8\\components\\ui\\collapsible.jsx"
2026-01-18T05:14:40.023373Z  INFO scan_sources: tailwindcss_oxide::scanner: Discovering "C:\\Users\\admin\\premium-invest-8\\components\\ui\\command.jsx"
2026-01-18T05:14:40.023395Z  INFO scan_sources: tailwindcss_oxide::scanner: Discovering "C:\\Users\\admin\\premium-invest-8\\components\\ui\\context-menu.jsx"
2026-01-18T05:14:40.023416Z  INFO scan_sources: tailwindcss_oxide::scanner: Discovering "C:\\Users\\admin\\premium-invest-8\\components\\ui\\dialog.jsx"
2026-01-18T05:14:40.023437Z  INFO scan_sources: tailwindcss_oxide::scanner: Discovering "C:\\Users\\admin\\premium-invest-8\\components\\ui\\drawer.jsx"
2026-01-18T05:14:40.023459Z  INFO scan_sources: tailwindcss_oxide::scanner: Discovering "C:\\Users\\admin\\premium-invest-8\\components\\ui\\dropdown-menu.jsx"
2026-01-18T05:14:40.023480Z  INFO scan_sources: tailwindcss_oxide::scanner: Discovering "C:\\Users\\admin\\premium-invest-8\\components\\ui\\form.jsx"
2026-01-18T05:14:40.023502Z  INFO scan_sources: tailwindcss_oxide::scanner: Discovering "C:\\Users\\admin\\premium-invest-8\\components\\ui\\hover-card.jsx"
2026-01-18T05:14:40.023524Z  INFO scan_sources: tailwindcss_oxide::scanner: Discovering "C:\\Users\\admin\\premium-invest-8\\components\\ui\\input-otp.jsx"
2026-01-18T05:14:40.023545Z  INFO scan_sources: tailwindcss_oxide::scanner: Discovering "C:\\Users\\admin\\premium-invest-8\\components\\ui\\input.jsx"
2026-01-18T05:14:40.023566Z  INFO scan_sources: tailwindcss_oxide::scanner: Discovering "C:\\Users\\admin\\premium-invest-8\\components\\ui\\label.jsx"
2026-01-18T05:14:40.023587Z  INFO scan_sources: tailwindcss_oxide::scanner: Discovering "C:\\Users\\admin\\premium-invest-8\\components\\ui\\menubar.jsx"
2026-01-18T05:14:40.023609Z  INFO scan_sources: tailwindcss_oxide::scanner: Discovering "C:\\Users\\admin\\premium-invest-8\\components\\ui\\navigation-menu.jsx"
2026-01-18T05:14:40.023631Z  INFO scan_sources: tailwindcss_oxide::scanner: Discovering "C:\\Users\\admin\\premium-invest-8\\components\\ui\\pagination.jsx"
2026-01-18T05:14:40.023653Z  INFO scan_sources: tailwindcss_oxide::scanner: Discovering "C:\\Users\\admin\\premium-invest-8\\components\\ui\\popover.jsx"
2026-01-18T05:14:40.023674Z  INFO scan_sources: tailwindcss_oxide::scanner: Discovering "C:\\Users\\admin\\premium-invest-8\\components\\ui\\progress.jsx"
2026-01-18T05:14:40.023695Z  INFO scan_sources: tailwindcss_oxide::scanner: Discovering "C:\\Users\\admin\\premium-invest-8\\components\\ui\\radio-group.jsx"
2026-01-18T05:14:40.023717Z  INFO scan_sources: tailwindcss_oxide::scanner: Discovering "C:\\Users\\admin\\premium-invest-8\\components\\ui\\resizable.jsx"
2026-01-18T05:14:40.023738Z  INFO scan_sources: tailwindcss_oxide::scanner: Discovering "C:\\Users\\admin\\premium-invest-8\\components\\ui\\scroll-area.jsx"
2026-01-18T05:14:40.023759Z  INFO scan_sources: tailwindcss_oxide::scanner: Discovering "C:\\Users\\admin\\premium-invest-8\\components\\ui\\select.jsx"
2026-01-18T05:14:40.023782Z  INFO scan_sources: tailwindcss_oxide::scanner: Discovering "C:\\Users\\admin\\premium-invest-8\\components\\ui\\separator.jsx"
2026-01-18T05:14:40.023805Z  INFO scan_sources: tailwindcss_oxide::scanner: Discovering "C:\\Users\\admin\\premium-invest-8\\components\\ui\\sheet.jsx"
2026-01-18T05:14:40.023827Z  INFO scan_sources: tailwindcss_oxide::scanner: Discovering "C:\\Users\\admin\\premium-invest-8\\components\\ui\\skeleton.jsx"
2026-01-18T05:14:40.023848Z  INFO scan_sources: tailwindcss_oxide::scanner: Discovering "C:\\Users\\admin\\premium-invest-8\\components\\ui\\slider.jsx"
2026-01-18T05:14:40.023868Z  INFO scan_sources: tailwindcss_oxide::scanner: Discovering "C:\\Users\\admin\\premium-invest-8\\components\\ui\\sonner.jsx"
2026-01-18T05:14:40.023890Z  INFO scan_sources: tailwindcss_oxide::scanner: Discovering "C:\\Users\\admin\\premium-invest-8\\components\\ui\\switch.jsx"
2026-01-18T05:14:40.023911Z  INFO scan_sources: tailwindcss_oxide::scanner: Discovering "C:\\Users\\admin\\premium-invest-8\\components\\ui\\table.jsx"
2026-01-18T05:14:40.023932Z  INFO scan_sources: tailwindcss_oxide::scanner: Discovering "C:\\Users\\admin\\premium-invest-8\\components\\ui\\tabs.jsx"
2026-01-18T05:14:40.023954Z  INFO scan_sources: tailwindcss_oxide::scanner: Discovering "C:\\Users\\admin\\premium-invest-8\\components\\ui\\textarea.jsx"
2026-01-18T05:14:40.023976Z  INFO scan_sources: tailwindcss_oxide::scanner: Discovering "C:\\Users\\admin\\premium-invest-8\\components\\ui\\toast.jsx"
2026-01-18T05:14:40.024000Z  INFO scan_sources: tailwindcss_oxide::scanner: Discovering "C:\\Users\\admin\\premium-invest-8\\components\\ui\\toaster.jsx"
2026-01-18T05:14:40.024021Z  INFO scan_sources: tailwindcss_oxide::scanner: Discovering "C:\\Users\\admin\\premium-invest-8\\components\\ui\\toggle-group.jsx"
2026-01-18T05:14:40.024042Z  INFO scan_sources: tailwindcss_oxide::scanner: Discovering "C:\\Users\\admin\\premium-invest-8\\components\\ui\\toggle.jsx"
2026-01-18T05:14:40.024063Z  INFO scan_sources: tailwindcss_oxide::scanner: Discovering "C:\\Users\\admin\\premium-invest-8\\components\\ui\\tooltip.jsx"
2026-01-18T05:14:40.024108Z  INFO scan_sources: tailwindcss_oxide::scanner: Discovering "C:\\Users\\admin\\premium-invest-8\\components\\user"
2026-01-18T05:14:40.024199Z  INFO scan_sources: tailwindcss_oxide::scanner: Discovering "C:\\Users\\admin\\premium-invest-8\\components\\user\\AIChatFloat.jsx"
2026-01-18T05:14:40.024276Z  INFO scan_sources: tailwindcss_oxide::scanner: Discovering "C:\\Users\\admin\\premium-invest-8\\components\\user\\AIChatFloat.module.css"
2026-01-18T05:14:40.024304Z  INFO scan_sources: tailwindcss_oxide::scanner: Discovering "C:\\Users\\admin\\premium-invest-8\\components\\user\\AnimatedClouds.jsx"
2026-01-18T05:14:40.024331Z  INFO scan_sources: tailwindcss_oxide::scanner: Discovering "C:\\Users\\admin\\premium-invest-8\\components\\user\\BlogCard.jsx"
2026-01-18T05:14:40.024354Z  INFO scan_sources: tailwindcss_oxide::scanner: Discovering "C:\\Users\\admin\\premium-invest-8\\components\\user\\ChatBubble.jsx"
2026-01-18T05:14:40.024389Z  INFO scan_sources: tailwindcss_oxide::scanner: Discovering "C:\\Users\\admin\\premium-invest-8\\components\\user\\FAQSection.jsx"
2026-01-18T05:14:40.024411Z  INFO scan_sources: tailwindcss_oxide::scanner: Discovering "C:\\Users\\admin\\premium-invest-8\\components\\user\\Footer.jsx"
2026-01-18T05:14:40.024433Z  INFO scan_sources: tailwindcss_oxide::scanner: Discovering "C:\\Users\\admin\\premium-invest-8\\components\\user\\LaserFooter.jsx"
2026-01-18T05:14:40.024455Z  INFO scan_sources: tailwindcss_oxide::scanner: Discovering "C:\\Users\\admin\\premium-invest-8\\components\\user\\LazyImage.jsx"
2026-01-18T05:14:40.024480Z  INFO scan_sources: tailwindcss_oxide::scanner: Discovering "C:\\Users\\admin\\premium-invest-8\\components\\user\\LeadCapture.jsx"
2026-01-18T05:14:40.024510Z  INFO scan_sources: tailwindcss_oxide::scanner: Discovering "C:\\Users\\admin\\premium-invest-8\\components\\user\\LiveIntelligenceOverlay.jsx"
2026-01-18T05:14:40.024533Z  INFO scan_sources: tailwindcss_oxide::scanner: Discovering "C:\\Users\\admin\\premium-invest-8\\components\\user\\LuxuryMobileDock.jsx"
2026-01-18T05:14:40.024556Z  INFO scan_sources: tailwindcss_oxide::scanner: Discovering "C:\\Users\\admin\\premium-invest-8\\components\\user\\MarketMoodStrip.jsx"
2026-01-18T05:14:40.024604Z  INFO scan_sources: tailwindcss_oxide::scanner: Discovering "C:\\Users\\admin\\premium-invest-8\\components\\user\\MobileScrollBoost.jsx"
2026-01-18T05:14:40.024627Z  INFO scan_sources: tailwindcss_oxide::scanner: Discovering "C:\\Users\\admin\\premium-invest-8\\components\\user\\Navigation.jsx"
2026-01-18T05:14:40.024649Z  INFO scan_sources: tailwindcss_oxide::scanner: Discovering "C:\\Users\\admin\\premium-invest-8\\components\\user\\PremiumMarketTicker.jsx"
2026-01-18T05:14:40.024673Z  INFO scan_sources: tailwindcss_oxide::scanner: Discovering "C:\\Users\\admin\\premium-invest-8\\components\\user\\PremiumMarketTicker.module.css"
2026-01-18T05:14:40.024696Z  INFO scan_sources: tailwindcss_oxide::scanner: Discovering "C:\\Users\\admin\\premium-invest-8\\components\\user\\ReadingProgress.jsx"
2026-01-18T05:14:40.024719Z  INFO scan_sources: tailwindcss_oxide::scanner: Discovering "C:\\Users\\admin\\premium-invest-8\\components\\user\\RelatedPosts.jsx"
2026-01-18T05:14:40.024768Z  INFO scan_sources: tailwindcss_oxide::scanner: Discovering "C:\\Users\\admin\\premium-invest-8\\components\\user\\ServiceCard.jsx"
2026-01-18T05:14:40.024790Z  INFO scan_sources: tailwindcss_oxide::scanner: Discovering "C:\\Users\\admin\\premium-invest-8\\components\\user\\TableOfContents.jsx"
2026-01-18T05:14:40.024815Z  INFO scan_sources: tailwindcss_oxide::scanner: Discovering "C:\\Users\\admin\\premium-invest-8\\components\\user\\WhatsAppFloat.jsx"
2026-01-18T05:14:40.024860Z  INFO scan_sources: tailwindcss_oxide::scanner: Discovering "C:\\Users\\admin\\premium-invest-8\\components.json"
2026-01-18T05:14:40.024904Z  INFO scan_sources: tailwindcss_oxide::scanner: Discovering "C:\\Users\\admin\\premium-invest-8\\config"
2026-01-18T05:14:40.024972Z  INFO scan_sources: tailwindcss_oxide::scanner: Discovering "C:\\Users\\admin\\premium-invest-8\\config\\constants.js"
2026-01-18T05:14:40.024996Z  INFO scan_sources: tailwindcss_oxide::scanner: Discovering "C:\\Users\\admin\\premium-invest-8\\config\\env.js"
2026-01-18T05:14:40.025033Z  INFO scan_sources: tailwindcss_oxide::scanner: Discovering "C:\\Users\\admin\\premium-invest-8\\config\\features.js"
2026-01-18T05:14:40.025079Z  INFO scan_sources: tailwindcss_oxide::scanner: Discovering "C:\\Users\\admin\\premium-invest-8\\core"
2026-01-18T05:14:40.025150Z  INFO scan_sources: tailwindcss_oxide::scanner: Discovering "C:\\Users\\admin\\premium-invest-8\\core\\admin"
2026-01-18T05:14:40.025205Z  INFO scan_sources: tailwindcss_oxide::scanner: Discovering "C:\\Users\\admin\\premium-invest-8\\core\\admin\\AdminAuth.jsx"
2026-01-18T05:14:40.025227Z  INFO scan_sources: tailwindcss_oxide::scanner: Discovering "C:\\Users\\admin\\premium-invest-8\\core\\admin\\index.js"
2026-01-18T05:14:40.025268Z  INFO scan_sources: tailwindcss_oxide::scanner: Discovering "C:\\Users\\admin\\premium-invest-8\\core\\chat"
2026-01-18T05:14:40.025324Z  INFO scan_sources: tailwindcss_oxide::scanner: Discovering "C:\\Users\\admin\\premium-invest-8\\core\\chat\\ChatButton.jsx"
2026-01-18T05:14:40.025347Z  INFO scan_sources: tailwindcss_oxide::scanner: Discovering "C:\\Users\\admin\\premium-invest-8\\core\\chat\\ChatErrorBoundary.jsx"
2026-01-18T05:14:40.025368Z  INFO scan_sources: tailwindcss_oxide::scanner: Discovering "C:\\Users\\admin\\premium-invest-8\\core\\chat\\index.js"
2026-01-18T05:14:40.025396Z  INFO scan_sources: tailwindcss_oxide::scanner: Discovering "C:\\Users\\admin\\premium-invest-8\\core\\index.js"
2026-01-18T05:14:40.025434Z  INFO scan_sources: tailwindcss_oxide::scanner: Discovering "C:\\Users\\admin\\premium-invest-8\\core\\marketTicker"
2026-01-18T05:14:40.025516Z  INFO scan_sources: tailwindcss_oxide::scanner: Discovering "C:\\Users\\admin\\premium-invest-8\\core\\marketTicker\\index.js"
2026-01-18T05:14:40.025538Z  INFO scan_sources: tailwindcss_oxide::scanner: Discovering "C:\\Users\\admin\\premium-invest-8\\core\\marketTicker\\MarketTicker.jsx"
2026-01-18T05:14:40.025561Z  INFO scan_sources: tailwindcss_oxide::scanner: Discovering "C:\\Users\\admin\\premium-invest-8\\core\\marketTicker\\MarketTicker.module.css"
2026-01-18T05:14:40.025583Z  INFO scan_sources: tailwindcss_oxide::scanner: Discovering "C:\\Users\\admin\\premium-invest-8\\core\\marketTicker\\README.md"
2026-01-18T05:14:40.025611Z  INFO scan_sources: tailwindcss_oxide::scanner: Discovering "C:\\Users\\admin\\premium-invest-8\\core\\README.md"
2026-01-18T05:14:40.025656Z  INFO scan_sources: tailwindcss_oxide::scanner: Discovering "C:\\Users\\admin\\premium-invest-8\\data"
2026-01-18T05:14:40.025717Z  INFO scan_sources: tailwindcss_oxide::scanner: Discovering "C:\\Users\\admin\\premium-invest-8\\data\\blog.json"
2026-01-18T05:14:40.025739Z  INFO scan_sources: tailwindcss_oxide::scanner: Discovering "C:\\Users\\admin\\premium-invest-8\\data\\bmwealth.json"
2026-01-18T05:14:40.025760Z  INFO scan_sources: tailwindcss_oxide::scanner: Discovering "C:\\Users\\admin\\premium-invest-8\\data\\products.json"
2026-01-18T05:14:40.025782Z  INFO scan_sources: tailwindcss_oxide::scanner: Discovering "C:\\Users\\admin\\premium-invest-8\\data\\servicesCatalog.jsx"
2026-01-18T05:14:40.025803Z  INFO scan_sources: tailwindcss_oxide::scanner: Discovering "C:\\Users\\admin\\premium-invest-8\\data\\sipPlans.json"
2026-01-18T05:14:40.025826Z  INFO scan_sources: tailwindcss_oxide::scanner: Discovering "C:\\Users\\admin\\premium-invest-8\\data\\staticBlogData.js"
2026-01-18T05:14:40.025868Z  INFO scan_sources: tailwindcss_oxide::scanner: Discovering "C:\\Users\\admin\\premium-invest-8\\database_backup"
2026-01-18T05:14:40.025938Z  INFO scan_sources: tailwindcss_oxide::scanner: Discovering "C:\\Users\\admin\\premium-invest-8\\database_backup\\test_database"
2026-01-18T05:14:40.026000Z  INFO scan_sources: tailwindcss_oxide::scanner: Discovering "C:\\Users\\admin\\premium-invest-8\\database_backup\\test_database\\blog_posts.bson"
2026-01-18T05:14:40.026024Z  INFO scan_sources: tailwindcss_oxide::scanner: Discovering "C:\\Users\\admin\\premium-invest-8\\database_backup\\test_database\\blog_posts.metadata.json"
2026-01-18T05:14:40.026047Z  INFO scan_sources: tailwindcss_oxide::scanner: Discovering "C:\\Users\\admin\\premium-invest-8\\database_backup\\test_database\\contacts.bson"
2026-01-18T05:14:40.026070Z  INFO scan_sources: tailwindcss_oxide::scanner: Discovering "C:\\Users\\admin\\premium-invest-8\\database_backup\\test_database\\contacts.metadata.json"
2026-01-18T05:14:40.026093Z  INFO scan_sources: tailwindcss_oxide::scanner: Discovering "C:\\Users\\admin\\premium-invest-8\\database_backup\\test_database\\newsletter.bson"
2026-01-18T05:14:40.026115Z  INFO scan_sources: tailwindcss_oxide::scanner: Discovering "C:\\Users\\admin\\premium-invest-8\\database_backup\\test_database\\newsletter.metadata.json"
2026-01-18T05:14:40.026136Z  INFO scan_sources: tailwindcss_oxide::scanner: Discovering "C:\\Users\\admin\\premium-invest-8\\database_backup\\test_database\\prelude.json"
2026-01-18T05:14:40.026159Z  INFO scan_sources: tailwindcss_oxide::scanner: Discovering "C:\\Users\\admin\\premium-invest-8\\database_backup\\test_database\\status_checks.bson"
2026-01-18T05:14:40.026181Z  INFO scan_sources: tailwindcss_oxide::scanner: Discovering "C:\\Users\\admin\\premium-invest-8\\database_backup\\test_database\\status_checks.metadata.json"
2026-01-18T05:14:40.026217Z  INFO scan_sources: tailwindcss_oxide::scanner: Discovering "C:\\Users\\admin\\premium-invest-8\\DEPLOYMENT_GUIDE.md"
2026-01-18T05:14:40.026238Z  INFO scan_sources: tailwindcss_oxide::scanner: Discovering "C:\\Users\\admin\\premium-invest-8\\DEPLOYMENT_READINESS.md"
2026-01-18T05:14:40.026293Z  INFO scan_sources: tailwindcss_oxide::scanner: Discovering "C:\\Users\\admin\\premium-invest-8\\docs"
2026-01-18T05:14:40.026352Z  INFO scan_sources: tailwindcss_oxide::scanner: Discovering "C:\\Users\\admin\\premium-invest-8\\docs\\AI_HEADLINES_ARCHITECTURE.md"
2026-01-18T05:14:40.026374Z  INFO scan_sources: tailwindcss_oxide::scanner: Discovering "C:\\Users\\admin\\premium-invest-8\\docs\\API.md"
2026-01-18T05:14:40.026395Z  INFO scan_sources: tailwindcss_oxide::scanner: Discovering "C:\\Users\\admin\\premium-invest-8\\docs\\ARCHITECTURE.md"
2026-01-18T05:14:40.026417Z  INFO scan_sources: tailwindcss_oxide::scanner: Discovering "C:\\Users\\admin\\premium-invest-8\\docs\\CHEATSHEET.md"
2026-01-18T05:14:40.026439Z  INFO scan_sources: tailwindcss_oxide::scanner: Discovering "C:\\Users\\admin\\premium-invest-8\\docs\\COLOR_REFERENCE.md"
2026-01-18T05:14:40.026460Z  INFO scan_sources: tailwindcss_oxide::scanner: Discovering "C:\\Users\\admin\\premium-invest-8\\docs\\COMPONENTS.md"
2026-01-18T05:14:40.026482Z  INFO scan_sources: tailwindcss_oxide::scanner: Discovering "C:\\Users\\admin\\premium-invest-8\\docs\\COOKBOOK.md"
2026-01-18T05:14:40.026503Z  INFO scan_sources: tailwindcss_oxide::scanner: Discovering "C:\\Users\\admin\\premium-invest-8\\docs\\DATABASE.md"
2026-01-18T05:14:40.026524Z  INFO scan_sources: tailwindcss_oxide::scanner: Discovering "C:\\Users\\admin\\premium-invest-8\\docs\\DEPENDENCIES.md"
2026-01-18T05:14:40.026561Z  INFO scan_sources: tailwindcss_oxide::scanner: Discovering "C:\\Users\\admin\\premium-invest-8\\docs\\design-references"
2026-01-18T05:14:40.026620Z  INFO scan_sources: tailwindcss_oxide::scanner: Discovering "C:\\Users\\admin\\premium-invest-8\\docs\\design-references\\mutual-funds-luxury-style-reference_2026-01-07.md"
2026-01-18T05:14:40.026649Z  INFO scan_sources: tailwindcss_oxide::scanner: Discovering "C:\\Users\\admin\\premium-invest-8\\docs\\ENV.md"
2026-01-18T05:14:40.026670Z  INFO scan_sources: tailwindcss_oxide::scanner: Discovering "C:\\Users\\admin\\premium-invest-8\\docs\\GLOSSARY.md"
2026-01-18T05:14:40.026706Z  INFO scan_sources: tailwindcss_oxide::scanner: Discovering "C:\\Users\\admin\\premium-invest-8\\docs\\live-intelligence"
2026-01-18T05:14:40.026763Z  INFO scan_sources: tailwindcss_oxide::scanner: Discovering "C:\\Users\\admin\\premium-invest-8\\docs\\live-intelligence\\COMPONENT_CODES.md"
2026-01-18T05:14:40.026785Z  INFO scan_sources: tailwindcss_oxide::scanner: Discovering "C:\\Users\\admin\\premium-invest-8\\docs\\live-intelligence\\MASTER_PLAN.md"
2026-01-18T05:14:40.026807Z  INFO scan_sources: tailwindcss_oxide::scanner: Discovering "C:\\Users\\admin\\premium-invest-8\\docs\\live-intelligence\\TEST_RESULTS.md"
2026-01-18T05:14:40.026829Z  INFO scan_sources: tailwindcss_oxide::scanner: Discovering "C:\\Users\\admin\\premium-invest-8\\docs\\live-intelligence\\VISUAL_REFERENCE.md"
2026-01-18T05:14:40.026858Z  INFO scan_sources: tailwindcss_oxide::scanner: Discovering "C:\\Users\\admin\\premium-invest-8\\docs\\LIVE_INTELLIGENCE_HERO_MASTER.md"
2026-01-18T05:14:40.026880Z  INFO scan_sources: tailwindcss_oxide::scanner: Discovering "C:\\Users\\admin\\premium-invest-8\\docs\\LIVE_MOOD_SPECIFICATION.md"
2026-01-18T05:14:40.026916Z  INFO scan_sources: tailwindcss_oxide::scanner: Discovering "C:\\Users\\admin\\premium-invest-8\\docs\\SCREENSHOTS"
2026-01-18T05:14:40.026974Z  INFO scan_sources: tailwindcss_oxide::scanner: Discovering "C:\\Users\\admin\\premium-invest-8\\docs\\SCREENSHOTS\\01-file-structure.svg"
2026-01-18T05:14:40.026996Z  INFO scan_sources: tailwindcss_oxide::scanner: Discovering "C:\\Users\\admin\\premium-invest-8\\docs\\SCREENSHOTS\\02-constants-colors.svg"
2026-01-18T05:14:40.027018Z  INFO scan_sources: tailwindcss_oxide::scanner: Discovering "C:\\Users\\admin\\premium-invest-8\\docs\\SCREENSHOTS\\03-admin-dashboard.svg"
2026-01-18T05:14:40.027045Z  INFO scan_sources: tailwindcss_oxide::scanner: Discovering "C:\\Users\\admin\\premium-invest-8\\docs\\SCREENSHOTS\\05-browser-console.svg"
2026-01-18T05:14:40.027066Z  INFO scan_sources: tailwindcss_oxide::scanner: Discovering "C:\\Users\\admin\\premium-invest-8\\docs\\SCREENSHOTS\\README.md"
2026-01-18T05:14:40.027094Z  INFO scan_sources: tailwindcss_oxide::scanner: Discovering "C:\\Users\\admin\\premium-invest-8\\docs\\TROUBLESHOOTING.md"
2026-01-18T05:14:40.027115Z  INFO scan_sources: tailwindcss_oxide::scanner: Discovering "C:\\Users\\admin\\premium-invest-8\\docs\\VIDEO_TUTORIALS.md"
2026-01-18T05:14:40.027136Z  INFO scan_sources: tailwindcss_oxide::scanner: Discovering "C:\\Users\\admin\\premium-invest-8\\docs\\VISUAL_GUIDE.md"
2026-01-18T05:14:40.027166Z  INFO scan_sources: tailwindcss_oxide::scanner: Discovering "C:\\Users\\admin\\premium-invest-8\\eslint.config.mjs"
2026-01-18T05:14:40.027201Z  INFO scan_sources: tailwindcss_oxide::scanner: Discovering "C:\\Users\\admin\\premium-invest-8\\features"
2026-01-18T05:14:40.027256Z  INFO scan_sources: tailwindcss_oxide::scanner: Discovering "C:\\Users\\admin\\premium-invest-8\\features\\FEATURES.md"
2026-01-18T05:14:40.027292Z  INFO scan_sources: tailwindcss_oxide::scanner: Discovering "C:\\Users\\admin\\premium-invest-8\\features\\plugins"
2026-01-18T05:14:40.027346Z  INFO scan_sources: tailwindcss_oxide::scanner: Discovering "C:\\Users\\admin\\premium-invest-8\\features\\plugins\\index.js"
2026-01-18T05:14:40.027380Z  INFO scan_sources: tailwindcss_oxide::scanner: Discovering "C:\\Users\\admin\\premium-invest-8\\fix-contact.js"
2026-01-18T05:14:40.027402Z  INFO scan_sources: tailwindcss_oxide::scanner: Discovering "C:\\Users\\admin\\premium-invest-8\\FOUNDATION_COMPLETE.md"
2026-01-18T05:14:40.027439Z  INFO scan_sources: tailwindcss_oxide::scanner: Discovering "C:\\Users\\admin\\premium-invest-8\\frontend"
2026-01-18T05:14:40.027687Z  INFO scan_sources: tailwindcss_oxide::scanner: Discovering "C:\\Users\\admin\\premium-invest-8\\frontend\\components.json"
2026-01-18T05:14:40.027711Z  INFO scan_sources: tailwindcss_oxide::scanner: Discovering "C:\\Users\\admin\\premium-invest-8\\frontend\\craco.config.js"
2026-01-18T05:14:40.027735Z  INFO scan_sources: tailwindcss_oxide::scanner: Discovering "C:\\Users\\admin\\premium-invest-8\\frontend\\jsconfig.json"
2026-01-18T05:14:40.027846Z  INFO scan_sources: tailwindcss_oxide::scanner: Discovering "C:\\Users\\admin\\premium-invest-8\\frontend\\package.json"
2026-01-18T05:14:40.027883Z  INFO scan_sources: tailwindcss_oxide::scanner: Discovering "C:\\Users\\admin\\premium-invest-8\\frontend\\plugins"
2026-01-18T05:14:40.027957Z  INFO scan_sources: tailwindcss_oxide::scanner: Discovering "C:\\Users\\admin\\premium-invest-8\\frontend\\plugins\\health-check"
2026-01-18T05:14:40.028015Z  INFO scan_sources: tailwindcss_oxide::scanner: Discovering "C:\\Users\\admin\\premium-invest-8\\frontend\\plugins\\health-check\\health-endpoints.js"
2026-01-18T05:14:40.028039Z  INFO scan_sources: tailwindcss_oxide::scanner: Discovering "C:\\Users\\admin\\premium-invest-8\\frontend\\plugins\\health-check\\webpack-health-plugin.js"
2026-01-18T05:14:40.028083Z  INFO scan_sources: tailwindcss_oxide::scanner: Discovering "C:\\Users\\admin\\premium-invest-8\\frontend\\plugins\\visual-edits"
2026-01-18T05:14:40.028139Z  INFO scan_sources: tailwindcss_oxide::scanner: Discovering "C:\\Users\\admin\\premium-invest-8\\frontend\\plugins\\visual-edits\\babel-metadata-plugin.js"
2026-01-18T05:14:40.028161Z  INFO scan_sources: tailwindcss_oxide::scanner: Discovering "C:\\Users\\admin\\premium-invest-8\\frontend\\plugins\\visual-edits\\dev-server-setup.js"
2026-01-18T05:14:40.028197Z  INFO scan_sources: tailwindcss_oxide::scanner: Discovering "C:\\Users\\admin\\premium-invest-8\\frontend\\postcss.config.js"
2026-01-18T05:14:40.028234Z  INFO scan_sources: tailwindcss_oxide::scanner: Discovering "C:\\Users\\admin\\premium-invest-8\\frontend\\public"
2026-01-18T05:14:40.028326Z  INFO scan_sources: tailwindcss_oxide::scanner: Discovering "C:\\Users\\admin\\premium-invest-8\\frontend\\public\\blog-images"
2026-01-18T05:14:40.028413Z  INFO scan_sources: tailwindcss_oxide::scanner: Discovering "C:\\Users\\admin\\premium-invest-8\\frontend\\public\\fonts"
2026-01-18T05:14:40.028468Z  INFO scan_sources: tailwindcss_oxide::scanner: Discovering "C:\\Users\\admin\\premium-invest-8\\frontend\\public\\fonts\\fonts.css"
2026-01-18T05:14:40.028498Z  INFO scan_sources: tailwindcss_oxide::scanner: Discovering "C:\\Users\\admin\\premium-invest-8\\frontend\\public\\index.html"
2026-01-18T05:14:40.028559Z  INFO scan_sources: tailwindcss_oxide::scanner: Discovering "C:\\Users\\admin\\premium-invest-8\\frontend\\public\\robots.txt"
2026-01-18T05:14:40.028582Z  INFO scan_sources: tailwindcss_oxide::scanner: Discovering "C:\\Users\\admin\\premium-invest-8\\frontend\\public\\site.webmanifest"
2026-01-18T05:14:40.028606Z  INFO scan_sources: tailwindcss_oxide::scanner: Discovering "C:\\Users\\admin\\premium-invest-8\\frontend\\public\\sitemap.xml"
2026-01-18T05:14:40.028628Z  INFO scan_sources: tailwindcss_oxide::scanner: Discovering "C:\\Users\\admin\\premium-invest-8\\frontend\\public\\version.txt"
2026-01-18T05:14:40.028657Z  INFO scan_sources: tailwindcss_oxide::scanner: Discovering "C:\\Users\\admin\\premium-invest-8\\frontend\\README.md"
2026-01-18T05:14:40.028693Z  INFO scan_sources: tailwindcss_oxide::scanner: Discovering "C:\\Users\\admin\\premium-invest-8\\frontend\\scripts"
2026-01-18T05:14:40.028750Z  INFO scan_sources: tailwindcss_oxide::scanner: Discovering "C:\\Users\\admin\\premium-invest-8\\frontend\\scripts\\convert-images.js"
2026-01-18T05:14:40.028795Z  INFO scan_sources: tailwindcss_oxide::scanner: Discovering "C:\\Users\\admin\\premium-invest-8\\frontend\\src"
2026-01-18T05:14:40.028853Z  INFO scan_sources: tailwindcss_oxide::scanner: Discovering "C:\\Users\\admin\\premium-invest-8\\frontend\\src\\App.js"
2026-01-18T05:14:40.028891Z  INFO scan_sources: tailwindcss_oxide::scanner: Discovering "C:\\Users\\admin\\premium-invest-8\\frontend\\src\\components"
2026-01-18T05:14:40.028950Z  INFO scan_sources: tailwindcss_oxide::scanner: Discovering "C:\\Users\\admin\\premium-invest-8\\frontend\\src\\components\\FAQSection.js"
2026-01-18T05:14:40.028973Z  INFO scan_sources: tailwindcss_oxide::scanner: Discovering "C:\\Users\\admin\\premium-invest-8\\frontend\\src\\components\\Footer.js"
2026-01-18T05:14:40.028995Z  INFO scan_sources: tailwindcss_oxide::scanner: Discovering "C:\\Users\\admin\\premium-invest-8\\frontend\\src\\components\\Layout.js"
2026-01-18T05:14:40.029018Z  INFO scan_sources: tailwindcss_oxide::scanner: Discovering "C:\\Users\\admin\\premium-invest-8\\frontend\\src\\components\\LazyImage.js"
2026-01-18T05:14:40.029042Z  INFO scan_sources: tailwindcss_oxide::scanner: Discovering "C:\\Users\\admin\\premium-invest-8\\frontend\\src\\components\\LuxuryMobileDock.js"
2026-01-18T05:14:40.029065Z  INFO scan_sources: tailwindcss_oxide::scanner: Discovering "C:\\Users\\admin\\premium-invest-8\\frontend\\src\\components\\Navigation.js"
2026-01-18T05:14:40.029088Z  INFO scan_sources: tailwindcss_oxide::scanner: Discovering "C:\\Users\\admin\\premium-invest-8\\frontend\\src\\components\\ReadingProgress.js"
2026-01-18T05:14:40.029110Z  INFO scan_sources: tailwindcss_oxide::scanner: Discovering "C:\\Users\\admin\\premium-invest-8\\frontend\\src\\components\\RelatedPosts.js"
2026-01-18T05:14:40.029132Z  INFO scan_sources: tailwindcss_oxide::scanner: Discovering "C:\\Users\\admin\\premium-invest-8\\frontend\\src\\components\\TableOfContents.js"
2026-01-18T05:14:40.029173Z  INFO scan_sources: tailwindcss_oxide::scanner: Discovering "C:\\Users\\admin\\premium-invest-8\\frontend\\src\\components\\ui"
2026-01-18T05:14:40.029235Z  INFO scan_sources: tailwindcss_oxide::scanner: Discovering "C:\\Users\\admin\\premium-invest-8\\frontend\\src\\components\\ui\\accordion.jsx"
2026-01-18T05:14:40.029258Z  INFO scan_sources: tailwindcss_oxide::scanner: Discovering "C:\\Users\\admin\\premium-invest-8\\frontend\\src\\components\\ui\\alert-dialog.jsx"
2026-01-18T05:14:40.029281Z  INFO scan_sources: tailwindcss_oxide::scanner: Discovering "C:\\Users\\admin\\premium-invest-8\\frontend\\src\\components\\ui\\alert.jsx"
2026-01-18T05:14:40.029303Z  INFO scan_sources: tailwindcss_oxide::scanner: Discovering "C:\\Users\\admin\\premium-invest-8\\frontend\\src\\components\\ui\\aspect-ratio.jsx"
2026-01-18T05:14:40.029326Z  INFO scan_sources: tailwindcss_oxide::scanner: Discovering "C:\\Users\\admin\\premium-invest-8\\frontend\\src\\components\\ui\\avatar.jsx"
2026-01-18T05:14:40.029348Z  INFO scan_sources: tailwindcss_oxide::scanner: Discovering "C:\\Users\\admin\\premium-invest-8\\frontend\\src\\components\\ui\\badge.jsx"
2026-01-18T05:14:40.029371Z  INFO scan_sources: tailwindcss_oxide::scanner: Discovering "C:\\Users\\admin\\premium-invest-8\\frontend\\src\\components\\ui\\breadcrumb.jsx"
2026-01-18T05:14:40.029393Z  INFO scan_sources: tailwindcss_oxide::scanner: Discovering "C:\\Users\\admin\\premium-invest-8\\frontend\\src\\components\\ui\\button.jsx"
2026-01-18T05:14:40.029417Z  INFO scan_sources: tailwindcss_oxide::scanner: Discovering "C:\\Users\\admin\\premium-invest-8\\frontend\\src\\components\\ui\\calendar.jsx"
2026-01-18T05:14:40.029439Z  INFO scan_sources: tailwindcss_oxide::scanner: Discovering "C:\\Users\\admin\\premium-invest-8\\frontend\\src\\components\\ui\\card.jsx"
2026-01-18T05:14:40.029461Z  INFO scan_sources: tailwindcss_oxide::scanner: Discovering "C:\\Users\\admin\\premium-invest-8\\frontend\\src\\components\\ui\\carousel.jsx"
2026-01-18T05:14:40.029482Z  INFO scan_sources: tailwindcss_oxide::scanner: Discovering "C:\\Users\\admin\\premium-invest-8\\frontend\\src\\components\\ui\\checkbox.jsx"
2026-01-18T05:14:40.029505Z  INFO scan_sources: tailwindcss_oxide::scanner: Discovering "C:\\Users\\admin\\premium-invest-8\\frontend\\src\\components\\ui\\collapsible.jsx"
2026-01-18T05:14:40.029527Z  INFO scan_sources: tailwindcss_oxide::scanner: Discovering "C:\\Users\\admin\\premium-invest-8\\frontend\\src\\components\\ui\\command.jsx"
2026-01-18T05:14:40.029550Z  INFO scan_sources: tailwindcss_oxide::scanner: Discovering "C:\\Users\\admin\\premium-invest-8\\frontend\\src\\components\\ui\\context-menu.jsx"
2026-01-18T05:14:40.029573Z  INFO scan_sources: tailwindcss_oxide::scanner: Discovering "C:\\Users\\admin\\premium-invest-8\\frontend\\src\\components\\ui\\dialog.jsx"
2026-01-18T05:14:40.029594Z  INFO scan_sources: tailwindcss_oxide::scanner: Discovering "C:\\Users\\admin\\premium-invest-8\\frontend\\src\\components\\ui\\drawer.jsx"
2026-01-18T05:14:40.029617Z  INFO scan_sources: tailwindcss_oxide::scanner: Discovering "C:\\Users\\admin\\premium-invest-8\\frontend\\src\\components\\ui\\dropdown-menu.jsx"
2026-01-18T05:14:40.029640Z  INFO scan_sources: tailwindcss_oxide::scanner: Discovering "C:\\Users\\admin\\premium-invest-8\\frontend\\src\\components\\ui\\form.jsx"
2026-01-18T05:14:40.029663Z  INFO scan_sources: tailwindcss_oxide::scanner: Discovering "C:\\Users\\admin\\premium-invest-8\\frontend\\src\\components\\ui\\hover-card.jsx"
2026-01-18T05:14:40.029685Z  INFO scan_sources: tailwindcss_oxide::scanner: Discovering "C:\\Users\\admin\\premium-invest-8\\frontend\\src\\components\\ui\\input-otp.jsx"
2026-01-18T05:14:40.029708Z  INFO scan_sources: tailwindcss_oxide::scanner: Discovering "C:\\Users\\admin\\premium-invest-8\\frontend\\src\\components\\ui\\input.jsx"
2026-01-18T05:14:40.029730Z  INFO scan_sources: tailwindcss_oxide::scanner: Discovering "C:\\Users\\admin\\premium-invest-8\\frontend\\src\\components\\ui\\label.jsx"
2026-01-18T05:14:40.029752Z  INFO scan_sources: tailwindcss_oxide::scanner: Discovering "C:\\Users\\admin\\premium-invest-8\\frontend\\src\\components\\ui\\menubar.jsx"
2026-01-18T05:14:40.029776Z  INFO scan_sources: tailwindcss_oxide::scanner: Discovering "C:\\Users\\admin\\premium-invest-8\\frontend\\src\\components\\ui\\navigation-menu.jsx"
2026-01-18T05:14:40.029798Z  INFO scan_sources: tailwindcss_oxide::scanner: Discovering "C:\\Users\\admin\\premium-invest-8\\frontend\\src\\components\\ui\\pagination.jsx"
2026-01-18T05:14:40.029820Z  INFO scan_sources: tailwindcss_oxide::scanner: Discovering "C:\\Users\\admin\\premium-invest-8\\frontend\\src\\components\\ui\\popover.jsx"
2026-01-18T05:14:40.029842Z  INFO scan_sources: tailwindcss_oxide::scanner: Discovering "C:\\Users\\admin\\premium-invest-8\\frontend\\src\\components\\ui\\progress.jsx"
2026-01-18T05:14:40.029865Z  INFO scan_sources: tailwindcss_oxide::scanner: Discovering "C:\\Users\\admin\\premium-invest-8\\frontend\\src\\components\\ui\\radio-group.jsx"
2026-01-18T05:14:40.029887Z  INFO scan_sources: tailwindcss_oxide::scanner: Discovering "C:\\Users\\admin\\premium-invest-8\\frontend\\src\\components\\ui\\resizable.jsx"
2026-01-18T05:14:40.029911Z  INFO scan_sources: tailwindcss_oxide::scanner: Discovering "C:\\Users\\admin\\premium-invest-8\\frontend\\src\\components\\ui\\scroll-area.jsx"
2026-01-18T05:14:40.029934Z  INFO scan_sources: tailwindcss_oxide::scanner: Discovering "C:\\Users\\admin\\premium-invest-8\\frontend\\src\\components\\ui\\select.jsx"
2026-01-18T05:14:40.029955Z  INFO scan_sources: tailwindcss_oxide::scanner: Discovering "C:\\Users\\admin\\premium-invest-8\\frontend\\src\\components\\ui\\separator.jsx"
2026-01-18T05:14:40.029977Z  INFO scan_sources: tailwindcss_oxide::scanner: Discovering "C:\\Users\\admin\\premium-invest-8\\frontend\\src\\components\\ui\\sheet.jsx"
2026-01-18T05:14:40.029999Z  INFO scan_sources: tailwindcss_oxide::scanner: Discovering "C:\\Users\\admin\\premium-invest-8\\frontend\\src\\components\\ui\\skeleton.jsx"
2026-01-18T05:14:40.030022Z  INFO scan_sources: tailwindcss_oxide::scanner: Discovering "C:\\Users\\admin\\premium-invest-8\\frontend\\src\\components\\ui\\slider.jsx"
2026-01-18T05:14:40.030043Z  INFO scan_sources: tailwindcss_oxide::scanner: Discovering "C:\\Users\\admin\\premium-invest-8\\frontend\\src\\components\\ui\\sonner.jsx"
2026-01-18T05:14:40.030066Z  INFO scan_sources: tailwindcss_oxide::scanner: Discovering "C:\\Users\\admin\\premium-invest-8\\frontend\\src\\components\\ui\\switch.jsx"
2026-01-18T05:14:40.030089Z  INFO scan_sources: tailwindcss_oxide::scanner: Discovering "C:\\Users\\admin\\premium-invest-8\\frontend\\src\\components\\ui\\table.jsx"
2026-01-18T05:14:40.030111Z  INFO scan_sources: tailwindcss_oxide::scanner: Discovering "C:\\Users\\admin\\premium-invest-8\\frontend\\src\\components\\ui\\tabs.jsx"
2026-01-18T05:14:40.030133Z  INFO scan_sources: tailwindcss_oxide::scanner: Discovering "C:\\Users\\admin\\premium-invest-8\\frontend\\src\\components\\ui\\textarea.jsx"
2026-01-18T05:14:40.030155Z  INFO scan_sources: tailwindcss_oxide::scanner: Discovering "C:\\Users\\admin\\premium-invest-8\\frontend\\src\\components\\ui\\toast.jsx"
2026-01-18T05:14:40.030180Z  INFO scan_sources: tailwindcss_oxide::scanner: Discovering "C:\\Users\\admin\\premium-invest-8\\frontend\\src\\components\\ui\\toaster.jsx"
2026-01-18T05:14:40.030203Z  INFO scan_sources: tailwindcss_oxide::scanner: Discovering "C:\\Users\\admin\\premium-invest-8\\frontend\\src\\components\\ui\\toggle-group.jsx"
2026-01-18T05:14:40.030225Z  INFO scan_sources: tailwindcss_oxide::scanner: Discovering "C:\\Users\\admin\\premium-invest-8\\frontend\\src\\components\\ui\\toggle.jsx"
2026-01-18T05:14:40.030247Z  INFO scan_sources: tailwindcss_oxide::scanner: Discovering "C:\\Users\\admin\\premium-invest-8\\frontend\\src\\components\\ui\\tooltip.jsx"
2026-01-18T05:14:40.030277Z  INFO scan_sources: tailwindcss_oxide::scanner: Discovering "C:\\Users\\admin\\premium-invest-8\\frontend\\src\\components\\WhatsAppFloat.js"
2026-01-18T05:14:40.030320Z  INFO scan_sources: tailwindcss_oxide::scanner: Discovering "C:\\Users\\admin\\premium-invest-8\\frontend\\src\\data"
2026-01-18T05:14:40.030377Z  INFO scan_sources: tailwindcss_oxide::scanner: Discovering "C:\\Users\\admin\\premium-invest-8\\frontend\\src\\data\\staticBlogData.js"
2026-01-18T05:14:40.030419Z  INFO scan_sources: tailwindcss_oxide::scanner: Discovering "C:\\Users\\admin\\premium-invest-8\\frontend\\src\\hooks"
2026-01-18T05:14:40.030474Z  INFO scan_sources: tailwindcss_oxide::scanner: Discovering "C:\\Users\\admin\\premium-invest-8\\frontend\\src\\hooks\\use-toast.js"
2026-01-18T05:14:40.030504Z  INFO scan_sources: tailwindcss_oxide::scanner: Discovering "C:\\Users\\admin\\premium-invest-8\\frontend\\src\\index.css"
2026-01-18T05:14:40.030527Z  INFO scan_sources: tailwindcss_oxide::scanner: Discovering "C:\\Users\\admin\\premium-invest-8\\frontend\\src\\index.js"
2026-01-18T05:14:40.030562Z  INFO scan_sources: tailwindcss_oxide::scanner: Discovering "C:\\Users\\admin\\premium-invest-8\\frontend\\src\\lib"
2026-01-18T05:14:40.030616Z  INFO scan_sources: tailwindcss_oxide::scanner: Discovering "C:\\Users\\admin\\premium-invest-8\\frontend\\src\\lib\\utils.js"
2026-01-18T05:14:40.030660Z  INFO scan_sources: tailwindcss_oxide::scanner: Discovering "C:\\Users\\admin\\premium-invest-8\\frontend\\src\\pages"
2026-01-18T05:14:40.030719Z  INFO scan_sources: tailwindcss_oxide::scanner: Discovering "C:\\Users\\admin\\premium-invest-8\\frontend\\src\\pages\\About.js"
2026-01-18T05:14:40.030741Z  INFO scan_sources: tailwindcss_oxide::scanner: Discovering "C:\\Users\\admin\\premium-invest-8\\frontend\\src\\pages\\Blog.js"
2026-01-18T05:14:40.030765Z  INFO scan_sources: tailwindcss_oxide::scanner: Discovering "C:\\Users\\admin\\premium-invest-8\\frontend\\src\\pages\\BlogDetail.js"
2026-01-18T05:14:40.030788Z  INFO scan_sources: tailwindcss_oxide::scanner: Discovering "C:\\Users\\admin\\premium-invest-8\\frontend\\src\\pages\\Careers.js"
2026-01-18T05:14:40.030810Z  INFO scan_sources: tailwindcss_oxide::scanner: Discovering "C:\\Users\\admin\\premium-invest-8\\frontend\\src\\pages\\Compliance.js"
2026-01-18T05:14:40.030834Z  INFO scan_sources: tailwindcss_oxide::scanner: Discovering "C:\\Users\\admin\\premium-invest-8\\frontend\\src\\pages\\compliance_backup.txt"
2026-01-18T05:14:40.030856Z  INFO scan_sources: tailwindcss_oxide::scanner: Discovering "C:\\Users\\admin\\premium-invest-8\\frontend\\src\\pages\\Contact.js"
2026-01-18T05:14:40.030879Z  INFO scan_sources: tailwindcss_oxide::scanner: Discovering "C:\\Users\\admin\\premium-invest-8\\frontend\\src\\pages\\CuratedPartners.js"
2026-01-18T05:14:40.030901Z  INFO scan_sources: tailwindcss_oxide::scanner: Discovering "C:\\Users\\admin\\premium-invest-8\\frontend\\src\\pages\\Disclaimer.jsx"
2026-01-18T05:14:40.030923Z  INFO scan_sources: tailwindcss_oxide::scanner: Discovering "C:\\Users\\admin\\premium-invest-8\\frontend\\src\\pages\\FixedDeposits.js"
2026-01-18T05:14:40.030949Z  INFO scan_sources: tailwindcss_oxide::scanner: Discovering "C:\\Users\\admin\\premium-invest-8\\frontend\\src\\pages\\Home.js"
2026-01-18T05:14:40.030972Z  INFO scan_sources: tailwindcss_oxide::scanner: Discovering "C:\\Users\\admin\\premium-invest-8\\frontend\\src\\pages\\Insurance.js"
2026-01-18T05:14:40.030997Z  INFO scan_sources: tailwindcss_oxide::scanner: Discovering "C:\\Users\\admin\\premium-invest-8\\frontend\\src\\pages\\MutualFunds.js"
2026-01-18T05:14:40.031019Z  INFO scan_sources: tailwindcss_oxide::scanner: Discovering "C:\\Users\\admin\\premium-invest-8\\frontend\\src\\pages\\Platforms.js"
2026-01-18T05:14:40.031043Z  INFO scan_sources: tailwindcss_oxide::scanner: Discovering "C:\\Users\\admin\\premium-invest-8\\frontend\\src\\pages\\PortfolioManagement.js"
2026-01-18T05:14:40.031065Z  INFO scan_sources: tailwindcss_oxide::scanner: Discovering "C:\\Users\\admin\\premium-invest-8\\frontend\\src\\pages\\PrivacyPolicy.jsx"
2026-01-18T05:14:40.031088Z  INFO scan_sources: tailwindcss_oxide::scanner: Discovering "C:\\Users\\admin\\premium-invest-8\\frontend\\src\\pages\\RefundPolicy.jsx"
2026-01-18T05:14:40.031110Z  INFO scan_sources: tailwindcss_oxide::scanner: Discovering "C:\\Users\\admin\\premium-invest-8\\frontend\\src\\pages\\Services.js"
2026-01-18T05:14:40.031132Z  INFO scan_sources: tailwindcss_oxide::scanner: Discovering "C:\\Users\\admin\\premium-invest-8\\frontend\\src\\pages\\SIPServices.js"
2026-01-18T05:14:40.031154Z  INFO scan_sources: tailwindcss_oxide::scanner: Discovering "C:\\Users\\admin\\premium-invest-8\\frontend\\src\\pages\\Sitemap.js"
2026-01-18T05:14:40.031176Z  INFO scan_sources: tailwindcss_oxide::scanner: Discovering "C:\\Users\\admin\\premium-invest-8\\frontend\\src\\pages\\TermsAndConditions.jsx"
2026-01-18T05:14:40.031199Z  INFO scan_sources: tailwindcss_oxide::scanner: Discovering "C:\\Users\\admin\\premium-invest-8\\frontend\\src\\pages\\TradingServices.js"
2026-01-18T05:14:40.031228Z  INFO scan_sources: tailwindcss_oxide::scanner: Discovering "C:\\Users\\admin\\premium-invest-8\\frontend\\src\\service-worker.js"
2026-01-18T05:14:40.031251Z  INFO scan_sources: tailwindcss_oxide::scanner: Discovering "C:\\Users\\admin\\premium-invest-8\\frontend\\src\\serviceWorkerRegistration.js"
2026-01-18T05:14:40.031280Z  INFO scan_sources: tailwindcss_oxide::scanner: Discovering "C:\\Users\\admin\\premium-invest-8\\frontend\\tailwind.config.js"
2026-01-18T05:14:40.031330Z  INFO scan_sources: tailwindcss_oxide::scanner: Discovering "C:\\Users\\admin\\premium-invest-8\\FRONTEND_STATIC_BLOG_SOLUTION.md"
2026-01-18T05:14:40.031352Z  INFO scan_sources: tailwindcss_oxide::scanner: Discovering "C:\\Users\\admin\\premium-invest-8\\GMAIL_PASSWORD_GUIDE.md"
2026-01-18T05:14:40.031374Z  INFO scan_sources: tailwindcss_oxide::scanner: Discovering "C:\\Users\\admin\\premium-invest-8\\GOOGLE_SEARCH_CONSOLE_SETUP.md"
2026-01-18T05:14:40.031396Z  INFO scan_sources: tailwindcss_oxide::scanner: Discovering "C:\\Users\\admin\\premium-invest-8\\HOME_PAGE_FEEDBACK.md"
2026-01-18T05:14:40.031432Z  INFO scan_sources: tailwindcss_oxide::scanner: Discovering "C:\\Users\\admin\\premium-invest-8\\hooks"
2026-01-18T05:14:40.031488Z  INFO scan_sources: tailwindcss_oxide::scanner: Discovering "C:\\Users\\admin\\premium-invest-8\\hooks\\useIsMobile.js"
2026-01-18T05:14:40.031517Z  INFO scan_sources: tailwindcss_oxide::scanner: Discovering "C:\\Users\\admin\\premium-invest-8\\jest.config.js"
2026-01-18T05:14:40.031539Z  INFO scan_sources: tailwindcss_oxide::scanner: Discovering "C:\\Users\\admin\\premium-invest-8\\jest.setup.js"
2026-01-18T05:14:40.031561Z  INFO scan_sources: tailwindcss_oxide::scanner: Discovering "C:\\Users\\admin\\premium-invest-8\\jsconfig.json"
2026-01-18T05:14:40.031583Z  INFO scan_sources: tailwindcss_oxide::scanner: Discovering "C:\\Users\\admin\\premium-invest-8\\LATEST_BLOG_SECTION_EXPLANATION.md"
2026-01-18T05:14:40.031605Z  INFO scan_sources: tailwindcss_oxide::scanner: Discovering "C:\\Users\\admin\\premium-invest-8\\LEARNING.md"
2026-01-18T05:14:40.031642Z  INFO scan_sources: tailwindcss_oxide::scanner: Discovering "C:\\Users\\admin\\premium-invest-8\\lib"
2026-01-18T05:14:40.031703Z  INFO scan_sources: tailwindcss_oxide::scanner: Discovering "C:\\Users\\admin\\premium-invest-8\\lib\\adminSession.js"
2026-01-18T05:14:40.031740Z  INFO scan_sources: tailwindcss_oxide::scanner: Discovering "C:\\Users\\admin\\premium-invest-8\\lib\\affiliate"
2026-01-18T05:14:40.031794Z  INFO scan_sources: tailwindcss_oxide::scanner: Discovering "C:\\Users\\admin\\premium-invest-8\\lib\\affiliate\\tracker.js"
2026-01-18T05:14:40.031838Z  INFO scan_sources: tailwindcss_oxide::scanner: Discovering "C:\\Users\\admin\\premium-invest-8\\lib\\ai"
2026-01-18T05:14:40.031895Z  INFO scan_sources: tailwindcss_oxide::scanner: Discovering "C:\\Users\\admin\\premium-invest-8\\lib\\ai\\claude.js"
2026-01-18T05:14:40.031917Z  INFO scan_sources: tailwindcss_oxide::scanner: Discovering "C:\\Users\\admin\\premium-invest-8\\lib\\ai\\contextManager.js"
2026-01-18T05:14:40.031938Z  INFO scan_sources: tailwindcss_oxide::scanner: Discovering "C:\\Users\\admin\\premium-invest-8\\lib\\ai\\gemini.js"
2026-01-18T05:14:40.031959Z  INFO scan_sources: tailwindcss_oxide::scanner: Discovering "C:\\Users\\admin\\premium-invest-8\\lib\\ai\\groq.js"
2026-01-18T05:14:40.031981Z  INFO scan_sources: tailwindcss_oxide::scanner: Discovering "C:\\Users\\admin\\premium-invest-8\\lib\\ai\\intentAnalyzer.js"
2026-01-18T05:14:40.032002Z  INFO scan_sources: tailwindcss_oxide::scanner: Discovering "C:\\Users\\admin\\premium-invest-8\\lib\\ai\\provider.js"
2026-01-18T05:14:40.032023Z  INFO scan_sources: tailwindcss_oxide::scanner: Discovering "C:\\Users\\admin\\premium-invest-8\\lib\\ai\\suggestionGenerator.js"
2026-01-18T05:14:40.032052Z  INFO scan_sources: tailwindcss_oxide::scanner: Discovering "C:\\Users\\admin\\premium-invest-8\\lib\\analytics.js"
2026-01-18T05:14:40.032088Z  INFO scan_sources: tailwindcss_oxide::scanner: Discovering "C:\\Users\\admin\\premium-invest-8\\lib\\auth"
2026-01-18T05:14:40.032144Z  INFO scan_sources: tailwindcss_oxide::scanner: Discovering "C:\\Users\\admin\\premium-invest-8\\lib\\auth\\adminTokenClient.js"
2026-01-18T05:14:40.032166Z  INFO scan_sources: tailwindcss_oxide::scanner: Discovering "C:\\Users\\admin\\premium-invest-8\\lib\\auth\\familyTokenClient.js"
2026-01-18T05:14:40.032188Z  INFO scan_sources: tailwindcss_oxide::scanner: Discovering "C:\\Users\\admin\\premium-invest-8\\lib\\auth\\passwords.js"
2026-01-18T05:14:40.032210Z  INFO scan_sources: tailwindcss_oxide::scanner: Discovering "C:\\Users\\admin\\premium-invest-8\\lib\\auth\\secrets.js"
2026-01-18T05:14:40.032232Z  INFO scan_sources: tailwindcss_oxide::scanner: Discovering "C:\\Users\\admin\\premium-invest-8\\lib\\auth\\session.js"
2026-01-18T05:14:40.032273Z  INFO scan_sources: tailwindcss_oxide::scanner: Discovering "C:\\Users\\admin\\premium-invest-8\\lib\\cache"
2026-01-18T05:14:40.032327Z  INFO scan_sources: tailwindcss_oxide::scanner: Discovering "C:\\Users\\admin\\premium-invest-8\\lib\\cache\\smartCache.js"
2026-01-18T05:14:40.032370Z  INFO scan_sources: tailwindcss_oxide::scanner: Discovering "C:\\Users\\admin\\premium-invest-8\\lib\\db"
2026-01-18T05:14:40.032425Z  INFO scan_sources: tailwindcss_oxide::scanner: Discovering "C:\\Users\\admin\\premium-invest-8\\lib\\db\\affiliateLinks.js"
2026-01-18T05:14:40.032447Z  INFO scan_sources: tailwindcss_oxide::scanner: Discovering "C:\\Users\\admin\\premium-invest-8\\lib\\db\\conversations.js"
2026-01-18T05:14:40.032469Z  INFO scan_sources: tailwindcss_oxide::scanner: Discovering "C:\\Users\\admin\\premium-invest-8\\lib\\db\\emailPreferences.js"
2026-01-18T05:14:40.032490Z  INFO scan_sources: tailwindcss_oxide::scanner: Discovering "C:\\Users\\admin\\premium-invest-8\\lib\\db\\events.js"
2026-01-18T05:14:40.032511Z  INFO scan_sources: tailwindcss_oxide::scanner: Discovering "C:\\Users\\admin\\premium-invest-8\\lib\\db\\leads.js"
2026-01-18T05:14:40.032533Z  INFO scan_sources: tailwindcss_oxide::scanner: Discovering "C:\\Users\\admin\\premium-invest-8\\lib\\db\\pitches.js"
2026-01-18T05:14:40.032554Z  INFO scan_sources: tailwindcss_oxide::scanner: Discovering "C:\\Users\\admin\\premium-invest-8\\lib\\db\\supabaseAdmin.js"
2026-01-18T05:14:40.032576Z  INFO scan_sources: tailwindcss_oxide::scanner: Discovering "C:\\Users\\admin\\premium-invest-8\\lib\\db\\whatsappFollowups.js"
2026-01-18T05:14:40.032619Z  INFO scan_sources: tailwindcss_oxide::scanner: Discovering "C:\\Users\\admin\\premium-invest-8\\lib\\email"
2026-01-18T05:14:40.032676Z  INFO scan_sources: tailwindcss_oxide::scanner: Discovering "C:\\Users\\admin\\premium-invest-8\\lib\\email\\emailService.js"
2026-01-18T05:14:40.032698Z  INFO scan_sources: tailwindcss_oxide::scanner: Discovering "C:\\Users\\admin\\premium-invest-8\\lib\\email\\propertyVsSipTemplates.js"
2026-01-18T05:14:40.032720Z  INFO scan_sources: tailwindcss_oxide::scanner: Discovering "C:\\Users\\admin\\premium-invest-8\\lib\\email\\taxBlueprintTemplates.js"
2026-01-18T05:14:40.032742Z  INFO scan_sources: tailwindcss_oxide::scanner: Discovering "C:\\Users\\admin\\premium-invest-8\\lib\\email\\templates.js"
2026-01-18T05:14:40.032770Z  INFO scan_sources: tailwindcss_oxide::scanner: Discovering "C:\\Users\\admin\\premium-invest-8\\lib\\env.js"
2026-01-18T05:14:40.032792Z  INFO scan_sources: tailwindcss_oxide::scanner: Discovering "C:\\Users\\admin\\premium-invest-8\\lib\\familySession.js"
2026-01-18T05:14:40.032828Z  INFO scan_sources: tailwindcss_oxide::scanner: Discovering "C:\\Users\\admin\\premium-invest-8\\lib\\hooks"
2026-01-18T05:14:40.032884Z  INFO scan_sources: tailwindcss_oxide::scanner: Discovering "C:\\Users\\admin\\premium-invest-8\\lib\\hooks\\useAdmin.js"
2026-01-18T05:14:40.032906Z  INFO scan_sources: tailwindcss_oxide::scanner: Discovering "C:\\Users\\admin\\premium-invest-8\\lib\\hooks\\useAIChat.js"
2026-01-18T05:14:40.032927Z  INFO scan_sources: tailwindcss_oxide::scanner: Discovering "C:\\Users\\admin\\premium-invest-8\\lib\\hooks\\useAnalytics.js"
2026-01-18T05:14:40.032950Z  INFO scan_sources: tailwindcss_oxide::scanner: Discovering "C:\\Users\\admin\\premium-invest-8\\lib\\hooks\\useCalculatorTracking.js"
2026-01-18T05:14:40.032972Z  INFO scan_sources: tailwindcss_oxide::scanner: Discovering "C:\\Users\\admin\\premium-invest-8\\lib\\hooks\\useLeadCapture.js"
2026-01-18T05:14:40.033016Z  INFO scan_sources: tailwindcss_oxide::scanner: Discovering "C:\\Users\\admin\\premium-invest-8\\lib\\live-intelligence"
2026-01-18T05:14:40.033074Z  INFO scan_sources: tailwindcss_oxide::scanner: Discovering "C:\\Users\\admin\\premium-invest-8\\lib\\live-intelligence\\ai-summary.js"
2026-01-18T05:14:40.033096Z  INFO scan_sources: tailwindcss_oxide::scanner: Discovering "C:\\Users\\admin\\premium-invest-8\\lib\\live-intelligence\\analytics.js"
2026-01-18T05:14:40.033119Z  INFO scan_sources: tailwindcss_oxide::scanner: Discovering "C:\\Users\\admin\\premium-invest-8\\lib\\live-intelligence\\data-sources.js"
2026-01-18T05:14:40.033142Z  INFO scan_sources: tailwindcss_oxide::scanner: Discovering "C:\\Users\\admin\\premium-invest-8\\lib\\live-intelligence\\gamification.js"
2026-01-18T05:14:40.033164Z  INFO scan_sources: tailwindcss_oxide::scanner: Discovering "C:\\Users\\admin\\premium-invest-8\\lib\\live-intelligence\\headlines.js"
2026-01-18T05:14:40.033186Z  INFO scan_sources: tailwindcss_oxide::scanner: Discovering "C:\\Users\\admin\\premium-invest-8\\lib\\live-intelligence\\modes.js"
2026-01-18T05:14:40.033208Z  INFO scan_sources: tailwindcss_oxide::scanner: Discovering "C:\\Users\\admin\\premium-invest-8\\lib\\live-intelligence\\pdfGenerator.js"
2026-01-18T05:14:40.033230Z  INFO scan_sources: tailwindcss_oxide::scanner: Discovering "C:\\Users\\admin\\premium-invest-8\\lib\\live-intelligence\\personalization.js"
2026-01-18T05:14:40.033252Z  INFO scan_sources: tailwindcss_oxide::scanner: Discovering "C:\\Users\\admin\\premium-invest-8\\lib\\live-intelligence\\theme.js"
2026-01-18T05:14:40.033274Z  INFO scan_sources: tailwindcss_oxide::scanner: Discovering "C:\\Users\\admin\\premium-invest-8\\lib\\live-intelligence\\voice.js"
2026-01-18T05:14:40.033319Z  INFO scan_sources: tailwindcss_oxide::scanner: Discovering "C:\\Users\\admin\\premium-invest-8\\lib\\monitoring"
2026-01-18T05:14:40.033375Z  INFO scan_sources: tailwindcss_oxide::scanner: Discovering "C:\\Users\\admin\\premium-invest-8\\lib\\monitoring\\apiUsage.js"
2026-01-18T05:14:40.033397Z  INFO scan_sources: tailwindcss_oxide::scanner: Discovering "C:\\Users\\admin\\premium-invest-8\\lib\\monitoring\\email-alerts.js"
2026-01-18T05:14:40.033420Z  INFO scan_sources: tailwindcss_oxide::scanner: Discovering "C:\\Users\\admin\\premium-invest-8\\lib\\monitoring\\health-check.js"
2026-01-18T05:14:40.033441Z  INFO scan_sources: tailwindcss_oxide::scanner: Discovering "C:\\Users\\admin\\premium-invest-8\\lib\\monitoring\\logger.js"
2026-01-18T05:14:40.033485Z  INFO scan_sources: tailwindcss_oxide::scanner: Discovering "C:\\Users\\admin\\premium-invest-8\\lib\\pdf"
2026-01-18T05:14:40.033540Z  INFO scan_sources: tailwindcss_oxide::scanner: Discovering "C:\\Users\\admin\\premium-invest-8\\lib\\pdf\\bmWealthBlueprint15.js"
2026-01-18T05:14:40.033561Z  INFO scan_sources: tailwindcss_oxide::scanner: Discovering "C:\\Users\\admin\\premium-invest-8\\lib\\pdf\\bmWealthPremiumReport.js"
2026-01-18T05:14:40.033583Z  INFO scan_sources: tailwindcss_oxide::scanner: Discovering "C:\\Users\\admin\\premium-invest-8\\lib\\pdf\\calculatorBlueprintTemplate.js"
2026-01-18T05:14:40.033605Z  INFO scan_sources: tailwindcss_oxide::scanner: Discovering "C:\\Users\\admin\\premium-invest-8\\lib\\pdf\\propertyVsSipPremium18.js"
2026-01-18T05:14:40.033626Z  INFO scan_sources: tailwindcss_oxide::scanner: Discovering "C:\\Users\\admin\\premium-invest-8\\lib\\pdf\\serviceBrochure.js"
2026-01-18T05:14:40.033648Z  INFO scan_sources: tailwindcss_oxide::scanner: Discovering "C:\\Users\\admin\\premium-invest-8\\lib\\pdf\\taxBlueprint.js"
2026-01-18T05:14:40.033690Z  INFO scan_sources: tailwindcss_oxide::scanner: Discovering "C:\\Users\\admin\\premium-invest-8\\lib\\pitching"
2026-01-18T05:14:40.033744Z  INFO scan_sources: tailwindcss_oxide::scanner: Discovering "C:\\Users\\admin\\premium-invest-8\\lib\\pitching\\intentDetector.js"
2026-01-18T05:14:40.033766Z  INFO scan_sources: tailwindcss_oxide::scanner: Discovering "C:\\Users\\admin\\premium-invest-8\\lib\\pitching\\pitches.js"
2026-01-18T05:14:40.033807Z  INFO scan_sources: tailwindcss_oxide::scanner: Discovering "C:\\Users\\admin\\premium-invest-8\\lib\\plugins"
2026-01-18T05:14:40.033861Z  INFO scan_sources: tailwindcss_oxide::scanner: Discovering "C:\\Users\\admin\\premium-invest-8\\lib\\plugins\\loadPlugins.js"
2026-01-18T05:14:40.033883Z  INFO scan_sources: tailwindcss_oxide::scanner: Discovering "C:\\Users\\admin\\premium-invest-8\\lib\\plugins\\PluginManager.js"
2026-01-18T05:14:40.033911Z  INFO scan_sources: tailwindcss_oxide::scanner: Discovering "C:\\Users\\admin\\premium-invest-8\\lib\\property-vs-sip.js"
2026-01-18T05:14:40.033946Z  INFO scan_sources: tailwindcss_oxide::scanner: Discovering "C:\\Users\\admin\\premium-invest-8\\lib\\seo"
2026-01-18T05:14:40.033999Z  INFO scan_sources: tailwindcss_oxide::scanner: Discovering "C:\\Users\\admin\\premium-invest-8\\lib\\seo\\metadata.js"
2026-01-18T05:14:40.034028Z  INFO scan_sources: tailwindcss_oxide::scanner: Discovering "C:\\Users\\admin\\premium-invest-8\\lib\\supabaseAdmin.js"
2026-01-18T05:14:40.034049Z  INFO scan_sources: tailwindcss_oxide::scanner: Discovering "C:\\Users\\admin\\premium-invest-8\\lib\\tax-formulas.js"
2026-01-18T05:14:40.034085Z  INFO scan_sources: tailwindcss_oxide::scanner: Discovering "C:\\Users\\admin\\premium-invest-8\\lib\\templates"
2026-01-18T05:14:40.034139Z  INFO scan_sources: tailwindcss_oxide::scanner: Discovering "C:\\Users\\admin\\premium-invest-8\\lib\\templates\\whatsappFollowups.js"
2026-01-18T05:14:40.034182Z  INFO scan_sources: tailwindcss_oxide::scanner: Discovering "C:\\Users\\admin\\premium-invest-8\\lib\\ui"
2026-01-18T05:14:40.034239Z  INFO scan_sources: tailwindcss_oxide::scanner: Discovering "C:\\Users\\admin\\premium-invest-8\\lib\\ui\\bodyTextPaletteStyles.js"
2026-01-18T05:14:40.034260Z  INFO scan_sources: tailwindcss_oxide::scanner: Discovering "C:\\Users\\admin\\premium-invest-8\\lib\\ui\\serviceLuxuryStyles.js"
2026-01-18T05:14:40.034281Z  INFO scan_sources: tailwindcss_oxide::scanner: Discovering "C:\\Users\\admin\\premium-invest-8\\lib\\ui\\serviceMobilePulse.js"
2026-01-18T05:14:40.034324Z  INFO scan_sources: tailwindcss_oxide::scanner: Discovering "C:\\Users\\admin\\premium-invest-8\\lib\\utils"
2026-01-18T05:14:40.034383Z  INFO scan_sources: tailwindcss_oxide::scanner: Discovering "C:\\Users\\admin\\premium-invest-8\\lib\\utils\\cache.js"
2026-01-18T05:14:40.034405Z  INFO scan_sources: tailwindcss_oxide::scanner: Discovering "C:\\Users\\admin\\premium-invest-8\\lib\\utils\\logger.js"
2026-01-18T05:14:40.034426Z  INFO scan_sources: tailwindcss_oxide::scanner: Discovering "C:\\Users\\admin\\premium-invest-8\\lib\\utils\\rateLimiter.js"
2026-01-18T05:14:40.034448Z  INFO scan_sources: tailwindcss_oxide::scanner: Discovering "C:\\Users\\admin\\premium-invest-8\\lib\\utils\\validator.js"
2026-01-18T05:14:40.034475Z  INFO scan_sources: tailwindcss_oxide::scanner: Discovering "C:\\Users\\admin\\premium-invest-8\\lib\\utils.js"
2026-01-18T05:14:40.034510Z  INFO scan_sources: tailwindcss_oxide::scanner: Discovering "C:\\Users\\admin\\premium-invest-8\\lib\\whatsapp"
2026-01-18T05:14:40.034567Z  INFO scan_sources: tailwindcss_oxide::scanner: Discovering "C:\\Users\\admin\\premium-invest-8\\lib\\whatsapp\\propertyVsSipFollowupTemplates.js"
2026-01-18T05:14:40.034590Z  INFO scan_sources: tailwindcss_oxide::scanner: Discovering "C:\\Users\\admin\\premium-invest-8\\lib\\whatsapp\\whatsappService.js"
2026-01-18T05:14:40.034626Z  INFO scan_sources: tailwindcss_oxide::scanner: Discovering "C:\\Users\\admin\\premium-invest-8\\middleware.js"
2026-01-18T05:14:40.034649Z  INFO scan_sources: tailwindcss_oxide::scanner: Discovering "C:\\Users\\admin\\premium-invest-8\\migrate-final.js"
2026-01-18T05:14:40.034670Z  INFO scan_sources: tailwindcss_oxide::scanner: Discovering "C:\\Users\\admin\\premium-invest-8\\migrate-pages.js"
2026-01-18T05:14:40.034692Z  INFO scan_sources: tailwindcss_oxide::scanner: Discovering "C:\\Users\\admin\\premium-invest-8\\migrate-remaining.js"
2026-01-18T05:14:40.034713Z  INFO scan_sources: tailwindcss_oxide::scanner: Discovering "C:\\Users\\admin\\premium-invest-8\\MIGRATION.md"
2026-01-18T05:14:40.034735Z  INFO scan_sources: tailwindcss_oxide::scanner: Discovering "C:\\Users\\admin\\premium-invest-8\\MODULARIZATION.md"
2026-01-18T05:14:40.034762Z  INFO scan_sources: tailwindcss_oxide::scanner: Discovering "C:\\Users\\admin\\premium-invest-8\\next.config.mjs"
2026-01-18T05:14:40.034860Z  INFO scan_sources: tailwindcss_oxide::scanner: Discovering "C:\\Users\\admin\\premium-invest-8\\OVERLAY_AUDIT_LIVE_INTELLIGENCE.md"
2026-01-18T05:14:40.034885Z  INFO scan_sources: tailwindcss_oxide::scanner: Discovering "C:\\Users\\admin\\premium-invest-8\\package.json"
2026-01-18T05:14:40.034907Z  INFO scan_sources: tailwindcss_oxide::scanner: Discovering "C:\\Users\\admin\\premium-invest-8\\package_backup_pre_shadcn.json"
2026-01-18T05:14:40.034930Z  INFO scan_sources: tailwindcss_oxide::scanner: Discovering "C:\\Users\\admin\\premium-invest-8\\PAGESPEED_OPTIMIZATION.md"
2026-01-18T05:14:40.034952Z  INFO scan_sources: tailwindcss_oxide::scanner: Discovering "C:\\Users\\admin\\premium-invest-8\\playwright.config.js"
2026-01-18T05:14:40.034974Z  INFO scan_sources: tailwindcss_oxide::scanner: Discovering "C:\\Users\\admin\\premium-invest-8\\postcss.config.mjs"
2026-01-18T05:14:40.034996Z  INFO scan_sources: tailwindcss_oxide::scanner: Discovering "C:\\Users\\admin\\premium-invest-8\\PROTECTED_COMPONENTS.md"
2026-01-18T05:14:40.035034Z  INFO scan_sources: tailwindcss_oxide::scanner: Discovering "C:\\Users\\admin\\premium-invest-8\\public"
2026-01-18T05:14:40.035120Z  INFO scan_sources: tailwindcss_oxide::scanner: Discovering "C:\\Users\\admin\\premium-invest-8\\public\\blog-images"
2026-01-18T05:14:40.035202Z  INFO scan_sources: tailwindcss_oxide::scanner: Discovering "C:\\Users\\admin\\premium-invest-8\\public\\file.svg"
2026-01-18T05:14:40.035239Z  INFO scan_sources: tailwindcss_oxide::scanner: Discovering "C:\\Users\\admin\\premium-invest-8\\public\\fonts"
2026-01-18T05:14:40.035292Z  INFO scan_sources: tailwindcss_oxide::scanner: Discovering "C:\\Users\\admin\\premium-invest-8\\public\\fonts\\fonts.css"
2026-01-18T05:14:40.035322Z  INFO scan_sources: tailwindcss_oxide::scanner: Discovering "C:\\Users\\admin\\premium-invest-8\\public\\globe.svg"
2026-01-18T05:14:40.035345Z  INFO scan_sources: tailwindcss_oxide::scanner: Discovering "C:\\Users\\admin\\premium-invest-8\\public\\huly-mask-base.svg"
2026-01-18T05:14:40.035366Z  INFO scan_sources: tailwindcss_oxide::scanner: Discovering "C:\\Users\\admin\\premium-invest-8\\public\\huly-mask-top.svg"
2026-01-18T05:14:40.035390Z  INFO scan_sources: tailwindcss_oxide::scanner: Discovering "C:\\Users\\admin\\premium-invest-8\\public\\next.svg"
2026-01-18T05:14:40.035426Z  INFO scan_sources: tailwindcss_oxide::scanner: Discovering "C:\\Users\\admin\\premium-invest-8\\public\\services"
2026-01-18T05:14:40.035504Z  INFO scan_sources: tailwindcss_oxide::scanner: Discovering "C:\\Users\\admin\\premium-invest-8\\public\\site.webmanifest"
2026-01-18T05:14:40.035525Z  INFO scan_sources: tailwindcss_oxide::scanner: Discovering "C:\\Users\\admin\\premium-invest-8\\public\\sw.js"
2026-01-18T05:14:40.035546Z  INFO scan_sources: tailwindcss_oxide::scanner: Discovering "C:\\Users\\admin\\premium-invest-8\\public\\vercel.svg"
2026-01-18T05:14:40.035581Z  INFO scan_sources: tailwindcss_oxide::scanner: Discovering "C:\\Users\\admin\\premium-invest-8\\public\\videos"
2026-01-18T05:14:40.035643Z  INFO scan_sources: tailwindcss_oxide::scanner: Discovering "C:\\Users\\admin\\premium-invest-8\\public\\window.svg"
2026-01-18T05:14:40.035673Z  INFO scan_sources: tailwindcss_oxide::scanner: Discovering "C:\\Users\\admin\\premium-invest-8\\publish-to-main.ps1"
2026-01-18T05:14:40.035695Z  INFO scan_sources: tailwindcss_oxide::scanner: Discovering "C:\\Users\\admin\\premium-invest-8\\README-staging.txt"
2026-01-18T05:14:40.035717Z  INFO scan_sources: tailwindcss_oxide::scanner: Discovering "C:\\Users\\admin\\premium-invest-8\\README.md"
2026-01-18T05:14:40.035739Z  INFO scan_sources: tailwindcss_oxide::scanner: Discovering "C:\\Users\\admin\\premium-invest-8\\ROLLBACK.md"
2026-01-18T05:14:40.035778Z  INFO scan_sources: tailwindcss_oxide::scanner: Discovering "C:\\Users\\admin\\premium-invest-8\\scripts"
2026-01-18T05:14:40.035863Z  INFO scan_sources: tailwindcss_oxide::scanner: Discovering "C:\\Users\\admin\\premium-invest-8\\scripts\\build"
2026-01-18T05:14:40.035918Z  INFO scan_sources: tailwindcss_oxide::scanner: Discovering "C:\\Users\\admin\\premium-invest-8\\scripts\\build\\add-feature.js"
2026-01-18T05:14:40.035940Z  INFO scan_sources: tailwindcss_oxide::scanner: Discovering "C:\\Users\\admin\\premium-invest-8\\scripts\\build\\remove-feature.js"
2026-01-18T05:14:40.035969Z  INFO scan_sources: tailwindcss_oxide::scanner: Discovering "C:\\Users\\admin\\premium-invest-8\\scripts\\build-seamless-loop-from-bm-laser.ps1"
2026-01-18T05:14:40.035991Z  INFO scan_sources: tailwindcss_oxide::scanner: Discovering "C:\\Users\\admin\\premium-invest-8\\scripts\\check-email-env.mjs"
2026-01-18T05:14:40.036018Z  INFO scan_sources: tailwindcss_oxide::scanner: Discovering "C:\\Users\\admin\\premium-invest-8\\scripts\\generate-test-property-vs-sip-pdf.mjs"
2026-01-18T05:14:40.036040Z  INFO scan_sources: tailwindcss_oxide::scanner: Discovering "C:\\Users\\admin\\premium-invest-8\\scripts\\import-unicorn-laser.ps1"
2026-01-18T05:14:40.036062Z  INFO scan_sources: tailwindcss_oxide::scanner: Discovering "C:\\Users\\admin\\premium-invest-8\\scripts\\install-dev-server-scheduled-task.ps1"
2026-01-18T05:14:40.036085Z  INFO scan_sources: tailwindcss_oxide::scanner: Discovering "C:\\Users\\admin\\premium-invest-8\\scripts\\keep-next-dev.ps1"
2026-01-18T05:14:40.036107Z  INFO scan_sources: tailwindcss_oxide::scanner: Discovering "C:\\Users\\admin\\premium-invest-8\\scripts\\make-laser-4k-5s-loop.ps1"
2026-01-18T05:14:40.036129Z  INFO scan_sources: tailwindcss_oxide::scanner: Discovering "C:\\Users\\admin\\premium-invest-8\\scripts\\make-pingpong-laser.ps1"
2026-01-18T05:14:40.036150Z  INFO scan_sources: tailwindcss_oxide::scanner: Discovering "C:\\Users\\admin\\premium-invest-8\\scripts\\make-seamless-xfade-loop.ps1"
2026-01-18T05:14:40.036173Z  INFO scan_sources: tailwindcss_oxide::scanner: Discovering "C:\\Users\\admin\\premium-invest-8\\scripts\\protect-core.ps1"
2026-01-18T05:14:40.036195Z  INFO scan_sources: tailwindcss_oxide::scanner: Discovering "C:\\Users\\admin\\premium-invest-8\\scripts\\qa-grid.mjs"
2026-01-18T05:14:40.036216Z  INFO scan_sources: tailwindcss_oxide::scanner: Discovering "C:\\Users\\admin\\premium-invest-8\\scripts\\run-xfade-debug.ps1"
2026-01-18T05:14:40.036253Z  INFO scan_sources: tailwindcss_oxide::scanner: Discovering "C:\\Users\\admin\\premium-invest-8\\scripts\\safety"
2026-01-18T05:14:40.036307Z  INFO scan_sources: tailwindcss_oxide::scanner: Discovering "C:\\Users\\admin\\premium-invest-8\\scripts\\safety\\add-file-headers.mjs"
2026-01-18T05:14:40.036386Z  INFO scan_sources: tailwindcss_oxide::scanner: Discovering "C:\\Users\\admin\\premium-invest-8\\scripts\\safety\\chat-backup.js"
2026-01-18T05:14:40.036428Z  INFO scan_sources: tailwindcss_oxide::scanner: Discovering "C:\\Users\\admin\\premium-invest-8\\scripts\\security"
2026-01-18T05:14:40.036482Z  INFO scan_sources: tailwindcss_oxide::scanner: Discovering "C:\\Users\\admin\\premium-invest-8\\scripts\\security\\scan-secrets.js"
2026-01-18T05:14:40.036511Z  INFO scan_sources: tailwindcss_oxide::scanner: Discovering "C:\\Users\\admin\\premium-invest-8\\scripts\\seed-affiliates.js"
2026-01-18T05:14:40.036532Z  INFO scan_sources: tailwindcss_oxide::scanner: Discovering "C:\\Users\\admin\\premium-invest-8\\scripts\\seed-affiliates.ps1"
2026-01-18T05:14:40.036554Z  INFO scan_sources: tailwindcss_oxide::scanner: Discovering "C:\\Users\\admin\\premium-invest-8\\scripts\\send-test-property-vs-sip-emails.mjs"
2026-01-18T05:14:40.036576Z  INFO scan_sources: tailwindcss_oxide::scanner: Discovering "C:\\Users\\admin\\premium-invest-8\\scripts\\setup-ffmpeg.ps1"
2026-01-18T05:14:40.036597Z  INFO scan_sources: tailwindcss_oxide::scanner: Discovering "C:\\Users\\admin\\premium-invest-8\\scripts\\start-dev-server.ps1"
2026-01-18T05:14:40.036619Z  INFO scan_sources: tailwindcss_oxide::scanner: Discovering "C:\\Users\\admin\\premium-invest-8\\scripts\\stop-dev-server.ps1"
2026-01-18T05:14:40.036641Z  INFO scan_sources: tailwindcss_oxide::scanner: Discovering "C:\\Users\\admin\\premium-invest-8\\scripts\\trim-black-and-export-laser.ps1"
2026-01-18T05:14:40.036665Z  INFO scan_sources: tailwindcss_oxide::scanner: Discovering "C:\\Users\\admin\\premium-invest-8\\scripts\\validate-all.js"
2026-01-18T05:14:40.036686Z  INFO scan_sources: tailwindcss_oxide::scanner: Discovering "C:\\Users\\admin\\premium-invest-8\\scripts\\validate-chat.mjs"
2026-01-18T05:14:40.036717Z  INFO scan_sources: tailwindcss_oxide::scanner: Discovering "C:\\Users\\admin\\premium-invest-8\\SESSION_SUMMARY.md"
2026-01-18T05:14:40.036742Z  INFO scan_sources: tailwindcss_oxide::scanner: Discovering "C:\\Users\\admin\\premium-invest-8\\START_HERE_FOR_AIs.md"
2026-01-18T05:14:40.036779Z  INFO scan_sources: tailwindcss_oxide::scanner: Discovering "C:\\Users\\admin\\premium-invest-8\\supabase"
2026-01-18T05:14:40.036850Z  INFO scan_sources: tailwindcss_oxide::scanner: Discovering "C:\\Users\\admin\\premium-invest-8\\supabase\\migrations"
2026-01-18T05:14:40.036911Z  INFO scan_sources: tailwindcss_oxide::scanner: Discovering "C:\\Users\\admin\\premium-invest-8\\supabase\\migrations\\002_live_intelligence.sql"
2026-01-18T05:14:40.036935Z  INFO scan_sources: tailwindcss_oxide::scanner: Discovering "C:\\Users\\admin\\premium-invest-8\\supabase\\migrations\\20260113_live_intelligence.sql"
2026-01-18T05:14:40.036959Z  INFO scan_sources: tailwindcss_oxide::scanner: Discovering "C:\\Users\\admin\\premium-invest-8\\supabase\\migrations\\add_email_preferences.sql"
2026-01-18T05:14:40.036982Z  INFO scan_sources: tailwindcss_oxide::scanner: Discovering "C:\\Users\\admin\\premium-invest-8\\supabase\\migrations\\add_smart_cache.sql"
2026-01-18T05:14:40.037004Z  INFO scan_sources: tailwindcss_oxide::scanner: Discovering "C:\\Users\\admin\\premium-invest-8\\supabase\\migrations\\add_whatsapp_followups.sql"
2026-01-18T05:14:40.037033Z  INFO scan_sources: tailwindcss_oxide::scanner: Discovering "C:\\Users\\admin\\premium-invest-8\\supabase\\schema.sql"
2026-01-18T05:14:40.037055Z  INFO scan_sources: tailwindcss_oxide::scanner: Discovering "C:\\Users\\admin\\premium-invest-8\\supabase\\seed_service_headlines.sql"
2026-01-18T05:14:40.037100Z  INFO scan_sources: tailwindcss_oxide::scanner: Discovering "C:\\Users\\admin\\premium-invest-8\\templates"
2026-01-18T05:14:40.037154Z  INFO scan_sources: tailwindcss_oxide::scanner: Discovering "C:\\Users\\admin\\premium-invest-8\\templates\\APIRoute.template.js"
2026-01-18T05:14:40.037176Z  INFO scan_sources: tailwindcss_oxide::scanner: Discovering "C:\\Users\\admin\\premium-invest-8\\templates\\Component.template.jsx"
2026-01-18T05:14:40.037204Z  INFO scan_sources: tailwindcss_oxide::scanner: Discovering "C:\\Users\\admin\\premium-invest-8\\temp_platforms.jsx"
2026-01-18T05:14:40.037226Z  INFO scan_sources: tailwindcss_oxide::scanner: Discovering "C:\\Users\\admin\\premium-invest-8\\TESTING_REPORT.md"
2026-01-18T05:14:40.037263Z  INFO scan_sources: tailwindcss_oxide::scanner: Discovering "C:\\Users\\admin\\premium-invest-8\\tests"
2026-01-18T05:14:40.037337Z  INFO scan_sources: tailwindcss_oxide::scanner: Discovering "C:\\Users\\admin\\premium-invest-8\\tests\\api"
2026-01-18T05:14:40.037397Z  INFO scan_sources: tailwindcss_oxide::scanner: Discovering "C:\\Users\\admin\\premium-invest-8\\tests\\api\\chat.test.js"
2026-01-18T05:14:40.037419Z  INFO scan_sources: tailwindcss_oxide::scanner: Discovering "C:\\Users\\admin\\premium-invest-8\\tests\\api\\leads.test.js"
2026-01-18T05:14:40.037461Z  INFO scan_sources: tailwindcss_oxide::scanner: Discovering "C:\\Users\\admin\\premium-invest-8\\tests\\components"
2026-01-18T05:14:40.037526Z  INFO scan_sources: tailwindcss_oxide::scanner: Discovering "C:\\Users\\admin\\premium-invest-8\\tests\\components\\Button.test.jsx"
2026-01-18T05:14:40.037569Z  INFO scan_sources: tailwindcss_oxide::scanner: Discovering "C:\\Users\\admin\\premium-invest-8\\tests\\e2e"
2026-01-18T05:14:40.037649Z  INFO scan_sources: tailwindcss_oxide::scanner: Discovering "C:\\Users\\admin\\premium-invest-8\\tests\\e2e\\cashfree-payment.spec.js"
2026-01-18T05:14:40.037723Z  INFO scan_sources: tailwindcss_oxide::scanner: Discovering "C:\\Users\\admin\\premium-invest-8\\tests\\email"
2026-01-18T05:14:40.037820Z  INFO scan_sources: tailwindcss_oxide::scanner: Discovering "C:\\Users\\admin\\premium-invest-8\\tests\\email\\propertyVsSipTemplates.test.js"
2026-01-18T05:14:40.037883Z  INFO scan_sources: tailwindcss_oxide::scanner: Discovering "C:\\Users\\admin\\premium-invest-8\\tests\\integration"
2026-01-18T05:14:40.037952Z  INFO scan_sources: tailwindcss_oxide::scanner: Discovering "C:\\Users\\admin\\premium-invest-8\\tests\\integration\\user-flow.test.js"
2026-01-18T05:14:40.037996Z  INFO scan_sources: tailwindcss_oxide::scanner: Discovering "C:\\Users\\admin\\premium-invest-8\\tests\\__init__.py"
2026-01-18T05:14:40.038031Z  INFO scan_sources: tailwindcss_oxide::scanner: Discovering "C:\\Users\\admin\\premium-invest-8\\test_help.txt"
2026-01-18T05:14:40.038054Z  INFO scan_sources: tailwindcss_oxide::scanner: Discovering "C:\\Users\\admin\\premium-invest-8\\test_result.md"
2026-01-18T05:14:40.038080Z  INFO scan_sources: tailwindcss_oxide::scanner: Discovering "C:\\Users\\admin\\premium-invest-8\\tsconfig.json"
2026-01-18T05:14:40.038106Z  INFO scan_sources: tailwindcss_oxide::scanner: Discovering "C:\\Users\\admin\\premium-invest-8\\update-staging.ps1"
2026-01-18T05:14:40.038145Z  INFO scan_sources: tailwindcss_oxide::scanner: Discovering "C:\\Users\\admin\\premium-invest-8\\utils"
2026-01-18T05:14:40.038209Z  INFO scan_sources: tailwindcss_oxide::scanner: Discovering "C:\\Users\\admin\\premium-invest-8\\utils\\generatePremiumPDF.ts"
2026-01-18T05:14:40.038240Z  INFO scan_sources: tailwindcss_oxide::scanner: Discovering "C:\\Users\\admin\\premium-invest-8\\vercel.json"
2026-01-18T05:14:40.038264Z  INFO scan_sources: tailwindcss_oxide::scanner: Discovering "C:\\Users\\admin\\premium-invest-8\\VERCEL_BUILD_FIX.md"
2026-01-18T05:14:40.038291Z  INFO scan_sources: tailwindcss_oxide::scanner: Discovering "C:\\Users\\admin\\premium-invest-8\\VERCEL_DEPLOYMENT_ANALYSIS.md"
2026-01-18T05:14:40.038315Z  INFO scan_sources: tailwindcss_oxide::scanner: Discovering "C:\\Users\\admin\\premium-invest-8\\VERCEL_MIGRATION_GUIDE.md"
2026-01-18T05:14:40.038918Z  INFO scan_sources: tailwindcss_oxide::scanner: Discovering "C:\\Users\\admin\\premium-invest-8\\app\\(public)"
2026-01-18T05:14:40.039007Z  INFO scan_sources: tailwindcss_oxide::scanner: Discovering "C:\\Users\\admin\\premium-invest-8\\app\\(public)\\archive"
2026-01-18T05:14:40.039120Z  INFO scan_sources: tailwindcss_oxide::scanner: Discovering "C:\\Users\\admin\\premium-invest-8\\app\\(public)\\blueprint"
2026-01-18T05:14:40.039227Z  INFO scan_sources: tailwindcss_oxide::scanner: Discovering "C:\\Users\\admin\\premium-invest-8\\app\\(public)\\live-intelligence-hero"
2026-01-18T05:14:40.039304Z  INFO scan_sources: tailwindcss_oxide::scanner: Discovering "C:\\Users\\admin\\premium-invest-8\\app\\(public)\\live-intelligence-hero\\components"
2026-01-18T05:14:40.039428Z  INFO scan_sources: tailwindcss_oxide::scanner: Discovering "C:\\Users\\admin\\premium-invest-8\\app\\about"
2026-01-18T05:14:40.039532Z  INFO scan_sources: tailwindcss_oxide::scanner: Discovering "C:\\Users\\admin\\premium-invest-8\\app\\about-us"
2026-01-18T05:14:40.039636Z  INFO scan_sources: tailwindcss_oxide::scanner: Discovering "C:\\Users\\admin\\premium-invest-8\\app\\admin-secret-akash"
2026-01-18T05:14:40.039754Z  INFO scan_sources: tailwindcss_oxide::scanner: Discovering "C:\\Users\\admin\\premium-invest-8\\app\\admin-secret-xyz"
2026-01-18T05:14:40.039850Z  INFO scan_sources: tailwindcss_oxide::scanner: Discovering "C:\\Users\\admin\\premium-invest-8\\app\\api"
2026-01-18T05:14:40.039928Z  INFO scan_sources: tailwindcss_oxide::scanner: Discovering "C:\\Users\\admin\\premium-invest-8\\app\\api\\admin"
2026-01-18T05:14:40.040005Z  INFO scan_sources: tailwindcss_oxide::scanner: Discovering "C:\\Users\\admin\\premium-invest-8\\app\\api\\admin\\affiliate-convert"
2026-01-18T05:14:40.040100Z  INFO scan_sources: tailwindcss_oxide::scanner: Discovering "C:\\Users\\admin\\premium-invest-8\\app\\api\\admin\\affiliate-fail"
2026-01-18T05:14:40.040190Z  INFO scan_sources: tailwindcss_oxide::scanner: Discovering "C:\\Users\\admin\\premium-invest-8\\app\\api\\admin\\affiliate-stats"
2026-01-18T05:14:40.040283Z  INFO scan_sources: tailwindcss_oxide::scanner: Discovering "C:\\Users\\admin\\premium-invest-8\\app\\api\\admin\\affiliate-update"
2026-01-18T05:14:40.040372Z  INFO scan_sources: tailwindcss_oxide::scanner: Discovering "C:\\Users\\admin\\premium-invest-8\\app\\api\\admin\\aio-tracker"
2026-01-18T05:14:40.040461Z  INFO scan_sources: tailwindcss_oxide::scanner: Discovering "C:\\Users\\admin\\premium-invest-8\\app\\api\\admin\\analytics"
2026-01-18T05:14:40.040551Z  INFO scan_sources: tailwindcss_oxide::scanner: Discovering "C:\\Users\\admin\\premium-invest-8\\app\\api\\admin\\daily-metrics"
2026-01-18T05:14:40.040642Z  INFO scan_sources: tailwindcss_oxide::scanner: Discovering "C:\\Users\\admin\\premium-invest-8\\app\\api\\admin\\deliverables"
2026-01-18T05:14:40.040716Z  INFO scan_sources: tailwindcss_oxide::scanner: Discovering "C:\\Users\\admin\\premium-invest-8\\app\\api\\admin\\deliverables\\email"
2026-01-18T05:14:40.040808Z  INFO scan_sources: tailwindcss_oxide::scanner: Discovering "C:\\Users\\admin\\premium-invest-8\\app\\api\\admin\\deliverables\\pdf"
2026-01-18T05:14:40.040903Z  INFO scan_sources: tailwindcss_oxide::scanner: Discovering "C:\\Users\\admin\\premium-invest-8\\app\\api\\admin\\deliverables\\preview"
2026-01-18T05:14:40.040975Z  INFO scan_sources: tailwindcss_oxide::scanner: Discovering "C:\\Users\\admin\\premium-invest-8\\app\\api\\admin\\deliverables\\preview\\email"
2026-01-18T05:14:40.041070Z  INFO scan_sources: tailwindcss_oxide::scanner: Discovering "C:\\Users\\admin\\premium-invest-8\\app\\api\\admin\\deliverables\\preview\\pdf"
2026-01-18T05:14:40.041187Z  INFO scan_sources: tailwindcss_oxide::scanner: Discovering "C:\\Users\\admin\\premium-invest-8\\app\\api\\admin\\email-preferences"
2026-01-18T05:14:40.041279Z  INFO scan_sources: tailwindcss_oxide::scanner: Discovering "C:\\Users\\admin\\premium-invest-8\\app\\api\\admin\\export"
2026-01-18T05:14:40.041370Z  INFO scan_sources: tailwindcss_oxide::scanner: Discovering "C:\\Users\\admin\\premium-invest-8\\app\\api\\admin\\family"
2026-01-18T05:14:40.041438Z  INFO scan_sources: tailwindcss_oxide::scanner: Discovering "C:\\Users\\admin\\premium-invest-8\\app\\api\\admin\\family\\login"
2026-01-18T05:14:40.041528Z  INFO scan_sources: tailwindcss_oxide::scanner: Discovering "C:\\Users\\admin\\premium-invest-8\\app\\api\\admin\\family\\logout"
2026-01-18T05:14:40.041623Z  INFO scan_sources: tailwindcss_oxide::scanner: Discovering "C:\\Users\\admin\\premium-invest-8\\app\\api\\admin\\family-stats"
2026-01-18T05:14:40.041714Z  INFO scan_sources: tailwindcss_oxide::scanner: Discovering "C:\\Users\\admin\\premium-invest-8\\app\\api\\admin\\headlines"
2026-01-18T05:14:40.041805Z  INFO scan_sources: tailwindcss_oxide::scanner: Discovering "C:\\Users\\admin\\premium-invest-8\\app\\api\\admin\\leads"
2026-01-18T05:14:40.041894Z  INFO scan_sources: tailwindcss_oxide::scanner: Discovering "C:\\Users\\admin\\premium-invest-8\\app\\api\\admin\\live-intelligence"
2026-01-18T05:14:40.041982Z  INFO scan_sources: tailwindcss_oxide::scanner: Discovering "C:\\Users\\admin\\premium-invest-8\\app\\api\\admin\\login"
2026-01-18T05:14:40.042071Z  INFO scan_sources: tailwindcss_oxide::scanner: Discovering "C:\\Users\\admin\\premium-invest-8\\app\\api\\admin\\logout"
2026-01-18T05:14:40.042160Z  INFO scan_sources: tailwindcss_oxide::scanner: Discovering "C:\\Users\\admin\\premium-invest-8\\app\\api\\admin\\revenue"
2026-01-18T05:14:40.042249Z  INFO scan_sources: tailwindcss_oxide::scanner: Discovering "C:\\Users\\admin\\premium-invest-8\\app\\api\\admin\\strategy"
2026-01-18T05:14:40.042340Z  INFO scan_sources: tailwindcss_oxide::scanner: Discovering "C:\\Users\\admin\\premium-invest-8\\app\\api\\admin\\summary"
2026-01-18T05:14:40.042429Z  INFO scan_sources: tailwindcss_oxide::scanner: Discovering "C:\\Users\\admin\\premium-invest-8\\app\\api\\admin\\test-email"
2026-01-18T05:14:40.042520Z  INFO scan_sources: tailwindcss_oxide::scanner: Discovering "C:\\Users\\admin\\premium-invest-8\\app\\api\\admin\\test-property-vs-sip-emails"
2026-01-18T05:14:40.042609Z  INFO scan_sources: tailwindcss_oxide::scanner: Discovering "C:\\Users\\admin\\premium-invest-8\\app\\api\\admin\\verify"
2026-01-18T05:14:40.042703Z  INFO scan_sources: tailwindcss_oxide::scanner: Discovering "C:\\Users\\admin\\premium-invest-8\\app\\api\\affiliate"
2026-01-18T05:14:40.042773Z  INFO scan_sources: tailwindcss_oxide::scanner: Discovering "C:\\Users\\admin\\premium-invest-8\\app\\api\\affiliate\\click"
2026-01-18T05:14:40.042868Z  INFO scan_sources: tailwindcss_oxide::scanner: Discovering "C:\\Users\\admin\\premium-invest-8\\app\\api\\ai"
2026-01-18T05:14:40.042938Z  INFO scan_sources: tailwindcss_oxide::scanner: Discovering "C:\\Users\\admin\\premium-invest-8\\app\\api\\ai\\generate-summary"
2026-01-18T05:14:40.043033Z  INFO scan_sources: tailwindcss_oxide::scanner: Discovering "C:\\Users\\admin\\premium-invest-8\\app\\api\\analytics"
2026-01-18T05:14:40.043103Z  INFO scan_sources: tailwindcss_oxide::scanner: Discovering "C:\\Users\\admin\\premium-invest-8\\app\\api\\analytics\\live-intelligence"
2026-01-18T05:14:40.043202Z  INFO scan_sources: tailwindcss_oxide::scanner: Discovering "C:\\Users\\admin\\premium-invest-8\\app\\api\\blog"
2026-01-18T05:14:40.043290Z  INFO scan_sources: tailwindcss_oxide::scanner: Discovering "C:\\Users\\admin\\premium-invest-8\\app\\api\\bmwealth"
2026-01-18T05:14:40.043376Z  INFO scan_sources: tailwindcss_oxide::scanner: Discovering "C:\\Users\\admin\\premium-invest-8\\app\\api\\breaking-news"
2026-01-18T05:14:40.043464Z  INFO scan_sources: tailwindcss_oxide::scanner: Discovering "C:\\Users\\admin\\premium-invest-8\\app\\api\\chat"
2026-01-18T05:14:40.043552Z  INFO scan_sources: tailwindcss_oxide::scanner: Discovering "C:\\Users\\admin\\premium-invest-8\\app\\api\\contact"
2026-01-18T05:14:40.043639Z  INFO scan_sources: tailwindcss_oxide::scanner: Discovering "C:\\Users\\admin\\premium-invest-8\\app\\api\\cron"
2026-01-18T05:14:40.043711Z  INFO scan_sources: tailwindcss_oxide::scanner: Discovering "C:\\Users\\admin\\premium-invest-8\\app\\api\\cron\\check-expiry"
2026-01-18T05:14:40.043800Z  INFO scan_sources: tailwindcss_oxide::scanner: Discovering "C:\\Users\\admin\\premium-invest-8\\app\\api\\cron\\daily-summary"
2026-01-18T05:14:40.043889Z  INFO scan_sources: tailwindcss_oxide::scanner: Discovering "C:\\Users\\admin\\premium-invest-8\\app\\api\\cron\\headlines"
2026-01-18T05:14:40.043978Z  INFO scan_sources: tailwindcss_oxide::scanner: Discovering "C:\\Users\\admin\\premium-invest-8\\app\\api\\cron\\weekly-summary"
2026-01-18T05:14:40.044068Z  INFO scan_sources: tailwindcss_oxide::scanner: Discovering "C:\\Users\\admin\\premium-invest-8\\app\\api\\cron\\whatsapp-followups"
2026-01-18T05:14:40.044162Z  INFO scan_sources: tailwindcss_oxide::scanner: Discovering "C:\\Users\\admin\\premium-invest-8\\app\\api\\email"
2026-01-18T05:14:40.044231Z  INFO scan_sources: tailwindcss_oxide::scanner: Discovering "C:\\Users\\admin\\premium-invest-8\\app\\api\\email\\click"
2026-01-18T05:14:40.044318Z  INFO scan_sources: tailwindcss_oxide::scanner: Discovering "C:\\Users\\admin\\premium-invest-8\\app\\api\\email\\open"
2026-01-18T05:14:40.044412Z  INFO scan_sources: tailwindcss_oxide::scanner: Discovering "C:\\Users\\admin\\premium-invest-8\\app\\api\\events"
2026-01-18T05:14:40.044498Z  INFO scan_sources: tailwindcss_oxide::scanner: Discovering "C:\\Users\\admin\\premium-invest-8\\app\\api\\generate-pdf"
2026-01-18T05:14:40.044581Z  INFO scan_sources: tailwindcss_oxide::scanner: Discovering "C:\\Users\\admin\\premium-invest-8\\app\\api\\health"
2026-01-18T05:14:40.044665Z  INFO scan_sources: tailwindcss_oxide::scanner: Discovering "C:\\Users\\admin\\premium-invest-8\\app\\api\\leads"
2026-01-18T05:14:40.044731Z  INFO scan_sources: tailwindcss_oxide::scanner: Discovering "C:\\Users\\admin\\premium-invest-8\\app\\api\\leads\\capture"
2026-01-18T05:14:40.044834Z  INFO scan_sources: tailwindcss_oxide::scanner: Discovering "C:\\Users\\admin\\premium-invest-8\\app\\api\\live-intelligence"
2026-01-18T05:14:40.044903Z  INFO scan_sources: tailwindcss_oxide::scanner: Discovering "C:\\Users\\admin\\premium-invest-8\\app\\api\\live-intelligence\\archive"
2026-01-18T05:14:40.044986Z  INFO scan_sources: tailwindcss_oxide::scanner: Discovering "C:\\Users\\admin\\premium-invest-8\\app\\api\\live-intelligence\\explain"
2026-01-18T05:14:40.045070Z  INFO scan_sources: tailwindcss_oxide::scanner: Discovering "C:\\Users\\admin\\premium-invest-8\\app\\api\\live-intelligence\\feed"
2026-01-18T05:14:40.045168Z  INFO scan_sources: tailwindcss_oxide::scanner: Discovering "C:\\Users\\admin\\premium-invest-8\\app\\api\\live-intelligence\\ingest"
2026-01-18T05:14:40.045253Z  INFO scan_sources: tailwindcss_oxide::scanner: Discovering "C:\\Users\\admin\\premium-invest-8\\app\\api\\live-intelligence\\mood"
2026-01-18T05:14:40.045339Z  INFO scan_sources: tailwindcss_oxide::scanner: Discovering "C:\\Users\\admin\\premium-invest-8\\app\\api\\live-intelligence\\night-summary"
2026-01-18T05:14:40.045423Z  INFO scan_sources: tailwindcss_oxide::scanner: Discovering "C:\\Users\\admin\\premium-invest-8\\app\\api\\live-intelligence\\process"
2026-01-18T05:14:40.045505Z  INFO scan_sources: tailwindcss_oxide::scanner: Discovering "C:\\Users\\admin\\premium-invest-8\\app\\api\\live-intelligence\\status"
2026-01-18T05:14:40.045595Z  INFO scan_sources: tailwindcss_oxide::scanner: Discovering "C:\\Users\\admin\\premium-invest-8\\app\\api\\market-data"
2026-01-18T05:14:40.045678Z  INFO scan_sources: tailwindcss_oxide::scanner: Discovering "C:\\Users\\admin\\premium-invest-8\\app\\api\\newsletter"
2026-01-18T05:14:40.045745Z  INFO scan_sources: tailwindcss_oxide::scanner: Discovering "C:\\Users\\admin\\premium-invest-8\\app\\api\\newsletter\\subscribe"
2026-01-18T05:14:40.045836Z  INFO scan_sources: tailwindcss_oxide::scanner: Discovering "C:\\Users\\admin\\premium-invest-8\\app\\api\\payments"
2026-01-18T05:14:40.045904Z  INFO scan_sources: tailwindcss_oxide::scanner: Discovering "C:\\Users\\admin\\premium-invest-8\\app\\api\\payments\\cashfree"
2026-01-18T05:14:40.046001Z  INFO scan_sources: tailwindcss_oxide::scanner: Discovering "C:\\Users\\admin\\premium-invest-8\\app\\api\\payments\\cashfree\\create-order"
2026-01-18T05:14:40.046100Z  INFO scan_sources: tailwindcss_oxide::scanner: Discovering "C:\\Users\\admin\\premium-invest-8\\app\\api\\pdf"
2026-01-18T05:14:40.046167Z  INFO scan_sources: tailwindcss_oxide::scanner: Discovering "C:\\Users\\admin\\premium-invest-8\\app\\api\\pdf\\generate"
2026-01-18T05:14:40.046252Z  INFO scan_sources: tailwindcss_oxide::scanner: Discovering "C:\\Users\\admin\\premium-invest-8\\app\\api\\pdf\\service"
2026-01-18T05:14:40.046346Z  INFO scan_sources: tailwindcss_oxide::scanner: Discovering "C:\\Users\\admin\\premium-invest-8\\app\\api\\property-vs-sip"
2026-01-18T05:14:40.046417Z  INFO scan_sources: tailwindcss_oxide::scanner: Discovering "C:\\Users\\admin\\premium-invest-8\\app\\api\\property-vs-sip\\email-summary"
2026-01-18T05:14:40.046513Z  INFO scan_sources: tailwindcss_oxide::scanner: Discovering "C:\\Users\\admin\\premium-invest-8\\app\\api\\razorpay"
2026-01-18T05:14:40.046581Z  INFO scan_sources: tailwindcss_oxide::scanner: Discovering "C:\\Users\\admin\\premium-invest-8\\app\\api\\razorpay\\create-order"
2026-01-18T05:14:40.046668Z  INFO scan_sources: tailwindcss_oxide::scanner: Discovering "C:\\Users\\admin\\premium-invest-8\\app\\api\\razorpay\\verify"
2026-01-18T05:14:40.046770Z  INFO scan_sources: tailwindcss_oxide::scanner: Discovering "C:\\Users\\admin\\premium-invest-8\\app\\api\\rss-proxy"
2026-01-18T05:14:40.046856Z  INFO scan_sources: tailwindcss_oxide::scanner: Discovering "C:\\Users\\admin\\premium-invest-8\\app\\api\\tools"
2026-01-18T05:14:40.046926Z  INFO scan_sources: tailwindcss_oxide::scanner: Discovering "C:\\Users\\admin\\premium-invest-8\\app\\api\\tools\\aio"
2026-01-18T05:14:40.046999Z  INFO scan_sources: tailwindcss_oxide::scanner: Discovering "C:\\Users\\admin\\premium-invest-8\\app\\api\\tools\\aio\\email"
2026-01-18T05:14:40.047105Z  INFO scan_sources: tailwindcss_oxide::scanner: Discovering "C:\\Users\\admin\\premium-invest-8\\app\\api\\track"
2026-01-18T05:14:40.047199Z  INFO scan_sources: tailwindcss_oxide::scanner: Discovering "C:\\Users\\admin\\premium-invest-8\\app\\api\\whatsapp"
2026-01-18T05:14:40.047269Z  INFO scan_sources: tailwindcss_oxide::scanner: Discovering "C:\\Users\\admin\\premium-invest-8\\app\\api\\whatsapp\\opt-in"
2026-01-18T05:14:40.047365Z  INFO scan_sources: tailwindcss_oxide::scanner: Discovering "C:\\Users\\admin\\premium-invest-8\\app\\api\\whatsapp\\webhook"
2026-01-18T05:14:40.047485Z  INFO scan_sources: tailwindcss_oxide::scanner: Discovering "C:\\Users\\admin\\premium-invest-8\\app\\blog"
2026-01-18T05:14:40.047590Z  INFO scan_sources: tailwindcss_oxide::scanner: Discovering "C:\\Users\\admin\\premium-invest-8\\app\\blog\\[slug]"
2026-01-18T05:14:40.047704Z  INFO scan_sources: tailwindcss_oxide::scanner: Discovering "C:\\Users\\admin\\premium-invest-8\\app\\careers"
2026-01-18T05:14:40.047808Z  INFO scan_sources: tailwindcss_oxide::scanner: Discovering "C:\\Users\\admin\\premium-invest-8\\app\\client-portal"
2026-01-18T05:14:40.047899Z  INFO scan_sources: tailwindcss_oxide::scanner: Discovering "C:\\Users\\admin\\premium-invest-8\\app\\compliance"
2026-01-18T05:14:40.048000Z  INFO scan_sources: tailwindcss_oxide::scanner: Discovering "C:\\Users\\admin\\premium-invest-8\\app\\contact"
2026-01-18T05:14:40.048105Z  INFO scan_sources: tailwindcss_oxide::scanner: Discovering "C:\\Users\\admin\\premium-invest-8\\app\\curated-partners"
2026-01-18T05:14:40.048225Z  INFO scan_sources: tailwindcss_oxide::scanner: Discovering "C:\\Users\\admin\\premium-invest-8\\app\\dashboard"
2026-01-18T05:14:40.048344Z  INFO scan_sources: tailwindcss_oxide::scanner: Discovering "C:\\Users\\admin\\premium-invest-8\\app\\disclaimer"
2026-01-18T05:14:40.048448Z  INFO scan_sources: tailwindcss_oxide::scanner: Discovering "C:\\Users\\admin\\premium-invest-8\\app\\fixed-deposits"
2026-01-18T05:14:40.048594Z  INFO scan_sources: tailwindcss_oxide::scanner: Discovering "C:\\Users\\admin\\premium-invest-8\\app\\insurance"
2026-01-18T05:14:40.048732Z  INFO scan_sources: tailwindcss_oxide::scanner: Discovering "C:\\Users\\admin\\premium-invest-8\\app\\legal-disclosures"
2026-01-18T05:14:40.048827Z  INFO scan_sources: tailwindcss_oxide::scanner: Discovering "C:\\Users\\admin\\premium-invest-8\\app\\live-intelligence"
2026-01-18T05:14:40.048917Z  INFO scan_sources: tailwindcss_oxide::scanner: Discovering "C:\\Users\\admin\\premium-invest-8\\app\\login"
2026-01-18T05:14:40.049020Z  INFO scan_sources: tailwindcss_oxide::scanner: Discovering "C:\\Users\\admin\\premium-invest-8\\app\\mutual-funds"
2026-01-18T05:14:40.049125Z  INFO scan_sources: tailwindcss_oxide::scanner: Discovering "C:\\Users\\admin\\premium-invest-8\\app\\payment-failed"
2026-01-18T05:14:40.049218Z  INFO scan_sources: tailwindcss_oxide::scanner: Discovering "C:\\Users\\admin\\premium-invest-8\\app\\payment-success"
2026-01-18T05:14:40.049313Z  INFO scan_sources: tailwindcss_oxide::scanner: Discovering "C:\\Users\\admin\\premium-invest-8\\app\\platforms"
2026-01-18T05:14:40.049418Z  INFO scan_sources: tailwindcss_oxide::scanner: Discovering "C:\\Users\\admin\\premium-invest-8\\app\\portfolio-management"
2026-01-18T05:14:40.049529Z  INFO scan_sources: tailwindcss_oxide::scanner: Discovering "C:\\Users\\admin\\premium-invest-8\\app\\privacy"
2026-01-18T05:14:40.049637Z  INFO scan_sources: tailwindcss_oxide::scanner: Discovering "C:\\Users\\admin\\premium-invest-8\\app\\privacy-policy"
2026-01-18T05:14:40.049731Z  INFO scan_sources: tailwindcss_oxide::scanner: Discovering "C:\\Users\\admin\\premium-invest-8\\app\\products"
2026-01-18T05:14:40.049827Z  INFO scan_sources: tailwindcss_oxide::scanner: Discovering "C:\\Users\\admin\\premium-invest-8\\app\\refund"
2026-01-18T05:14:40.049931Z  INFO scan_sources: tailwindcss_oxide::scanner: Discovering "C:\\Users\\admin\\premium-invest-8\\app\\refund-policy"
2026-01-18T05:14:40.050024Z  INFO scan_sources: tailwindcss_oxide::scanner: Discovering "C:\\Users\\admin\\premium-invest-8\\app\\regulatory-compliance"
2026-01-18T05:14:40.050131Z  INFO scan_sources: tailwindcss_oxide::scanner: Discovering "C:\\Users\\admin\\premium-invest-8\\app\\services"
2026-01-18T05:14:40.050246Z  INFO scan_sources: tailwindcss_oxide::scanner: Discovering "C:\\Users\\admin\\premium-invest-8\\app\\sip"
2026-01-18T05:14:40.050351Z  INFO scan_sources: tailwindcss_oxide::scanner: Discovering "C:\\Users\\admin\\premium-invest-8\\app\\sip-calculator"
2026-01-18T05:14:40.050442Z  INFO scan_sources: tailwindcss_oxide::scanner: Discovering "C:\\Users\\admin\\premium-invest-8\\app\\sitemap"
2026-01-18T05:14:40.050536Z  INFO scan_sources: tailwindcss_oxide::scanner: Discovering "C:\\Users\\admin\\premium-invest-8\\app\\sitemap-page"
2026-01-18T05:14:40.050651Z  INFO scan_sources: tailwindcss_oxide::scanner: Discovering "C:\\Users\\admin\\premium-invest-8\\app\\tax-leak-detector"
2026-01-18T05:14:40.050741Z  INFO scan_sources: tailwindcss_oxide::scanner: Discovering "C:\\Users\\admin\\premium-invest-8\\app\\terms"
2026-01-18T05:14:40.050846Z  INFO scan_sources: tailwindcss_oxide::scanner: Discovering "C:\\Users\\admin\\premium-invest-8\\app\\terms-and-conditions"
2026-01-18T05:14:40.050942Z  INFO scan_sources: tailwindcss_oxide::scanner: Discovering "C:\\Users\\admin\\premium-invest-8\\app\\tools"
2026-01-18T05:14:40.051119Z  INFO scan_sources: tailwindcss_oxide::scanner: Discovering "C:\\Users\\admin\\premium-invest-8\\app\\tools\\all-calculators"
2026-01-18T05:14:40.051357Z  INFO scan_sources: tailwindcss_oxide::scanner: Discovering "C:\\Users\\admin\\premium-invest-8\\app\\tools\\calc-share"
2026-01-18T05:14:40.051546Z  INFO scan_sources: tailwindcss_oxide::scanner: Discovering "C:\\Users\\admin\\premium-invest-8\\app\\tools\\insurance-value"
2026-01-18T05:14:40.051730Z  INFO scan_sources: tailwindcss_oxide::scanner: Discovering "C:\\Users\\admin\\premium-invest-8\\app\\tools\\itr-filing-help"
2026-01-18T05:14:40.051918Z  INFO scan_sources: tailwindcss_oxide::scanner: Discovering "C:\\Users\\admin\\premium-invest-8\\app\\tools\\lumpsum-planner"
2026-01-18T05:14:40.052041Z  INFO scan_sources: tailwindcss_oxide::scanner: Discovering "C:\\Users\\admin\\premium-invest-8\\app\\tools\\property-vs-sip"
2026-01-18T05:14:40.052136Z  INFO scan_sources: tailwindcss_oxide::scanner: Discovering "C:\\Users\\admin\\premium-invest-8\\app\\tools\\retirement-gap"
2026-01-18T05:14:40.052225Z  INFO scan_sources: tailwindcss_oxide::scanner: Discovering "C:\\Users\\admin\\premium-invest-8\\app\\tools\\tax-leak-detector"
2026-01-18T05:14:40.052315Z  INFO scan_sources: tailwindcss_oxide::scanner: Discovering "C:\\Users\\admin\\premium-invest-8\\app\\tools\\tax-optimization"
2026-01-18T05:14:40.052411Z  INFO scan_sources: tailwindcss_oxide::scanner: Discovering "C:\\Users\\admin\\premium-invest-8\\app\\track"
2026-01-18T05:14:40.052483Z  INFO scan_sources: tailwindcss_oxide::scanner: Discovering "C:\\Users\\admin\\premium-invest-8\\app\\track\\[platform]"
2026-01-18T05:14:40.052587Z  INFO scan_sources: tailwindcss_oxide::scanner: Discovering "C:\\Users\\admin\\premium-invest-8\\app\\trading-services"
2026-01-18T05:14:40.052689Z  INFO scan_sources: tailwindcss_oxide::scanner: Discovering "C:\\Users\\admin\\premium-invest-8\\app\\v0-test"
2026-01-18T05:14:40.052940Z  INFO scan_sources: tailwindcss_oxide::scanner: Discovering "C:\\Users\\admin\\premium-invest-8\\features\\plugins"
2026-01-18T05:14:40.053149Z  INFO scan_sources: tailwindcss_oxide::scanner: Discovering "C:\\Users\\admin\\premium-invest-8\\components\\admin"
2026-01-18T05:14:40.053394Z  INFO scan_sources: tailwindcss_oxide::scanner: Discovering "C:\\Users\\admin\\premium-invest-8\\components\\analytics"
2026-01-18T05:14:40.053500Z  INFO scan_sources: tailwindcss_oxide::scanner: Discovering "C:\\Users\\admin\\premium-invest-8\\components\\calculators"
2026-01-18T05:14:40.053821Z  INFO scan_sources: tailwindcss_oxide::scanner: Discovering "C:\\Users\\admin\\premium-invest-8\\components\\home"
2026-01-18T05:14:40.053976Z  INFO scan_sources: tailwindcss_oxide::scanner: Discovering "C:\\Users\\admin\\premium-invest-8\\components\\live-intelligence"
2026-01-18T05:14:40.054259Z  INFO scan_sources: tailwindcss_oxide::scanner: Discovering "C:\\Users\\admin\\premium-invest-8\\components\\shared"
2026-01-18T05:14:40.054607Z  INFO scan_sources: tailwindcss_oxide::scanner: Discovering "C:\\Users\\admin\\premium-invest-8\\components\\tools"
2026-01-18T05:14:40.054709Z  INFO scan_sources: tailwindcss_oxide::scanner: Discovering "C:\\Users\\admin\\premium-invest-8\\components\\ui"
2026-01-18T05:14:40.055316Z  INFO scan_sources: tailwindcss_oxide::scanner: Discovering "C:\\Users\\admin\\premium-invest-8\\components\\user"
2026-01-18T05:14:40.055783Z  INFO scan_sources: tailwindcss_oxide::scanner: Discovering "C:\\Users\\admin\\premium-invest-8\\lib\\affiliate"
2026-01-18T05:14:40.055872Z  INFO scan_sources: tailwindcss_oxide::scanner: Discovering "C:\\Users\\admin\\premium-invest-8\\lib\\ai"
2026-01-18T05:14:40.056041Z  INFO scan_sources: tailwindcss_oxide::scanner: Discovering "C:\\Users\\admin\\premium-invest-8\\lib\\auth"
2026-01-18T05:14:40.056179Z  INFO scan_sources: tailwindcss_oxide::scanner: Discovering "C:\\Users\\admin\\premium-invest-8\\lib\\cache"
2026-01-18T05:14:40.056268Z  INFO scan_sources: tailwindcss_oxide::scanner: Discovering "C:\\Users\\admin\\premium-invest-8\\lib\\db"
2026-01-18T05:14:40.056440Z  INFO scan_sources: tailwindcss_oxide::scanner: Discovering "C:\\Users\\admin\\premium-invest-8\\lib\\email"
2026-01-18T05:14:40.056593Z  INFO scan_sources: tailwindcss_oxide::scanner: Discovering "C:\\Users\\admin\\premium-invest-8\\lib\\hooks"
2026-01-18T05:14:40.056737Z  INFO scan_sources: tailwindcss_oxide::scanner: Discovering "C:\\Users\\admin\\premium-invest-8\\lib\\live-intelligence"
2026-01-18T05:14:40.056942Z  INFO scan_sources: tailwindcss_oxide::scanner: Discovering "C:\\Users\\admin\\premium-invest-8\\lib\\monitoring"
2026-01-18T05:14:40.057073Z  INFO scan_sources: tailwindcss_oxide::scanner: Discovering "C:\\Users\\admin\\premium-invest-8\\lib\\pdf"
2026-01-18T05:14:40.057221Z  INFO scan_sources: tailwindcss_oxide::scanner: Discovering "C:\\Users\\admin\\premium-invest-8\\lib\\pitching"
2026-01-18T05:14:40.057321Z  INFO scan_sources: tailwindcss_oxide::scanner: Discovering "C:\\Users\\admin\\premium-invest-8\\lib\\plugins"
2026-01-18T05:14:40.057433Z  INFO scan_sources: tailwindcss_oxide::scanner: Discovering "C:\\Users\\admin\\premium-invest-8\\lib\\seo"
2026-01-18T05:14:40.057547Z  INFO scan_sources: tailwindcss_oxide::scanner: Discovering "C:\\Users\\admin\\premium-invest-8\\lib\\templates"
2026-01-18T05:14:40.057639Z  INFO scan_sources: tailwindcss_oxide::scanner: Discovering "C:\\Users\\admin\\premium-invest-8\\lib\\ui"
2026-01-18T05:14:40.057753Z  INFO scan_sources: tailwindcss_oxide::scanner: Discovering "C:\\Users\\admin\\premium-invest-8\\lib\\utils"
2026-01-18T05:14:40.057891Z  INFO scan_sources: tailwindcss_oxide::scanner: Discovering "C:\\Users\\admin\\premium-invest-8\\lib\\whatsapp"
2026-01-18T05:14:40.058029Z  INFO scan_sources: tailwindcss_oxide::scanner: exit
2026-01-18T05:14:40.058037Z  INFO extract_candidates: tailwindcss_oxide::scanner: enter
2026-01-18T05:14:40.058048Z  INFO extract_candidates:read_all_files: tailwindcss_oxide::scanner: enter
2026-01-18T05:14:40.058051Z  INFO extract_candidates:read_all_files: tailwindcss_oxide::scanner: Reading 694 file(s)
2026-01-18T05:14:40.058867Z  INFO tailwindcss_oxide::scanner: Reading "C:\\Users\\admin\\premium-invest-8\\app\\tools\\insurance-value\\page.jsx"
2026-01-18T05:14:40.058872Z  INFO tailwindcss_oxide::scanner: Reading "C:\\Users\\admin\\premium-invest-8\\app\\api\\events\\route.js"
2026-01-18T05:14:40.058920Z  INFO tailwindcss_oxide::scanner: Reading "C:\\Users\\admin\\premium-invest-8\\app\\api\\generate-pdf\\route.ts"
2026-01-18T05:14:40.058941Z  INFO tailwindcss_oxide::scanner: Reading "C:\\Users\\admin\\premium-invest-8\\app\\tools\\itr-filing-help\\page.jsx"
2026-01-18T05:14:40.058942Z  INFO tailwindcss_oxide::scanner: Reading "C:\\Users\\admin\\premium-invest-8\\app\\api\\health\\route.js"
2026-01-18T05:14:40.058966Z  INFO tailwindcss_oxide::scanner: Reading "C:\\Users\\admin\\premium-invest-8\\app\\api\\leads\\capture\\route.js"
2026-01-18T05:14:40.058985Z  INFO tailwindcss_oxide::scanner: Reading "C:\\Users\\admin\\premium-invest-8\\app\\tools\\lumpsum-planner\\page.jsx"
2026-01-18T05:14:40.058991Z  INFO tailwindcss_oxide::scanner: Reading "C:\\Users\\admin\\premium-invest-8\\app\\api\\leads\\route.js"
2026-01-18T05:14:40.058977Z  INFO tailwindcss_oxide::scanner: Reading "C:\\Users\\admin\\premium-invest-8\\.cursor\\rules\\global_instructions.mdc"
2026-01-18T05:14:40.059064Z  INFO tailwindcss_oxide::scanner: Reading "C:\\Users\\admin\\premium-invest-8\\app\\tools\\page.jsx"
2026-01-18T05:14:40.059067Z  INFO tailwindcss_oxide::scanner: Reading "C:\\Users\\admin\\premium-invest-8\\app\\api\\live-intelligence\\archive\\route.js"
2026-01-18T05:14:40.059063Z  INFO tailwindcss_oxide::scanner: Reading "C:\\Users\\admin\\premium-invest-8\\app\\api\\admin\\affiliate-convert\\route.js"
2026-01-18T05:14:40.059091Z  INFO tailwindcss_oxide::scanner: Reading "C:\\Users\\admin\\premium-invest-8\\app\\api\\live-intelligence\\explain\\route.js"
2026-01-18T05:14:40.059099Z  INFO tailwindcss_oxide::scanner: Reading "C:\\Users\\admin\\premium-invest-8\\components\\live-intelligence\\DonutCalculator.jsx"
2026-01-18T05:14:40.059114Z  INFO tailwindcss_oxide::scanner: Reading "C:\\Users\\admin\\premium-invest-8\\app\\tools\\property-vs-sip\\page.jsx"
2026-01-18T05:14:40.059124Z  INFO tailwindcss_oxide::scanner: Reading "C:\\Users\\admin\\premium-invest-8\\app\\api\\admin\\affiliate-fail\\route.js"
2026-01-18T05:14:40.059125Z  INFO tailwindcss_oxide::scanner: Reading "C:\\Users\\admin\\premium-invest-8\\app\\fixed-deposits\\layout.js"
2026-01-18T05:14:40.059156Z  INFO tailwindcss_oxide::scanner: Reading "C:\\Users\\admin\\premium-invest-8\\app\\tools\\retirement-gap\\page.jsx"
2026-01-18T05:14:40.059154Z  INFO tailwindcss_oxide::scanner: Reading "C:\\Users\\admin\\premium-invest-8\\app\\api\\admin\\affiliate-stats\\route.js"
2026-01-18T05:14:40.059152Z  INFO tailwindcss_oxide::scanner: Reading "C:\\Users\\admin\\premium-invest-8\\lib\\utils\\rateLimiter.js"
2026-01-18T05:14:40.059181Z  INFO tailwindcss_oxide::scanner: Reading "C:\\Users\\admin\\premium-invest-8\\app\\api\\admin\\affiliate-update\\route.js"
2026-01-18T05:14:40.059182Z  INFO tailwindcss_oxide::scanner: Reading "C:\\Users\\admin\\premium-invest-8\\components\\user\\ChatBubble.jsx"
2026-01-18T05:14:40.059195Z  INFO tailwindcss_oxide::scanner: Reading "C:\\Users\\admin\\premium-invest-8\\app\\tools\\tax-leak-detector\\page.jsx"
2026-01-18T05:14:40.059200Z  INFO tailwindcss_oxide::scanner: Reading "C:\\Users\\admin\\premium-invest-8\\app\\fixed-deposits\\page.jsx"
2026-01-18T05:14:40.059204Z  INFO tailwindcss_oxide::scanner: Reading "C:\\Users\\admin\\premium-invest-8\\app\\api\\admin\\aio-tracker\\route.js"
2026-01-18T05:14:40.059228Z  INFO tailwindcss_oxide::scanner: Reading "C:\\Users\\admin\\premium-invest-8\\app\\api\\admin\\analytics\\route.js"
2026-01-18T05:14:40.059232Z  INFO tailwindcss_oxide::scanner: Reading "C:\\Users\\admin\\premium-invest-8\\frontend\\src\\pages\\Services.js"
2026-01-18T05:14:40.059241Z  INFO tailwindcss_oxide::scanner: Reading "C:\\Users\\admin\\premium-invest-8\\app\\tools\\tax-optimization\\page.jsx"
2026-01-18T05:14:40.059249Z  INFO tailwindcss_oxide::scanner: Reading "C:\\Users\\admin\\premium-invest-8\\app\\insurance\\layout.js"
2026-01-18T05:14:40.059257Z  INFO tailwindcss_oxide::scanner: Reading "C:\\Users\\admin\\premium-invest-8\\app\\api\\admin\\daily-metrics\\route.js"
2026-01-18T05:14:40.059264Z  INFO tailwindcss_oxide::scanner: Reading "C:\\Users\\admin\\premium-invest-8\\scripts\\protect-core.ps1"
2026-01-18T05:14:40.059281Z  INFO tailwindcss_oxide::scanner: Reading "C:\\Users\\admin\\premium-invest-8\\app\\api\\admin\\deliverables\\email\\route.js"
2026-01-18T05:14:40.059281Z  INFO tailwindcss_oxide::scanner: Reading "C:\\Users\\admin\\premium-invest-8\\app\\track\\[platform]\\route.js"
2026-01-18T05:14:40.059295Z  INFO tailwindcss_oxide::scanner: Reading "C:\\Users\\admin\\premium-invest-8\\app\\insurance\\page.jsx"
2026-01-18T05:14:40.059305Z  INFO tailwindcss_oxide::scanner: Reading "C:\\Users\\admin\\premium-invest-8\\app\\api\\admin\\deliverables\\pdf\\route.js"
2026-01-18T05:14:40.059308Z  INFO tailwindcss_oxide::scanner: Reading "C:\\Users\\admin\\premium-invest-8\\app\\api\\live-intelligence\\feed\\# Live Intelligence Overlay Fixes.prompt.md"
2026-01-18T05:14:40.059312Z  INFO tailwindcss_oxide::scanner: Reading "C:\\Users\\admin\\premium-invest-8\\components\\live-intelligence\\FeedToggle.jsx"
2026-01-18T05:14:40.059313Z  INFO tailwindcss_oxide::scanner: Reading "C:\\Users\\admin\\premium-invest-8\\app\\api\\razorpay\\verify\\route.js"
2026-01-18T05:14:40.059330Z  INFO tailwindcss_oxide::scanner: Reading "C:\\Users\\admin\\premium-invest-8\\app\\api\\admin\\deliverables\\preview\\email\\route.js"
2026-01-18T05:14:40.059353Z  INFO tailwindcss_oxide::scanner: Reading "C:\\Users\\admin\\premium-invest-8\\app\\api\\admin\\deliverables\\preview\\pdf\\route.js"
2026-01-18T05:14:40.059355Z  INFO tailwindcss_oxide::scanner: Reading "C:\\Users\\admin\\premium-invest-8\\components\\user\\FAQSection.jsx"
2026-01-18T05:14:40.059357Z  INFO tailwindcss_oxide::scanner: Reading "C:\\Users\\admin\\premium-invest-8\\app\\trading-services\\layout.js"
2026-01-18T05:14:40.059374Z  INFO tailwindcss_oxide::scanner: Reading "C:\\Users\\admin\\premium-invest-8\\app\\api\\admin\\deliverables\\route.js"
2026-01-18T05:14:40.059376Z  INFO tailwindcss_oxide::scanner: Reading "C:\\Users\\admin\\premium-invest-8\\app\\api\\rss-proxy\\route.js"
2026-01-18T05:14:40.059384Z  INFO tailwindcss_oxide::scanner: Reading "C:\\Users\\admin\\premium-invest-8\\app\\api\\live-intelligence\\feed\\route.js"
2026-01-18T05:14:40.059384Z  INFO tailwindcss_oxide::scanner: Reading "C:\\Users\\admin\\premium-invest-8\\lib\\utils\\validator.js"
2026-01-18T05:14:40.059397Z  INFO tailwindcss_oxide::scanner: Reading "C:\\Users\\admin\\premium-invest-8\\app\\api\\admin\\email-preferences\\route.js"
2026-01-18T05:14:40.059418Z  INFO tailwindcss_oxide::scanner: Reading "C:\\Users\\admin\\premium-invest-8\\app\\trading-services\\page.jsx"
2026-01-18T05:14:40.059422Z  INFO tailwindcss_oxide::scanner: Reading "C:\\Users\\admin\\premium-invest-8\\app\\api\\admin\\export\\route.js"
2026-01-18T05:14:40.059424Z  INFO tailwindcss_oxide::scanner: Reading "C:\\Users\\admin\\premium-invest-8\\app\\api\\tools\\aio\\email\\route.js"
2026-01-18T05:14:40.059434Z  INFO tailwindcss_oxide::scanner: Reading "C:\\Users\\admin\\premium-invest-8\\lib\\utils.js"
2026-01-18T05:14:40.059442Z  INFO tailwindcss_oxide::scanner: Reading "C:\\Users\\admin\\premium-invest-8\\app\\api\\live-intelligence\\ingest\\route.js"
2026-01-18T05:14:40.059443Z  INFO tailwindcss_oxide::scanner: Reading "C:\\Users\\admin\\premium-invest-8\\app\\api\\admin\\family\\login\\route.js"
2026-01-18T05:14:40.059443Z  INFO tailwindcss_oxide::scanner: Reading "C:\\Users\\admin\\premium-invest-8\\public\\huly-mask-base.svg"
2026-01-18T05:14:40.059467Z  INFO tailwindcss_oxide::scanner: Reading "C:\\Users\\admin\\premium-invest-8\\app\\api\\admin\\family\\logout\\route.js"
2026-01-18T05:14:40.059470Z  INFO tailwindcss_oxide::scanner: Reading "C:\\Users\\admin\\premium-invest-8\\app\\v0-test\\page.jsx"
2026-01-18T05:14:40.059470Z  INFO tailwindcss_oxide::scanner: Reading "C:\\Users\\admin\\premium-invest-8\\app\\api\\track\\route.js"
2026-01-18T05:14:40.059487Z  INFO tailwindcss_oxide::scanner: Reading "C:\\Users\\admin\\premium-invest-8\\app\\api\\admin\\family-stats\\route.js"
2026-01-18T05:14:40.059491Z  INFO tailwindcss_oxide::scanner: Reading "C:\\Users\\admin\\premium-invest-8\\app\\api\\live-intelligence\\mood\\route.js"
2026-01-18T05:14:40.059493Z  INFO tailwindcss_oxide::scanner: Reading "C:\\Users\\admin\\premium-invest-8\\.env.example"
2026-01-18T05:14:40.059431Z  INFO tailwindcss_oxide::scanner: Reading "C:\\Users\\admin\\premium-invest-8\\MODULARIZATION.md"
2026-01-18T05:14:40.059501Z  INFO tailwindcss_oxide::scanner: Reading "C:\\Users\\admin\\premium-invest-8\\frontend\\src\\pages\\SIPServices.js"
2026-01-18T05:14:40.059514Z  INFO tailwindcss_oxide::scanner: Reading "C:\\Users\\admin\\premium-invest-8\\app\\api\\admin\\headlines\\route.js"
2026-01-18T05:14:40.059530Z  INFO tailwindcss_oxide::scanner: Reading "C:\\Users\\admin\\premium-invest-8\\app\\api\\whatsapp\\opt-in\\route.js"
2026-01-18T05:14:40.059533Z  INFO tailwindcss_oxide::scanner: Reading "C:\\Users\\admin\\premium-invest-8\\.gitconfig"
2026-01-18T05:14:40.059536Z  INFO tailwindcss_oxide::scanner: Reading "C:\\Users\\admin\\premium-invest-8\\app\\api\\admin\\leads\\route.js"
2026-01-18T05:14:40.059536Z  INFO tailwindcss_oxide::scanner: Reading "C:\\Users\\admin\\premium-invest-8\\app\\api\\live-intelligence\\night-summary\\route.js"
2026-01-18T05:14:40.059558Z  INFO tailwindcss_oxide::scanner: Reading "C:\\Users\\admin\\premium-invest-8\\app\\api\\admin\\live-intelligence\\route.js"
2026-01-18T05:14:40.059566Z  INFO tailwindcss_oxide::scanner: Reading "C:\\Users\\admin\\premium-invest-8\\next.config.mjs"
2026-01-18T05:14:40.059577Z  INFO tailwindcss_oxide::scanner: Reading "C:\\Users\\admin\\premium-invest-8\\app\\api\\whatsapp\\webhook\\route.js"
2026-01-18T05:14:40.059579Z  INFO tailwindcss_oxide::scanner: Reading "C:\\Users\\admin\\premium-invest-8\\app\\api\\admin\\login\\route.js"
2026-01-18T05:14:40.059585Z  INFO tailwindcss_oxide::scanner: Reading "C:\\Users\\admin\\premium-invest-8\\lib\\whatsapp\\propertyVsSipFollowupTemplates.js"
2026-01-18T05:14:40.059586Z  INFO tailwindcss_oxide::scanner: Reading "C:\\Users\\admin\\premium-invest-8\\app\\api\\live-intelligence\\process\\route.js"
2026-01-18T05:14:40.059595Z  INFO tailwindcss_oxide::scanner: Reading "C:\\Users\\admin\\premium-invest-8\\app\\layout.client.js"
2026-01-18T05:14:40.059602Z  INFO tailwindcss_oxide::scanner: Reading "C:\\Users\\admin\\premium-invest-8\\app\\api\\admin\\logout\\route.js"
2026-01-18T05:14:40.059625Z  INFO tailwindcss_oxide::scanner: Reading "C:\\Users\\admin\\premium-invest-8\\app\\api\\admin\\revenue\\route.js"
2026-01-18T05:14:40.059629Z  INFO tailwindcss_oxide::scanner: Reading "C:\\Users\\admin\\premium-invest-8\\middleware.js"
2026-01-18T05:14:40.059529Z  INFO tailwindcss_oxide::scanner: Reading "C:\\Users\\admin\\premium-invest-8\\backend\\requirements.txt"
2026-01-18T05:14:40.059638Z  INFO tailwindcss_oxide::scanner: Reading "C:\\Users\\admin\\premium-invest-8\\app\\api\\live-intelligence\\status\\route.js"
2026-01-18T05:14:40.059660Z  INFO tailwindcss_oxide::scanner: Reading "C:\\Users\\admin\\premium-invest-8\\app\\layout.js"
2026-01-18T05:14:40.059643Z  INFO tailwindcss_oxide::scanner: Reading "C:\\Users\\admin\\premium-invest-8\\app\\api\\admin\\strategy\\route.js"
2026-01-18T05:14:40.059679Z  INFO tailwindcss_oxide::scanner: Reading "C:\\Users\\admin\\premium-invest-8\\frontend\\src\\pages\\Sitemap.js"
2026-01-18T05:14:40.059681Z  INFO tailwindcss_oxide::scanner: Reading "C:\\Users\\admin\\premium-invest-8\\public\\huly-mask-top.svg"
2026-01-18T05:14:40.059690Z  INFO tailwindcss_oxide::scanner: Reading "C:\\Users\\admin\\premium-invest-8\\components\\live-intelligence\\HeadlineCard.jsx"
2026-01-18T05:14:40.059698Z  INFO tailwindcss_oxide::scanner: Reading "C:\\Users\\admin\\premium-invest-8\\app\\api\\admin\\summary\\route.js"
2026-01-18T05:14:40.059720Z  INFO tailwindcss_oxide::scanner: Reading "C:\\Users\\admin\\premium-invest-8\\app\\api\\admin\\test-email\\route.js"
2026-01-18T05:14:40.059721Z  INFO tailwindcss_oxide::scanner: Reading "C:\\Users\\admin\\premium-invest-8\\app\\layout.server.js"
2026-01-18T05:14:40.059745Z  INFO tailwindcss_oxide::scanner: Reading "C:\\Users\\admin\\premium-invest-8\\app\\blog\\BlogIndexClient.jsx"
2026-01-18T05:14:40.059744Z  INFO tailwindcss_oxide::scanner: Reading "C:\\Users\\admin\\premium-invest-8\\app\\api\\market-data\\route.js"
2026-01-18T05:14:40.059748Z  INFO tailwindcss_oxide::scanner: Reading "C:\\Users\\admin\\premium-invest-8\\app\\api\\admin\\test-property-vs-sip-emails\\route.js"
2026-01-18T05:14:40.059761Z  INFO tailwindcss_oxide::scanner: Reading "C:\\Users\\admin\\premium-invest-8\\components\\user\\Footer.jsx"
2026-01-18T05:14:40.059762Z  INFO tailwindcss_oxide::scanner: Reading "C:\\Users\\admin\\premium-invest-8\\lib\\email\\propertyVsSipTemplates.js"
2026-01-18T05:14:40.059774Z  INFO tailwindcss_oxide::scanner: Reading "C:\\Users\\admin\\premium-invest-8\\app\\api\\admin\\verify\\route.js"
2026-01-18T05:14:40.059774Z  INFO tailwindcss_oxide::scanner: Reading "C:\\Users\\admin\\premium-invest-8\\app\\legal-disclosures\\page.jsx"
2026-01-18T05:14:40.059777Z  INFO tailwindcss_oxide::scanner: Reading "C:\\Users\\admin\\premium-invest-8\\app\\blog\\page.js"
2026-01-18T05:14:40.059771Z  INFO tailwindcss_oxide::scanner: Reading "C:\\Users\\admin\\premium-invest-8\\.github\\CONTRIBUTING.md"
2026-01-18T05:14:40.059795Z  INFO tailwindcss_oxide::scanner: Reading "C:\\Users\\admin\\premium-invest-8\\app\\api\\affiliate\\click\\route.js"
2026-01-18T05:14:40.059793Z  INFO tailwindcss_oxide::scanner: Reading "C:\\Users\\admin\\premium-invest-8\\lib\\whatsapp\\whatsappService.js"
2026-01-18T05:14:40.059816Z  INFO tailwindcss_oxide::scanner: Reading "C:\\Users\\admin\\premium-invest-8\\app\\api\\ai\\generate-summary\\route.js"
2026-01-18T05:14:40.059819Z  INFO tailwindcss_oxide::scanner: Reading "C:\\Users\\admin\\premium-invest-8\\app\\api\\newsletter\\subscribe\\route.js"
2026-01-18T05:14:40.059837Z  INFO tailwindcss_oxide::scanner: Reading "C:\\Users\\admin\\premium-invest-8\\app\\api\\analytics\\live-intelligence\\route.js"
2026-01-18T05:14:40.059839Z  INFO tailwindcss_oxide::scanner: Reading "C:\\Users\\admin\\premium-invest-8\\app\\live-intelligence\\page.jsx"
2026-01-18T05:14:40.059843Z  INFO tailwindcss_oxide::scanner: Reading "C:\\Users\\admin\\premium-invest-8\\backend\\server.py"
2026-01-18T05:14:40.059844Z  INFO tailwindcss_oxide::scanner: Reading "C:\\Users\\admin\\premium-invest-8\\.npmrc"
2026-01-18T05:14:40.059859Z  INFO tailwindcss_oxide::scanner: Reading "C:\\Users\\admin\\premium-invest-8\\app\\api\\blog\\route.js"
2026-01-18T05:14:40.059857Z  INFO tailwindcss_oxide::scanner: Reading "C:\\Users\\admin\\premium-invest-8\\frontend\\src\\pages\\TermsAndConditions.jsx"
2026-01-18T05:14:40.059865Z  INFO tailwindcss_oxide::scanner: Reading "C:\\Users\\admin\\premium-invest-8\\app\\api\\payments\\cashfree\\create-order\\route.js"
2026-01-18T05:14:40.059873Z  INFO tailwindcss_oxide::scanner: Reading "C:\\Users\\admin\\premium-invest-8\\migrate-final.js"
2026-01-18T05:14:40.059880Z  INFO tailwindcss_oxide::scanner: Reading "C:\\Users\\admin\\premium-invest-8\\app\\api\\bmwealth\\route.js"
2026-01-18T05:14:40.059885Z  INFO tailwindcss_oxide::scanner: Reading "C:\\Users\\admin\\premium-invest-8\\app\\login\\page.js"
2026-01-18T05:14:40.059899Z  INFO tailwindcss_oxide::scanner: Reading "C:\\Users\\admin\\premium-invest-8\\app\\api\\breaking-news\\route.js"
2026-01-18T05:14:40.059906Z  INFO tailwindcss_oxide::scanner: Reading "C:\\Users\\admin\\premium-invest-8\\lib\\email\\taxBlueprintTemplates.js"
2026-01-18T05:14:40.059912Z  INFO tailwindcss_oxide::scanner: Reading "C:\\Users\\admin\\premium-invest-8\\app\\api\\pdf\\generate\\route.js"
2026-01-18T05:14:40.059914Z  INFO tailwindcss_oxide::scanner: Reading "C:\\Users\\admin\\premium-invest-8\\scripts\\qa-grid.mjs"
2026-01-18T05:14:40.059933Z  INFO tailwindcss_oxide::scanner: Reading "C:\\Users\\admin\\premium-invest-8\\app\\api\\chat\\route.js"
2026-01-18T05:14:40.059960Z  INFO tailwindcss_oxide::scanner: Reading "C:\\Users\\admin\\premium-invest-8\\public\\next.svg"
2026-01-18T05:14:40.059962Z  INFO tailwindcss_oxide::scanner: Reading "C:\\Users\\admin\\premium-invest-8\\.safety-backups\\chat\\20251230-214526\\components\\WhatsAppFloat.jsx"
2026-01-18T05:14:40.059967Z  INFO tailwindcss_oxide::scanner: Reading "C:\\Users\\admin\\premium-invest-8\\app\\api\\contact\\route.js"
2026-01-18T05:14:40.059962Z  INFO tailwindcss_oxide::scanner: Reading "C:\\Users\\admin\\premium-invest-8\\app\\blog\\[slug]\\BlogDetailClient.jsx"
2026-01-18T05:14:40.059992Z  INFO tailwindcss_oxide::scanner: Reading "C:\\Users\\admin\\premium-invest-8\\app\\api\\cron\\check-expiry\\route.js"
2026-01-18T05:14:40.059993Z  INFO tailwindcss_oxide::scanner: Reading "C:\\Users\\admin\\premium-invest-8\\scripts\\run-xfade-debug.ps1"
2026-01-18T05:14:40.059997Z  INFO tailwindcss_oxide::scanner: Reading "C:\\Users\\admin\\premium-invest-8\\components\\live-intelligence\\HeadlineFeed.jsx"
2026-01-18T05:14:40.060004Z  INFO tailwindcss_oxide::scanner: Reading "C:\\Users\\admin\\premium-invest-8\\.safety-backups\\chat\\20251230-214526\\meta.json"
2026-01-18T05:14:40.060016Z  INFO tailwindcss_oxide::scanner: Reading "C:\\Users\\admin\\premium-invest-8\\app\\api\\cron\\daily-summary\\route.js"
2026-01-18T05:14:40.060016Z  INFO tailwindcss_oxide::scanner: Reading "C:\\Users\\admin\\premium-invest-8\\app\\api\\property-vs-sip\\email-summary\\route.js"
2026-01-18T05:14:40.059973Z  INFO tailwindcss_oxide::scanner: Reading "C:\\Users\\admin\\premium-invest-8\\app\\api\\pdf\\service\\route.js"
2026-01-18T05:14:40.060029Z  INFO tailwindcss_oxide::scanner: Reading "C:\\Users\\admin\\premium-invest-8\\app\\blog\\[slug]\\page.js"
2026-01-18T05:14:40.060022Z  INFO tailwindcss_oxide::scanner: Reading "C:\\Users\\admin\\premium-invest-8\\OVERLAY_AUDIT_LIVE_INTELLIGENCE.md"
2026-01-18T05:14:40.060037Z  INFO tailwindcss_oxide::scanner: Reading "C:\\Users\\admin\\premium-invest-8\\.tmp_archive.json"
2026-01-18T05:14:40.060040Z  INFO tailwindcss_oxide::scanner: Reading "C:\\Users\\admin\\premium-invest-8\\app\\api\\razorpay\\create-order\\route.js"
2026-01-18T05:14:40.060045Z  INFO tailwindcss_oxide::scanner: Reading "C:\\Users\\admin\\premium-invest-8\\app\\api\\cron\\headlines\\route.js"
2026-01-18T05:14:40.060042Z  INFO tailwindcss_oxide::scanner: Reading "C:\\Users\\admin\\premium-invest-8\\public\\site.webmanifest"
2026-01-18T05:14:40.060075Z  INFO tailwindcss_oxide::scanner: Reading "C:\\Users\\admin\\premium-invest-8\\app\\api\\cron\\weekly-summary\\route.js"
2026-01-18T05:14:40.060114Z  INFO tailwindcss_oxide::scanner: Reading "C:\\Users\\admin\\premium-invest-8\\package.json"
2026-01-18T05:14:40.060119Z  INFO tailwindcss_oxide::scanner: Reading "C:\\Users\\admin\\premium-invest-8\\app\\api\\cron\\whatsapp-followups\\route.js"
2026-01-18T05:14:40.060138Z  INFO tailwindcss_oxide::scanner: Reading "C:\\Users\\admin\\premium-invest-8\\app\\api\\email\\click\\route.js"
2026-01-18T05:14:40.060163Z  INFO tailwindcss_oxide::scanner: Reading "C:\\Users\\admin\\premium-invest-8\\app\\api\\email\\open\\route.js"
2026-01-18T05:14:40.060078Z  INFO tailwindcss_oxide::scanner: Reading "C:\\Users\\admin\\premium-invest-8\\app\\careers\\layout.js"
2026-01-18T05:14:40.060080Z  INFO tailwindcss_oxide::scanner: Reading "C:\\Users\\admin\\premium-invest-8\\app\\products\\page.js"
2026-01-18T05:14:40.060183Z  INFO tailwindcss_oxide::scanner: Reading "C:\\Users\\admin\\premium-invest-8\\app\\sip-calculator\\page.js"
2026-01-18T05:14:40.060214Z  INFO tailwindcss_oxide::scanner: Reading "C:\\Users\\admin\\premium-invest-8\\app\\refund\\layout.js"
2026-01-18T05:14:40.060218Z  INFO tailwindcss_oxide::scanner: Reading "C:\\Users\\admin\\premium-invest-8\\app\\careers\\page.jsx"
2026-01-18T05:14:40.060240Z  INFO tailwindcss_oxide::scanner: Reading "C:\\Users\\admin\\premium-invest-8\\app\\sitemap\\page.jsx"
2026-01-18T05:14:40.060242Z  INFO tailwindcss_oxide::scanner: Reading "C:\\Users\\admin\\premium-invest-8\\app\\refund\\page.jsx"
2026-01-18T05:14:40.060271Z  INFO tailwindcss_oxide::scanner: Reading "C:\\Users\\admin\\premium-invest-8\\app\\client-portal\\page.jsx"
2026-01-18T05:14:40.060274Z  INFO tailwindcss_oxide::scanner: Reading "C:\\Users\\admin\\premium-invest-8\\app\\refund-policy\\page.jsx"
2026-01-18T05:14:40.060274Z  INFO tailwindcss_oxide::scanner: Reading "C:\\Users\\admin\\premium-invest-8\\app\\(public)\\blueprint\\page.jsx"
2026-01-18T05:14:40.060286Z  INFO tailwindcss_oxide::scanner: Reading "C:\\Users\\admin\\premium-invest-8\\app\\sitemap-page\\layout.js"
2026-01-18T05:14:40.060293Z  INFO tailwindcss_oxide::scanner: Reading "C:\\Users\\admin\\premium-invest-8\\app\\regulatory-compliance\\page.jsx"
2026-01-18T05:14:40.060303Z  INFO tailwindcss_oxide::scanner: Reading "C:\\Users\\admin\\premium-invest-8\\app\\compliance\\layout.js"
2026-01-18T05:14:40.060317Z  INFO tailwindcss_oxide::scanner: Reading "C:\\Users\\admin\\premium-invest-8\\app\\robots.js"
2026-01-18T05:14:40.060336Z  INFO tailwindcss_oxide::scanner: Reading "C:\\Users\\admin\\premium-invest-8\\app\\sitemap-page\\page.jsx"
2026-01-18T05:14:40.060338Z  INFO tailwindcss_oxide::scanner: Reading "C:\\Users\\admin\\premium-invest-8\\app\\services\\layout.js"
2026-01-18T05:14:40.060336Z  INFO tailwindcss_oxide::scanner: Reading "C:\\Users\\admin\\premium-invest-8\\app\\(public)\\layout.js"
2026-01-18T05:14:40.060341Z  INFO tailwindcss_oxide::scanner: Reading "C:\\Users\\admin\\premium-invest-8\\app\\compliance\\page.jsx"
2026-01-18T05:14:40.060368Z  INFO tailwindcss_oxide::scanner: Reading "C:\\Users\\admin\\premium-invest-8\\app\\services\\page.jsx"
2026-01-18T05:14:40.060391Z  INFO tailwindcss_oxide::scanner: Reading "C:\\Users\\admin\\premium-invest-8\\app\\contact\\layout.js"
2026-01-18T05:14:40.060394Z  INFO tailwindcss_oxide::scanner: Reading "C:\\Users\\admin\\premium-invest-8\\app\\sitemap.js"
2026-01-18T05:14:40.060415Z  INFO tailwindcss_oxide::scanner: Reading "C:\\Users\\admin\\premium-invest-8\\app\\contact\\page.jsx"
2026-01-18T05:14:40.060442Z  INFO tailwindcss_oxide::scanner: Reading "C:\\Users\\admin\\premium-invest-8\\app\\curated-partners\\layout.js"
2026-01-18T05:14:40.060443Z  INFO tailwindcss_oxide::scanner: Reading "C:\\Users\\admin\\premium-invest-8\\app\\sip\\layout.js"
2026-01-18T05:14:40.060464Z  INFO tailwindcss_oxide::scanner: Reading "C:\\Users\\admin\\premium-invest-8\\app\\curated-partners\\page.jsx"
2026-01-18T05:14:40.060484Z  INFO tailwindcss_oxide::scanner: Reading "C:\\Users\\admin\\premium-invest-8\\backup\\live-intelligence-2026-01-13\\ai-summary.js"
2026-01-18T05:14:40.060457Z  INFO tailwindcss_oxide::scanner: Reading "C:\\Users\\admin\\premium-invest-8\\.tmp_stash_report.txt"
2026-01-18T05:14:40.060450Z  INFO tailwindcss_oxide::scanner: Reading "C:\\Users\\admin\\premium-invest-8\\app\\tax-leak-detector\\page.js"
2026-01-18T05:14:40.060503Z  INFO tailwindcss_oxide::scanner: Reading "C:\\Users\\admin\\premium-invest-8\\app\\sip\\page.jsx"
2026-01-18T05:14:40.060492Z  INFO tailwindcss_oxide::scanner: Reading "C:\\Users\\admin\\premium-invest-8\\components\\user\\LaserFooter.jsx"
2026-01-18T05:14:40.060514Z  INFO tailwindcss_oxide::scanner: Reading "C:\\Users\\admin\\premium-invest-8\\app\\dashboard\\page.js"
2026-01-18T05:14:40.060497Z  INFO tailwindcss_oxide::scanner: Reading "C:\\Users\\admin\\premium-invest-8\\components\\live-intelligence\\IntelligenceCard.jsx"
2026-01-18T05:14:40.060507Z  INFO tailwindcss_oxide::scanner: Reading "C:\\Users\\admin\\premium-invest-8\\app\\metadata.js"
2026-01-18T05:14:40.060535Z  INFO tailwindcss_oxide::scanner: Reading "C:\\Users\\admin\\premium-invest-8\\.tmp_archive2.json"
2026-01-18T05:14:40.060543Z  INFO tailwindcss_oxide::scanner: Reading "C:\\Users\\admin\\premium-invest-8\\migrate-pages.js"
2026-01-18T05:14:40.060546Z  INFO tailwindcss_oxide::scanner: Reading "C:\\Users\\admin\\premium-invest-8\\frontend\\src\\pages\\TradingServices.js"
2026-01-18T05:14:40.060548Z  INFO tailwindcss_oxide::scanner: Reading "C:\\Users\\admin\\premium-invest-8\\app\\disclaimer\\layout.js"
2026-01-18T05:14:40.060566Z  INFO tailwindcss_oxide::scanner: Reading "C:\\Users\\admin\\premium-invest-8\\lib\\email\\templates.js"
2026-01-18T05:14:40.060551Z  INFO tailwindcss_oxide::scanner: Reading "C:\\Users\\admin\\premium-invest-8\\app\\terms\\layout.js"
2026-01-18T05:14:40.060577Z  INFO tailwindcss_oxide::scanner: Reading "C:\\Users\\admin\\premium-invest-8\\.tmp_blackdetect_final5s.txt"
2026-01-18T05:14:40.060561Z  INFO tailwindcss_oxide::scanner: Reading "C:\\Users\\admin\\premium-invest-8\\migrate-remaining.js"
2026-01-18T05:14:40.060598Z  INFO tailwindcss_oxide::scanner: Reading "C:\\Users\\admin\\premium-invest-8\\app\\disclaimer\\page.jsx"
2026-01-18T05:14:40.060553Z  INFO tailwindcss_oxide::scanner: Reading "C:\\Users\\admin\\premium-invest-8\\app\\terms-and-conditions\\page.jsx"
2026-01-18T05:14:40.060575Z  INFO tailwindcss_oxide::scanner: Reading "C:\\Users\\admin\\premium-invest-8\\app\\mutual-funds\\layout.js"
2026-01-18T05:14:40.060607Z  INFO tailwindcss_oxide::scanner: Reading "C:\\Users\\admin\\premium-invest-8\\app\\tools\\all-calculators\\page.jsx"
2026-01-18T05:14:40.060609Z  INFO tailwindcss_oxide::scanner: Reading "C:\\Users\\admin\\premium-invest-8\\scripts\\safety\\add-file-headers.mjs"
2026-01-18T05:14:40.060620Z  INFO tailwindcss_oxide::scanner: Reading "C:\\Users\\admin\\premium-invest-8\\public\\sw.js"
2026-01-18T05:14:40.060620Z  INFO tailwindcss_oxide::scanner: Reading "C:\\Users\\admin\\premium-invest-8\\supabase\\schema.sql"
2026-01-18T05:14:40.060625Z  INFO tailwindcss_oxide::scanner: Reading "C:\\Users\\admin\\premium-invest-8\\app\\terms\\page.jsx"
2026-01-18T05:14:40.060637Z  INFO tailwindcss_oxide::scanner: Reading "C:\\Users\\admin\\premium-invest-8\\.tmp_blackdetect.txt"
2026-01-18T05:14:40.060640Z  INFO tailwindcss_oxide::scanner: Reading "C:\\Users\\admin\\premium-invest-8\\package_backup_pre_shadcn.json"
2026-01-18T05:14:40.060667Z  INFO tailwindcss_oxide::scanner: Reading "C:\\Users\\admin\\premium-invest-8\\app\\services\\ServicesShowcase.jsx"
2026-01-18T05:14:40.060682Z  INFO tailwindcss_oxide::scanner: Reading "C:\\Users\\admin\\premium-invest-8\\app\\tools\\calc-share\\page.jsx"
2026-01-18T05:14:40.060684Z  INFO tailwindcss_oxide::scanner: Reading "C:\\Users\\admin\\premium-invest-8\\lib\\ai\\contextManager.js"
2026-01-18T05:14:40.060694Z  INFO tailwindcss_oxide::scanner: Reading "C:\\Users\\admin\\premium-invest-8\\components\\ui\\badge.jsx"
2026-01-18T05:14:40.060696Z  INFO tailwindcss_oxide::scanner: Reading "C:\\Users\\admin\\premium-invest-8\\README-staging.txt"
2026-01-18T05:14:40.060741Z  INFO tailwindcss_oxide::scanner: Reading "C:\\Users\\admin\\premium-invest-8\\backup\\live-intelligence-2026-01-13\\analytics.js"
2026-01-18T05:14:40.060737Z  INFO tailwindcss_oxide::scanner: Reading "C:\\Users\\admin\\premium-invest-8\\app\\(public)\\live-intelligence-hero\\components\\CategoryFilter.jsx"
2026-01-18T05:14:40.060748Z  INFO tailwindcss_oxide::scanner: Reading "C:\\Users\\admin\\premium-invest-8\\.tmp_status.txt"
2026-01-18T05:14:40.060708Z  INFO tailwindcss_oxide::scanner: Reading "C:\\Users\\admin\\premium-invest-8\\frontend\\plugins\\visual-edits\\dev-server-setup.js"
2026-01-18T05:14:40.060734Z  INFO tailwindcss_oxide::scanner: Reading "C:\\Users\\admin\\premium-invest-8\\components\\live-intelligence\\IntelligenceFeed.jsx"
2026-01-18T05:14:40.060716Z  INFO tailwindcss_oxide::scanner: Reading "C:\\Users\\admin\\premium-invest-8\\app\\mutual-funds\\page.jsx"
2026-01-18T05:14:40.060709Z  INFO tailwindcss_oxide::scanner: Reading "C:\\Users\\admin\\premium-invest-8\\database_backup\\test_database\\prelude.json"
2026-01-18T05:14:40.060732Z  INFO tailwindcss_oxide::scanner: Reading "C:\\Users\\admin\\premium-invest-8\\MIGRATION.md"
2026-01-18T05:14:40.060787Z  INFO tailwindcss_oxide::scanner: Reading "C:\\Users\\admin\\premium-invest-8\\frontend\\src\\service-worker.js"
2026-01-18T05:14:40.060799Z  INFO tailwindcss_oxide::scanner: Reading "C:\\Users\\admin\\premium-invest-8\\.safety-backups\\chat\\20251230-214526\\app\\api\\admin\\summary\\route.js"
2026-01-18T05:14:40.060801Z  INFO tailwindcss_oxide::scanner: Reading "C:\\Users\\admin\\premium-invest-8\\components\\user\\LazyImage.jsx"
2026-01-18T05:14:40.060813Z  INFO tailwindcss_oxide::scanner: Reading "C:\\Users\\admin\\premium-invest-8\\lib\\monitoring\\health-check.js"
2026-01-18T05:14:40.060822Z  INFO tailwindcss_oxide::scanner: Reading "C:\\Users\\admin\\premium-invest-8\\scripts\\stop-dev-server.ps1"
2026-01-18T05:14:40.060825Z  INFO tailwindcss_oxide::scanner: Reading "C:\\Users\\admin\\premium-invest-8\\docs\\LIVE_INTELLIGENCE_HERO_MASTER.md"
2026-01-18T05:14:40.060825Z  INFO tailwindcss_oxide::scanner: Reading "C:\\Users\\admin\\premium-invest-8\\supabase\\seed_service_headlines.sql"
2026-01-18T05:14:40.060836Z  INFO tailwindcss_oxide::scanner: Reading "C:\\Users\\admin\\premium-invest-8\\PAGESPEED_OPTIMIZATION.md"
2026-01-18T05:14:40.060844Z  INFO tailwindcss_oxide::scanner: Reading "C:\\Users\\admin\\premium-invest-8\\app\\payment-failed\\page.jsx"
2026-01-18T05:14:40.060850Z  INFO tailwindcss_oxide::scanner: Reading "C:\\Users\\admin\\premium-invest-8\\scripts\\safety\\chat-backup.js"
2026-01-18T05:14:40.060852Z  INFO tailwindcss_oxide::scanner: Reading "C:\\Users\\admin\\premium-invest-8\\app\\(public)\\page.jsx"
2026-01-18T05:14:40.060855Z  INFO tailwindcss_oxide::scanner: Reading "C:\\Users\\admin\\premium-invest-8\\frontend\\postcss.config.js"
2026-01-18T05:14:40.060857Z  INFO tailwindcss_oxide::scanner: Reading "C:\\Users\\admin\\premium-invest-8\\public\\vercel.svg"
2026-01-18T05:14:40.060876Z  INFO tailwindcss_oxide::scanner: Reading "C:\\Users\\admin\\premium-invest-8\\.tmp_blackdetect_out.txt"
2026-01-18T05:14:40.060884Z  INFO tailwindcss_oxide::scanner: Reading "C:\\Users\\admin\\premium-invest-8\\app\\about\\layout.js"
2026-01-18T05:14:40.060886Z  INFO tailwindcss_oxide::scanner: Reading "C:\\Users\\admin\\premium-invest-8\\PROTECTED_COMPONENTS.md"
2026-01-18T05:14:40.060890Z  INFO tailwindcss_oxide::scanner: Reading "C:\\Users\\admin\\premium-invest-8\\lib\\ai\\gemini.js"
2026-01-18T05:14:40.060893Z  INFO tailwindcss_oxide::scanner: Reading "C:\\Users\\admin\\premium-invest-8\\database_backup\\test_database\\status_checks.bson"
2026-01-18T05:14:40.060893Z  INFO tailwindcss_oxide::scanner: Reading "C:\\Users\\admin\\premium-invest-8\\app\\payment-success\\page.jsx"
2026-01-18T05:14:40.060905Z  INFO tailwindcss_oxide::scanner: Reading "C:\\Users\\admin\\premium-invest-8\\app\\about\\page.jsx"
2026-01-18T05:14:40.060930Z  INFO tailwindcss_oxide::scanner: Reading "C:\\Users\\admin\\premium-invest-8\\database_backup\\test_database\\status_checks.metadata.json"
2026-01-18T05:14:40.060906Z  INFO tailwindcss_oxide::scanner: Reading "C:\\Users\\admin\\premium-invest-8\\components\\user\\LeadCapture.jsx"
2026-01-18T05:14:40.060919Z  INFO tailwindcss_oxide::scanner: Reading "C:\\Users\\admin\\premium-invest-8\\lib\\live-intelligence\\analytics.js"
2026-01-18T05:14:40.060943Z  INFO tailwindcss_oxide::scanner: Reading "C:\\Users\\admin\\premium-invest-8\\app\\platforms\\layout.js"
2026-01-18T05:14:40.060951Z  INFO tailwindcss_oxide::scanner: Reading "C:\\Users\\admin\\premium-invest-8\\app\\about-us\\layout.js"
2026-01-18T05:14:40.060920Z  INFO tailwindcss_oxide::scanner: Reading "C:\\Users\\admin\\premium-invest-8\\components\\live-intelligence\\MarketMoodIndicator.jsx"
2026-01-18T05:14:40.060923Z  INFO tailwindcss_oxide::scanner: Reading "C:\\Users\\admin\\premium-invest-8\\public\\window.svg"
2026-01-18T05:14:40.060916Z  INFO tailwindcss_oxide::scanner: Reading "C:\\Users\\admin\\premium-invest-8\\core\\admin\\AdminAuth.jsx"
2026-01-18T05:14:40.060966Z  INFO tailwindcss_oxide::scanner: Reading "C:\\Users\\admin\\premium-invest-8\\templates\\APIRoute.template.js"
2026-01-18T05:14:40.060943Z  INFO tailwindcss_oxide::scanner: Reading "C:\\Users\\admin\\premium-invest-8\\backup\\live-intelligence-2026-01-13\\components\\CategoryFilter.jsx"
2026-01-18T05:14:40.060953Z  INFO tailwindcss_oxide::scanner: Reading "C:\\Users\\admin\\premium-invest-8\\public\\file.svg"
2026-01-18T05:14:40.060962Z  INFO tailwindcss_oxide::scanner: Reading "C:\\Users\\admin\\premium-invest-8\\README.md"
2026-01-18T05:14:40.060973Z  INFO tailwindcss_oxide::scanner: Reading "C:\\Users\\admin\\premium-invest-8\\app\\about-us\\page.jsx"
2026-01-18T05:14:40.060991Z  INFO tailwindcss_oxide::scanner: Reading "C:\\Users\\admin\\premium-invest-8\\components\\user\\LiveIntelligenceOverlay.jsx"
2026-01-18T05:14:40.061003Z  INFO tailwindcss_oxide::scanner: Reading "C:\\Users\\admin\\premium-invest-8\\app\\platforms\\page.jsx"
2026-01-18T05:14:40.060997Z  INFO tailwindcss_oxide::scanner: Reading "C:\\Users\\admin\\premium-invest-8\\components\\ui\\breadcrumb.jsx"
2026-01-18T05:14:40.061025Z  INFO tailwindcss_oxide::scanner: Reading "C:\\Users\\admin\\premium-invest-8\\scripts\\import-unicorn-laser.ps1"
2026-01-18T05:14:40.061023Z  INFO tailwindcss_oxide::scanner: Reading "C:\\Users\\admin\\premium-invest-8\\scripts\\security\\scan-secrets.js"
2026-01-18T05:14:40.061031Z  INFO tailwindcss_oxide::scanner: Reading "C:\\Users\\admin\\premium-invest-8\\.safety-backups\\chat\\20251230-214526\\app\\api\\events\\route.js"
2026-01-18T05:14:40.061048Z  INFO tailwindcss_oxide::scanner: Reading "C:\\Users\\admin\\premium-invest-8\\core\\admin\\index.js"
2026-01-18T05:14:40.061059Z  INFO tailwindcss_oxide::scanner: Reading "C:\\Users\\admin\\premium-invest-8\\app\\portfolio-management\\layout.js"
2026-01-18T05:14:40.061059Z  INFO tailwindcss_oxide::scanner: Reading "C:\\Users\\admin\\premium-invest-8\\frontend\\public\\index.html"
2026-01-18T05:14:40.061066Z  INFO tailwindcss_oxide::scanner: Reading "C:\\Users\\admin\\premium-invest-8\\frontend\\src\\serviceWorkerRegistration.js"
2026-01-18T05:14:40.061067Z  INFO tailwindcss_oxide::scanner: Reading "C:\\Users\\admin\\premium-invest-8\\BLOG_TEMPLATE_MASTER.md"
2026-01-18T05:14:40.061075Z  INFO tailwindcss_oxide::scanner: Reading "C:\\Users\\admin\\premium-invest-8\\lib\\monitoring\\logger.js"
2026-01-18T05:14:40.061070Z  INFO tailwindcss_oxide::scanner: Reading "C:\\Users\\admin\\premium-invest-8\\lib\\env.js"
2026-01-18T05:14:40.061081Z  INFO tailwindcss_oxide::scanner: Reading "C:\\Users\\admin\\premium-invest-8\\templates\\Component.template.jsx"
2026-01-18T05:14:40.061093Z  INFO tailwindcss_oxide::scanner: Reading "C:\\Users\\admin\\premium-invest-8\\lib\\ai\\groq.js"
2026-01-18T05:14:40.061093Z  INFO tailwindcss_oxide::scanner: Reading "C:\\Users\\admin\\premium-invest-8\\.tmp_webm_dur.txt"
2026-01-18T05:14:40.061097Z  INFO tailwindcss_oxide::scanner: Reading "C:\\Users\\admin\\premium-invest-8\\docs\\LIVE_MOOD_SPECIFICATION.md"
2026-01-18T05:14:40.061099Z  INFO tailwindcss_oxide::scanner: Reading "C:\\Users\\admin\\premium-invest-8\\DEPLOYMENT_GUIDE.md"
2026-01-18T05:14:40.061111Z  INFO tailwindcss_oxide::scanner: Reading "C:\\Users\\admin\\premium-invest-8\\backup\\live-intelligence-2026-01-13\\components\\HeadlineCard.jsx"
2026-01-18T05:14:40.061136Z  INFO tailwindcss_oxide::scanner: Reading "C:\\Users\\admin\\premium-invest-8\\scripts\\trim-black-and-export-laser.ps1"
2026-01-18T05:14:40.061126Z  INFO tailwindcss_oxide::scanner: Reading "C:\\Users\\admin\\premium-invest-8\\components\\live-intelligence\\ModeIndicator.jsx"
2026-01-18T05:14:40.061131Z  INFO tailwindcss_oxide::scanner: Reading "C:\\Users\\admin\\premium-invest-8\\frontend\\public\\robots.txt"
2026-01-18T05:14:40.061152Z  INFO tailwindcss_oxide::scanner: Reading "C:\\Users\\admin\\premium-invest-8\\lib\\live-intelligence\\data-sources.js"
2026-01-18T05:14:40.061172Z  INFO tailwindcss_oxide::scanner: Reading "C:\\Users\\admin\\premium-invest-8\\ROLLBACK.md"
2026-01-18T05:14:40.061172Z  INFO tailwindcss_oxide::scanner: Reading "C:\\Users\\admin\\premium-invest-8\\public\\globe.svg"
2026-01-18T05:14:40.061195Z  INFO tailwindcss_oxide::scanner: Reading "C:\\Users\\admin\\premium-invest-8\\playwright.config.js"
2026-01-18T05:14:40.061197Z  INFO tailwindcss_oxide::scanner: Reading "C:\\Users\\admin\\premium-invest-8\\components\\live-intelligence\\NightSummary.jsx"
2026-01-18T05:14:40.061214Z  INFO tailwindcss_oxide::scanner: Reading "C:\\Users\\admin\\premium-invest-8\\components\\ui\\button.jsx"
2026-01-18T05:14:40.061220Z  INFO tailwindcss_oxide::scanner: Reading "C:\\Users\\admin\\premium-invest-8\\.tmp_build_out.txt"
2026-01-18T05:14:40.061228Z  INFO tailwindcss_oxide::scanner: Reading "C:\\Users\\admin\\premium-invest-8\\.safety-backups\\chat\\20251230-214526\\app\\api\\health\\route.js"
2026-01-18T05:14:40.061230Z  INFO tailwindcss_oxide::scanner: Reading "C:\\Users\\admin\\premium-invest-8\\core\\chat\\ChatButton.jsx"
2026-01-18T05:14:40.061229Z  INFO tailwindcss_oxide::scanner: Reading "C:\\Users\\admin\\premium-invest-8\\components\\user\\LuxuryMobileDock.jsx"
2026-01-18T05:14:40.061247Z  INFO tailwindcss_oxide::scanner: Reading "C:\\Users\\admin\\premium-invest-8\\lib\\familySession.js"
2026-01-18T05:14:40.061250Z  INFO tailwindcss_oxide::scanner: Reading "C:\\Users\\admin\\premium-invest-8\\app\\admin-secret-akash\\error.js"
2026-01-18T05:14:40.061258Z  INFO tailwindcss_oxide::scanner: Reading "C:\\Users\\admin\\premium-invest-8\\lib\\ai\\intentAnalyzer.js"
2026-01-18T05:14:40.061269Z  INFO tailwindcss_oxide::scanner: Reading "C:\\Users\\admin\\premium-invest-8\\scripts\\build\\add-feature.js"
2026-01-18T05:14:40.061272Z  INFO tailwindcss_oxide::scanner: Reading "C:\\Users\\admin\\premium-invest-8\\components\\user\\MarketMoodStrip.jsx"
2026-01-18T05:14:40.061350Z  INFO tailwindcss_oxide::scanner: Reading "C:\\Users\\admin\\premium-invest-8\\scripts\\seed-affiliates.js"
2026-01-18T05:14:40.061404Z  INFO tailwindcss_oxide::scanner: Reading "C:\\Users\\admin\\premium-invest-8\\app\\admin-secret-akash\\page.jsx"
2026-01-18T05:14:40.061402Z  INFO tailwindcss_oxide::scanner: Reading "C:\\Users\\admin\\premium-invest-8\\components\\ui\\progress.jsx"
2026-01-18T05:14:40.061414Z  INFO tailwindcss_oxide::scanner: Reading "C:\\Users\\admin\\premium-invest-8\\postcss.config.mjs"
2026-01-18T05:14:40.061418Z  INFO tailwindcss_oxide::scanner: Reading "C:\\Users\\admin\\premium-invest-8\\frontend\\public\\site.webmanifest"
2026-01-18T05:14:40.061420Z  INFO tailwindcss_oxide::scanner: Reading "C:\\Users\\admin\\premium-invest-8\\app\\portfolio-management\\page.jsx"
2026-01-18T05:14:40.061430Z  INFO tailwindcss_oxide::scanner: Reading "C:\\Users\\admin\\premium-invest-8\\.tools\\ffmpeg_setup_err.txt"
2026-01-18T05:14:40.061447Z  INFO tailwindcss_oxide::scanner: Reading "C:\\Users\\admin\\premium-invest-8\\app\\admin-secret-xyz\\page.jsx"
2026-01-18T05:14:40.061451Z  INFO tailwindcss_oxide::scanner: Reading "C:\\Users\\admin\\premium-invest-8\\app\\privacy\\layout.js"
2026-01-18T05:14:40.061472Z  INFO tailwindcss_oxide::scanner: Reading "C:\\Users\\admin\\premium-invest-8\\.tools\\ffmpeg_setup_out.txt"
2026-01-18T05:14:40.061470Z  INFO tailwindcss_oxide::scanner: Reading "C:\\Users\\admin\\premium-invest-8\\scripts\\install-dev-server-scheduled-task.ps1"
2026-01-18T05:14:40.061488Z  INFO tailwindcss_oxide::scanner: Reading "C:\\Users\\admin\\premium-invest-8\\app\\privacy\\page.jsx"
2026-01-18T05:14:40.061489Z  INFO tailwindcss_oxide::scanner: Reading "C:\\Users\\admin\\premium-invest-8\\.safety-backups\\chat\\20251230-214526\\components\\AIChatFloat.jsx"
2026-01-18T05:14:40.061504Z  INFO tailwindcss_oxide::scanner: Reading "C:\\Users\\admin\\premium-invest-8\\publish-to-main.ps1"
2026-01-18T05:14:40.061506Z  INFO tailwindcss_oxide::scanner: Reading "C:\\Users\\admin\\premium-invest-8\\components\\live-intelligence\\QuickLearn.jsx"
2026-01-18T05:14:40.061510Z  INFO tailwindcss_oxide::scanner: Reading "C:\\Users\\admin\\premium-invest-8\\BRAND_GUIDELINES.md"
2026-01-18T05:14:40.061517Z  INFO tailwindcss_oxide::scanner: Reading "C:\\Users\\admin\\premium-invest-8\\app\\privacy-policy\\page.jsx"
2026-01-18T05:14:40.061518Z  INFO tailwindcss_oxide::scanner: Reading "C:\\Users\\admin\\premium-invest-8\\lib\\live-intelligence\\gamification.js"
2026-01-18T05:14:40.061517Z  INFO tailwindcss_oxide::scanner: Reading "C:\\Users\\admin\\premium-invest-8\\components\\user\\MobileScrollBoost.jsx"
2026-01-18T05:14:40.061534Z  INFO tailwindcss_oxide::scanner: Reading "C:\\Users\\admin\\premium-invest-8\\.vscode\\launch.json"
2026-01-18T05:14:40.061554Z  INFO tailwindcss_oxide::scanner: Reading "C:\\Users\\admin\\premium-invest-8\\backup\\live-intelligence-2026-01-13\\components\\HeadlineFeed.jsx"
2026-01-18T05:14:40.061571Z  INFO tailwindcss_oxide::scanner: Reading "C:\\Users\\admin\\premium-invest-8\\core\\chat\\ChatErrorBoundary.jsx"
2026-01-18T05:14:40.061576Z  INFO tailwindcss_oxide::scanner: Reading "C:\\Users\\admin\\premium-invest-8\\.tmp_build_out2.txt"
2026-01-18T05:14:40.061577Z  INFO tailwindcss_oxide::scanner: Reading "C:\\Users\\admin\\premium-invest-8\\tests\\integration\\user-flow.test.js"
2026-01-18T05:14:40.061578Z  INFO tailwindcss_oxide::scanner: Reading "C:\\Users\\admin\\premium-invest-8\\components\\ui\\radio-group.jsx"
2026-01-18T05:14:40.061594Z  INFO tailwindcss_oxide::scanner: Reading "C:\\Users\\admin\\premium-invest-8\\docs\\SCREENSHOTS\\01-file-structure.svg"
2026-01-18T05:14:40.061598Z  INFO tailwindcss_oxide::scanner: Reading "C:\\Users\\admin\\premium-invest-8\\scripts\\keep-next-dev.ps1"
2026-01-18T05:14:40.061600Z  INFO tailwindcss_oxide::scanner: Reading "C:\\Users\\admin\\premium-invest-8\\scripts\\build\\remove-feature.js"
2026-01-18T05:14:40.061603Z  INFO tailwindcss_oxide::scanner: Reading "C:\\Users\\admin\\premium-invest-8\\docs\\COMPONENTS.md"
2026-01-18T05:14:40.061594Z  INFO tailwindcss_oxide::scanner: Reading "C:\\Users\\admin\\premium-invest-8\\lib\\ai\\provider.js"
2026-01-18T05:14:40.061626Z  INFO tailwindcss_oxide::scanner: Reading "C:\\Users\\admin\\premium-invest-8\\lib\\pdf\\bmWealthBlueprint15.js"
2026-01-18T05:14:40.061630Z  INFO tailwindcss_oxide::scanner: Reading "C:\\Users\\admin\\premium-invest-8\\tests\\__init__.py"
2026-01-18T05:14:40.061637Z  INFO tailwindcss_oxide::scanner: Reading "C:\\Users\\admin\\premium-invest-8\\core\\chat\\index.js"
2026-01-18T05:14:40.061639Z  INFO tailwindcss_oxide::scanner: Reading "C:\\Users\\admin\\premium-invest-8\\frontend\\tailwind.config.js"
2026-01-18T05:14:40.061662Z  INFO tailwindcss_oxide::scanner: Reading "C:\\Users\\admin\\premium-invest-8\\temp_platforms.jsx"
2026-01-18T05:14:40.061666Z  INFO tailwindcss_oxide::scanner: Reading "C:\\Users\\admin\\premium-invest-8\\lib\\live-intelligence\\pdfGenerator.js"
2026-01-18T05:14:40.061668Z  INFO tailwindcss_oxide::scanner: Reading "C:\\Users\\admin\\premium-invest-8\\frontend\\public\\sitemap.xml"
2026-01-18T05:14:40.061669Z  INFO tailwindcss_oxide::scanner: Reading "C:\\Users\\admin\\premium-invest-8\\scripts\\build-seamless-loop-from-bm-laser.ps1"
2026-01-18T05:14:40.061673Z  INFO tailwindcss_oxide::scanner: Reading "C:\\Users\\admin\\premium-invest-8\\lib\\hooks\\useAdmin.js"
2026-01-18T05:14:40.061693Z  INFO tailwindcss_oxide::scanner: Reading "C:\\Users\\admin\\premium-invest-8\\backup\\live-intelligence-2026-01-13\\components\\ModeIndicator.jsx"
2026-01-18T05:14:40.061695Z  INFO tailwindcss_oxide::scanner: Reading "C:\\Users\\admin\\premium-invest-8\\scripts\\seed-affiliates.ps1"
2026-01-18T05:14:40.061702Z  INFO tailwindcss_oxide::scanner: Reading "C:\\Users\\admin\\premium-invest-8\\lib\\live-intelligence\\headlines.js"
2026-01-18T05:14:40.061707Z  INFO tailwindcss_oxide::scanner: Reading "C:\\Users\\admin\\premium-invest-8\\components\\ui\\calendar.jsx"
2026-01-18T05:14:40.061697Z  INFO tailwindcss_oxide::scanner: Reading "C:\\Users\\admin\\premium-invest-8\\DEPLOYMENT_READINESS.md"
2026-01-18T05:14:40.061695Z  INFO tailwindcss_oxide::scanner: Reading "C:\\Users\\admin\\premium-invest-8\\core\\index.js"
2026-01-18T05:14:40.061726Z  INFO tailwindcss_oxide::scanner: Reading "C:\\Users\\admin\\premium-invest-8\\components\\ui\\drawer.jsx"
2026-01-18T05:14:40.061714Z  INFO tailwindcss_oxide::scanner: Reading "C:\\Users\\admin\\premium-invest-8\\components\\live-intelligence\\StreakBadge.jsx"
2026-01-18T05:14:40.061737Z  INFO tailwindcss_oxide::scanner: Reading "C:\\Users\\admin\\premium-invest-8\\frontend\\public\\version.txt"
2026-01-18T05:14:40.061735Z  INFO tailwindcss_oxide::scanner: Reading "C:\\Users\\admin\\premium-invest-8\\components\\ui\\resizable.jsx"
2026-01-18T05:14:40.061749Z  INFO tailwindcss_oxide::scanner: Reading "C:\\Users\\admin\\premium-invest-8\\.vscode\\settings.json"
2026-01-18T05:14:40.061775Z  INFO tailwindcss_oxide::scanner: Reading "C:\\Users\\admin\\premium-invest-8\\.safety-backups\\chat\\20251230-214526\\components\\ChatErrorBoundary.jsx"
2026-01-18T05:14:40.061780Z  INFO tailwindcss_oxide::scanner: Reading "C:\\Users\\admin\\premium-invest-8\\scripts\\validate-all.js"
2026-01-18T05:14:40.061783Z  INFO tailwindcss_oxide::scanner: Reading "C:\\Users\\admin\\premium-invest-8\\docs\\COOKBOOK.md"
2026-01-18T05:14:40.061802Z  INFO tailwindcss_oxide::scanner: Reading "C:\\Users\\admin\\premium-invest-8\\FRONTEND_STATIC_BLOG_SOLUTION.md"
2026-01-18T05:14:40.061809Z  INFO tailwindcss_oxide::scanner: Reading "C:\\Users\\admin\\premium-invest-8\\components\\admin\\AdminDashboard.jsx"
2026-01-18T05:14:40.061810Z  INFO tailwindcss_oxide::scanner: Reading "C:\\Users\\admin\\premium-invest-8\\scripts\\check-email-env.mjs"
2026-01-18T05:14:40.061819Z  INFO tailwindcss_oxide::scanner: Reading "C:\\Users\\admin\\premium-invest-8\\lib\\live-intelligence\\modes.js"
2026-01-18T05:14:40.061824Z  INFO tailwindcss_oxide::scanner: Reading "C:\\Users\\admin\\premium-invest-8\\lib\\ai\\suggestionGenerator.js"
2026-01-18T05:14:40.061836Z  INFO tailwindcss_oxide::scanner: Reading "C:\\Users\\admin\\premium-invest-8\\test_help.txt"
2026-01-18T05:14:40.061851Z  INFO tailwindcss_oxide::scanner: Reading "C:\\Users\\admin\\premium-invest-8\\scripts\\send-test-property-vs-sip-emails.mjs"
2026-01-18T05:14:40.061866Z  INFO tailwindcss_oxide::scanner: Reading "C:\\Users\\admin\\premium-invest-8\\lib\\hooks\\useAIChat.js"
2026-01-18T05:14:40.061865Z  INFO tailwindcss_oxide::scanner: Reading "C:\\Users\\admin\\premium-invest-8\\components\\ui\\card.jsx"
2026-01-18T05:14:40.061869Z  INFO tailwindcss_oxide::scanner: Reading "C:\\Users\\admin\\premium-invest-8\\components\\ui\\scroll-area.jsx"
2026-01-18T05:14:40.061873Z  INFO tailwindcss_oxide::scanner: Reading "C:\\Users\\admin\\premium-invest-8\\docs\\SCREENSHOTS\\02-constants-colors.svg"
2026-01-18T05:14:40.061874Z  INFO tailwindcss_oxide::scanner: Reading "C:\\Users\\admin\\premium-invest-8\\.tmp_build_out3.txt"
2026-01-18T05:14:40.061914Z  INFO tailwindcss_oxide::scanner: Reading "C:\\Users\\admin\\premium-invest-8\\scripts\\make-laser-4k-5s-loop.ps1"
2026-01-18T05:14:40.061916Z  INFO tailwindcss_oxide::scanner: Reading "C:\\Users\\admin\\premium-invest-8\\docs\\AI_HEADLINES_ARCHITECTURE.md"
2026-01-18T05:14:40.061925Z  INFO tailwindcss_oxide::scanner: Reading "C:\\Users\\admin\\premium-invest-8\\components\\ui\\dropdown-menu.jsx"
2026-01-18T05:14:40.061933Z  INFO tailwindcss_oxide::scanner: Reading "C:\\Users\\admin\\premium-invest-8\\lib\\live-intelligence\\personalization.js"
2026-01-18T05:14:40.061932Z  INFO tailwindcss_oxide::scanner: Reading "C:\\Users\\admin\\premium-invest-8\\frontend\\README.md"
2026-01-18T05:14:40.061946Z  INFO tailwindcss_oxide::scanner: Reading "C:\\Users\\admin\\premium-invest-8\\.tmp_dur.txt"
2026-01-18T05:14:40.061948Z  INFO tailwindcss_oxide::scanner: Reading "C:\\Users\\admin\\premium-invest-8\\.vscode\\tasks.json"
2026-01-18T05:14:40.061959Z  INFO tailwindcss_oxide::scanner: Reading "C:\\Users\\admin\\premium-invest-8\\backup\\live-intelligence-2026-01-13\\components\\NightSummary.jsx"
2026-01-18T05:14:40.061950Z  INFO tailwindcss_oxide::scanner: Reading "C:\\Users\\admin\\premium-invest-8\\lib\\pdf\\bmWealthPremiumReport.js"
2026-01-18T05:14:40.061970Z  INFO tailwindcss_oxide::scanner: Reading "C:\\Users\\admin\\premium-invest-8\\docs\\DATABASE.md"
2026-01-18T05:14:40.061981Z  INFO tailwindcss_oxide::scanner: Reading "C:\\Users\\admin\\premium-invest-8\\scripts\\generate-test-property-vs-sip-pdf.mjs"
2026-01-18T05:14:40.061985Z  INFO tailwindcss_oxide::scanner: Reading "C:\\Users\\admin\\premium-invest-8\\GMAIL_PASSWORD_GUIDE.md"
2026-01-18T05:14:40.061979Z  INFO tailwindcss_oxide::scanner: Reading "C:\\Users\\admin\\premium-invest-8\\scripts\\validate-chat.mjs"
2026-01-18T05:14:40.061997Z  INFO tailwindcss_oxide::scanner: Reading "C:\\Users\\admin\\premium-invest-8\\lib\\analytics.js"
2026-01-18T05:14:40.062020Z  INFO tailwindcss_oxide::scanner: Reading "C:\\Users\\admin\\premium-invest-8\\core\\marketTicker\\index.js"
2026-01-18T05:14:40.062044Z  INFO tailwindcss_oxide::scanner: Reading "C:\\Users\\admin\\premium-invest-8\\components\\ui\\carousel.jsx"
2026-01-18T05:14:40.062046Z  INFO tailwindcss_oxide::scanner: Reading "C:\\Users\\admin\\premium-invest-8\\lib\\hooks\\useAnalytics.js"
2026-01-18T05:14:40.062056Z  INFO tailwindcss_oxide::scanner: Reading "C:\\Users\\admin\\premium-invest-8\\GOOGLE_SEARCH_CONSOLE_SETUP.md"
2026-01-18T05:14:40.062063Z  INFO tailwindcss_oxide::scanner: Reading "C:\\Users\\admin\\premium-invest-8\\docs\\SCREENSHOTS\\03-admin-dashboard.svg"
2026-01-18T05:14:40.062069Z  INFO tailwindcss_oxide::scanner: Reading "C:\\Users\\admin\\premium-invest-8\\components\\ui\\select.jsx"
2026-01-18T05:14:40.062091Z  INFO tailwindcss_oxide::scanner: Reading "C:\\Users\\admin\\premium-invest-8\\components\\live-intelligence\\WhatsAppShare.jsx"
2026-01-18T05:14:40.062095Z  INFO tailwindcss_oxide::scanner: Reading "C:\\Users\\admin\\premium-invest-8\\components\\admin\\AdminLogin.jsx"
2026-01-18T05:14:40.062104Z  INFO tailwindcss_oxide::scanner: Reading "C:\\Users\\admin\\premium-invest-8\\frontend\\scripts\\convert-images.js"
2026-01-18T05:14:40.062108Z  INFO tailwindcss_oxide::scanner: Reading "C:\\Users\\admin\\premium-invest-8\\components\\user\\Navigation.jsx"
2026-01-18T05:14:40.062115Z  INFO tailwindcss_oxide::scanner: Reading "C:\\Users\\admin\\premium-invest-8\\scripts\\setup-ffmpeg.ps1"
2026-01-18T05:14:40.062120Z  INFO tailwindcss_oxide::scanner: Reading "C:\\Users\\admin\\premium-invest-8\\docs\\ARCHITECTURE.md"
2026-01-18T05:14:40.062130Z  INFO tailwindcss_oxide::scanner: Reading "C:\\Users\\admin\\premium-invest-8\\components\\ui\\form.jsx"
2026-01-18T05:14:40.062139Z  INFO tailwindcss_oxide::scanner: Reading "C:\\Users\\admin\\premium-invest-8\\backup\\live-intelligence-2026-01-13\\components\\StreakBadge.jsx"
2026-01-18T05:14:40.062140Z  INFO tailwindcss_oxide::scanner: Reading "C:\\Users\\admin\\premium-invest-8\\docs\\API.md"
2026-01-18T05:14:40.062150Z  INFO tailwindcss_oxide::scanner: Reading "C:\\Users\\admin\\premium-invest-8\\test_result.md"
2026-01-18T05:14:40.062145Z  INFO tailwindcss_oxide::scanner: Reading "C:\\Users\\admin\\premium-invest-8\\scripts\\make-pingpong-laser.ps1"
2026-01-18T05:14:40.062158Z  INFO tailwindcss_oxide::scanner: Reading "C:\\Users\\admin\\premium-invest-8\\TESTING_REPORT.md"
2026-01-18T05:14:40.062169Z  INFO tailwindcss_oxide::scanner: Reading "C:\\Users\\admin\\premium-invest-8\\components\\user\\TableOfContents.jsx"
2026-01-18T05:14:40.062197Z  INFO tailwindcss_oxide::scanner: Reading "C:\\Users\\admin\\premium-invest-8\\docs\\DEPENDENCIES.md"
2026-01-18T05:14:40.062204Z  INFO tailwindcss_oxide::scanner: Reading "C:\\Users\\admin\\premium-invest-8\\components\\ui\\separator.jsx"
2026-01-18T05:14:40.062178Z  INFO tailwindcss_oxide::scanner: Reading "C:\\Users\\admin\\premium-invest-8\\components\\ui\\checkbox.jsx"
2026-01-18T05:14:40.062217Z  INFO tailwindcss_oxide::scanner: Reading "C:\\Users\\admin\\premium-invest-8\\AI_DESIGN_RULES.md"
2026-01-18T05:14:40.062217Z  INFO tailwindcss_oxide::scanner: Reading "C:\\Users\\admin\\premium-invest-8\\lib\\pdf\\calculatorBlueprintTemplate.js"
2026-01-18T05:14:40.062182Z  INFO tailwindcss_oxide::scanner: Reading "C:\\Users\\admin\\premium-invest-8\\config\\constants.js"
2026-01-18T05:14:40.062212Z  INFO tailwindcss_oxide::scanner: Reading "C:\\Users\\admin\\premium-invest-8\\core\\marketTicker\\MarketTicker.jsx"
2026-01-18T05:14:40.062238Z  INFO tailwindcss_oxide::scanner: Reading "C:\\Users\\admin\\premium-invest-8\\docs\\SCREENSHOTS\\05-browser-console.svg"
2026-01-18T05:14:40.062244Z  INFO tailwindcss_oxide::scanner: Reading "C:\\Users\\admin\\premium-invest-8\\app\\(public)\\archive\\layout.js"
2026-01-18T05:14:40.062213Z  INFO tailwindcss_oxide::scanner: Reading "C:\\Users\\admin\\premium-invest-8\\lib\\auth\\adminTokenClient.js"
2026-01-18T05:14:40.062252Z  INFO tailwindcss_oxide::scanner: Reading "C:\\Users\\admin\\premium-invest-8\\HOME_PAGE_FEEDBACK.md"
2026-01-18T05:14:40.062240Z  INFO tailwindcss_oxide::scanner: Reading "C:\\Users\\admin\\premium-invest-8\\components\\ui\\table.jsx"
2026-01-18T05:14:40.062205Z  INFO tailwindcss_oxide::scanner: Reading "C:\\Users\\admin\\premium-invest-8\\tsconfig.json"
2026-01-18T05:14:40.062263Z  INFO tailwindcss_oxide::scanner: Reading "C:\\Users\\admin\\premium-invest-8\\lib\\hooks\\useCalculatorTracking.js"
2026-01-18T05:14:40.062267Z  INFO tailwindcss_oxide::scanner: Reading "C:\\Users\\admin\\premium-invest-8\\update-staging.ps1"
2026-01-18T05:14:40.062275Z  INFO tailwindcss_oxide::scanner: Reading "C:\\Users\\admin\\premium-invest-8\\docs\\CHEATSHEET.md"
2026-01-18T05:14:40.062277Z  INFO tailwindcss_oxide::scanner: Reading "C:\\Users\\admin\\premium-invest-8\\docs\\SCREENSHOTS\\README.md"
2026-01-18T05:14:40.062293Z  INFO tailwindcss_oxide::scanner: Reading "C:\\Users\\admin\\premium-invest-8\\app\\(public)\\archive\\page.jsx"
2026-01-18T05:14:40.062309Z  INFO tailwindcss_oxide::scanner: Reading "C:\\Users\\admin\\premium-invest-8\\components\\user\\PremiumMarketTicker.jsx"
2026-01-18T05:14:40.062313Z  INFO tailwindcss_oxide::scanner: Reading "C:\\Users\\admin\\premium-invest-8\\components\\admin\\AffiliateTracking.jsx"
2026-01-18T05:14:40.062311Z  INFO tailwindcss_oxide::scanner: Reading "C:\\Users\\admin\\premium-invest-8\\components\\ui\\hover-card.jsx"
2026-01-18T05:14:40.062319Z  INFO tailwindcss_oxide::scanner: Reading "C:\\Users\\admin\\premium-invest-8\\lib\\live-intelligence\\theme.js"
2026-01-18T05:14:40.062337Z  INFO tailwindcss_oxide::scanner: Reading "C:\\Users\\admin\\premium-invest-8\\scripts\\start-dev-server.ps1"
2026-01-18T05:14:40.062351Z  INFO tailwindcss_oxide::scanner: Reading "C:\\Users\\admin\\premium-invest-8\\components\\Navigation.jsx"
2026-01-18T05:14:40.062355Z  INFO tailwindcss_oxide::scanner: Reading "C:\\Users\\admin\\premium-invest-8\\SESSION_SUMMARY.md"
2026-01-18T05:14:40.062368Z  INFO tailwindcss_oxide::scanner: Reading "C:\\Users\\admin\\premium-invest-8\\tests\\api\\chat.test.js"
2026-01-18T05:14:40.062375Z  INFO tailwindcss_oxide::scanner: Reading "C:\\Users\\admin\\premium-invest-8\\scripts\\make-seamless-xfade-loop.ps1"
2026-01-18T05:14:40.062384Z  INFO tailwindcss_oxide::scanner: Reading "C:\\Users\\admin\\premium-invest-8\\lib\\auth\\familyTokenClient.js"
2026-01-18T05:14:40.062403Z  INFO tailwindcss_oxide::scanner: Reading "C:\\Users\\admin\\premium-invest-8\\components\\ui\\sheet.jsx"
2026-01-18T05:14:40.062412Z  INFO tailwindcss_oxide::scanner: Reading "C:\\Users\\admin\\premium-invest-8\\jsconfig.json"
2026-01-18T05:14:40.062429Z  INFO tailwindcss_oxide::scanner: Reading "C:\\Users\\admin\\premium-invest-8\\lib\\live-intelligence\\voice.js"
2026-01-18T05:14:40.062429Z  INFO tailwindcss_oxide::scanner: Reading "C:\\Users\\admin\\premium-invest-8\\core\\marketTicker\\README.md"
2026-01-18T05:14:40.062437Z  INFO tailwindcss_oxide::scanner: Reading "C:\\Users\\admin\\premium-invest-8\\lib\\pdf\\propertyVsSipPremium18.js"
2026-01-18T05:14:40.062457Z  INFO tailwindcss_oxide::scanner: Reading "C:\\Users\\admin\\premium-invest-8\\utils\\generatePremiumPDF.ts"
2026-01-18T05:14:40.062462Z  INFO tailwindcss_oxide::scanner: Reading "C:\\Users\\admin\\premium-invest-8\\lib\\db\\events.js"
2026-01-18T05:14:40.062465Z  INFO tailwindcss_oxide::scanner: Reading "C:\\Users\\admin\\premium-invest-8\\components\\ui\\skeleton.jsx"
2026-01-18T05:14:40.062467Z  INFO tailwindcss_oxide::scanner: Reading "C:\\Users\\admin\\premium-invest-8\\components\\ui\\collapsible.jsx"
2026-01-18T05:14:40.062469Z  INFO tailwindcss_oxide::scanner: Reading "C:\\Users\\admin\\premium-invest-8\\config\\env.js"
2026-01-18T05:14:40.062473Z  INFO tailwindcss_oxide::scanner: Reading "C:\\Users\\admin\\premium-invest-8\\docs\\TROUBLESHOOTING.md"
2026-01-18T05:14:40.062487Z  INFO tailwindcss_oxide::scanner: Reading "C:\\Users\\admin\\premium-invest-8\\backup\\live-intelligence-2026-01-13\\components\\WhatsAppShare.jsx"
2026-01-18T05:14:40.062487Z  INFO tailwindcss_oxide::scanner: Reading "C:\\Users\\admin\\premium-invest-8\\components\\user\\WhatsAppFloat.jsx"
2026-01-18T05:14:40.062489Z  INFO tailwindcss_oxide::scanner: Reading "C:\\Users\\admin\\premium-invest-8\\lib\\hooks\\useLeadCapture.js"
2026-01-18T05:14:40.062502Z  INFO tailwindcss_oxide::scanner: Reading "C:\\Users\\admin\\premium-invest-8\\hooks\\useIsMobile.js"
2026-01-18T05:14:40.062499Z  INFO tailwindcss_oxide::scanner: Reading "C:\\Users\\admin\\premium-invest-8\\components\\ui\\input-otp.jsx"
2026-01-18T05:14:40.062495Z  INFO tailwindcss_oxide::scanner: Reading "C:\\Users\\admin\\premium-invest-8\\lib\\auth\\session.js"
2026-01-18T05:14:40.062505Z  INFO tailwindcss_oxide::scanner: Reading "C:\\Users\\admin\\premium-invest-8\\frontend\\src\\App.js"
2026-01-18T05:14:40.062519Z  INFO tailwindcss_oxide::scanner: Reading "C:\\Users\\admin\\premium-invest-8\\components\\admin\\AioTrackerView.jsx"
2026-01-18T05:14:40.062526Z  INFO tailwindcss_oxide::scanner: Reading "C:\\Users\\admin\\premium-invest-8\\tests\\api\\leads.test.js"
2026-01-18T05:14:40.062527Z  INFO tailwindcss_oxide::scanner: Reading "C:\\Users\\admin\\premium-invest-8\\data\\bmwealth.json"
2026-01-18T05:14:40.062539Z  INFO tailwindcss_oxide::scanner: Reading "C:\\Users\\admin\\premium-invest-8\\lib\\monitoring\\apiUsage.js"
2026-01-18T05:14:40.062540Z  INFO tailwindcss_oxide::scanner: Reading "C:\\Users\\admin\\premium-invest-8\\jest.config.js"
2026-01-18T05:14:40.062568Z  INFO tailwindcss_oxide::scanner: Reading "C:\\Users\\admin\\premium-invest-8\\docs\\COLOR_REFERENCE.md"
2026-01-18T05:14:40.062569Z  INFO tailwindcss_oxide::scanner: Reading "C:\\Users\\admin\\premium-invest-8\\components\\shared\\AnimatedCounter.jsx"
2026-01-18T05:14:40.062573Z  INFO tailwindcss_oxide::scanner: Reading "C:\\Users\\admin\\premium-invest-8\\components.json"
2026-01-18T05:14:40.062577Z  INFO tailwindcss_oxide::scanner: Reading "C:\\Users\\admin\\premium-invest-8\\jest.setup.js"
2026-01-18T05:14:40.062591Z  INFO tailwindcss_oxide::scanner: Reading "C:\\Users\\admin\\premium-invest-8\\components\\ui\\slider.jsx"
2026-01-18T05:14:40.062588Z  INFO tailwindcss_oxide::scanner: Reading "C:\\Users\\admin\\premium-invest-8\\LATEST_BLOG_SECTION_EXPLANATION.md"
2026-01-18T05:14:40.062592Z  INFO tailwindcss_oxide::scanner: Reading "C:\\Users\\admin\\premium-invest-8\\lib\\auth\\passwords.js"
2026-01-18T05:14:40.062604Z  INFO tailwindcss_oxide::scanner: Reading "C:\\Users\\admin\\premium-invest-8\\components\\ui\\tabs.jsx"
2026-01-18T05:14:40.062649Z  INFO tailwindcss_oxide::scanner: Reading "C:\\Users\\admin\\premium-invest-8\\START_HERE_FOR_AIs.md"
2026-01-18T05:14:40.062625Z  INFO tailwindcss_oxide::scanner: Reading "C:\\Users\\admin\\premium-invest-8\\lib\\pdf\\serviceBrochure.js"
2026-01-18T05:14:40.062636Z  INFO tailwindcss_oxide::scanner: Reading "C:\\Users\\admin\\premium-invest-8\\docs\\VIDEO_TUTORIALS.md"
2026-01-18T05:14:40.062644Z  INFO tailwindcss_oxide::scanner: Reading "C:\\Users\\admin\\premium-invest-8\\components\\ui\\command.jsx"
2026-01-18T05:14:40.062681Z  INFO tailwindcss_oxide::scanner: Reading "C:\\Users\\admin\\premium-invest-8\\docs\\design-references\\mutual-funds-luxury-style-reference_2026-01-07.md"
2026-01-18T05:14:40.062694Z  INFO tailwindcss_oxide::scanner: Reading "C:\\Users\\admin\\premium-invest-8\\components\\user\\ReadingProgress.jsx"
2026-01-18T05:14:40.062695Z  INFO tailwindcss_oxide::scanner: Reading "C:\\Users\\admin\\premium-invest-8\\components\\calculators\\CALCULATOR_LASER_ANIMATION_GUIDE.md"
2026-01-18T05:14:40.062710Z  INFO tailwindcss_oxide::scanner: Reading "C:\\Users\\admin\\premium-invest-8\\config\\features.js"
2026-01-18T05:14:40.062714Z  INFO tailwindcss_oxide::scanner: Reading "C:\\Users\\admin\\premium-invest-8\\frontend\\src\\components\\FAQSection.js"
2026-01-18T05:14:40.062723Z  INFO tailwindcss_oxide::scanner: Reading "C:\\Users\\admin\\premium-invest-8\\lib\\pdf\\taxBlueprint.js"
2026-01-18T05:14:40.062730Z  INFO tailwindcss_oxide::scanner: Reading "C:\\Users\\admin\\premium-invest-8\\components\\admin\\AiProvidersPanel.jsx"
2026-01-18T05:14:40.062735Z  INFO tailwindcss_oxide::scanner: Reading "C:\\Users\\admin\\premium-invest-8\\components\\calculators\\DisclaimerFooter.jsx"
2026-01-18T05:14:40.062737Z  INFO tailwindcss_oxide::scanner: Reading "C:\\Users\\admin\\premium-invest-8\\components\\ui\\input.jsx"
2026-01-18T05:14:40.062764Z  INFO tailwindcss_oxide::scanner: Reading "C:\\Users\\admin\\premium-invest-8\\docs\\ENV.md"
2026-01-18T05:14:40.062768Z  INFO tailwindcss_oxide::scanner: Reading "C:\\Users\\admin\\premium-invest-8\\backup\\live-intelligence-2026-01-13\\data-sources.js"
2026-01-18T05:14:40.062775Z  INFO tailwindcss_oxide::scanner: Reading "C:\\Users\\admin\\premium-invest-8\\docs\\VISUAL_GUIDE.md"
2026-01-18T05:14:40.062793Z  INFO tailwindcss_oxide::scanner: Reading "C:\\Users\\admin\\premium-invest-8\\core\\README.md"
2026-01-18T05:14:40.062806Z  INFO tailwindcss_oxide::scanner: Reading "C:\\Users\\admin\\premium-invest-8\\supabase\\migrations\\002_live_intelligence.sql"
2026-01-18T05:14:40.062818Z  INFO tailwindcss_oxide::scanner: Reading "C:\\Users\\admin\\premium-invest-8\\lib\\monitoring\\email-alerts.js"
2026-01-18T05:14:40.062823Z  INFO tailwindcss_oxide::scanner: Reading "C:\\Users\\admin\\premium-invest-8\\lib\\db\\leads.js"
2026-01-18T05:14:40.062843Z  INFO tailwindcss_oxide::scanner: Reading "C:\\Users\\admin\\premium-invest-8\\components\\ui\\context-menu.jsx"
2026-01-18T05:14:40.062857Z  INFO tailwindcss_oxide::scanner: Reading "C:\\Users\\admin\\premium-invest-8\\tests\\components\\Button.test.jsx"
2026-01-18T05:14:40.062859Z  INFO tailwindcss_oxide::scanner: Reading "C:\\Users\\admin\\premium-invest-8\\lib\\cache\\smartCache.js"
2026-01-18T05:14:40.062873Z  INFO tailwindcss_oxide::scanner: Reading "C:\\Users\\admin\\premium-invest-8\\components\\ui\\textarea.jsx"
2026-01-18T05:14:40.062884Z  INFO tailwindcss_oxide::scanner: Reading "C:\\Users\\admin\\premium-invest-8\\vercel.json"
2026-01-18T05:14:40.062911Z  INFO tailwindcss_oxide::scanner: Reading "C:\\Users\\admin\\premium-invest-8\\components\\user\\RelatedPosts.jsx"
2026-01-18T05:14:40.062912Z  INFO tailwindcss_oxide::scanner: Reading "C:\\Users\\admin\\premium-invest-8\\lib\\pitching\\intentDetector.js"
2026-01-18T05:14:40.062927Z  INFO tailwindcss_oxide::scanner: Reading "C:\\Users\\admin\\premium-invest-8\\components\\ui\\label.jsx"
2026-01-18T05:14:40.062929Z  INFO tailwindcss_oxide::scanner: Reading "C:\\Users\\admin\\premium-invest-8\\components\\ui\\sonner.jsx"
2026-01-18T05:14:40.062955Z  INFO tailwindcss_oxide::scanner: Reading "C:\\Users\\admin\\premium-invest-8\\lib\\auth\\secrets.js"
2026-01-18T05:14:40.062959Z  INFO tailwindcss_oxide::scanner: Reading "C:\\Users\\admin\\premium-invest-8\\components\\admin\\FamilyAdminView.jsx"
2026-01-18T05:14:40.062972Z  INFO tailwindcss_oxide::scanner: Reading "C:\\Users\\admin\\premium-invest-8\\components\\shared\\BackRow.jsx"
2026-01-18T05:14:40.062969Z  INFO tailwindcss_oxide::scanner: Reading "C:\\Users\\admin\\premium-invest-8\\features\\FEATURES.md"
2026-01-18T05:14:40.062976Z  INFO tailwindcss_oxide::scanner: Reading "C:\\Users\\admin\\premium-invest-8\\docs\\GLOSSARY.md"
2026-01-18T05:14:40.062981Z  INFO tailwindcss_oxide::scanner: Reading "C:\\Users\\admin\\premium-invest-8\\eslint.config.mjs"
2026-01-18T05:14:40.062978Z  INFO tailwindcss_oxide::scanner: Reading "C:\\Users\\admin\\premium-invest-8\\LEARNING.md"
2026-01-18T05:14:40.063002Z  INFO tailwindcss_oxide::scanner: Reading "C:\\Users\\admin\\premium-invest-8\\frontend\\src\\components\\Footer.js"
2026-01-18T05:14:40.063013Z  INFO tailwindcss_oxide::scanner: Reading "C:\\Users\\admin\\premium-invest-8\\lib\\adminSession.js"
2026-01-18T05:14:40.063025Z  INFO tailwindcss_oxide::scanner: Reading "C:\\Users\\admin\\premium-invest-8\\tests\\email\\propertyVsSipTemplates.test.js"
2026-01-18T05:14:40.063047Z  INFO tailwindcss_oxide::scanner: Reading "C:\\Users\\admin\\premium-invest-8\\supabase\\migrations\\20260113_live_intelligence.sql"
2026-01-18T05:14:40.063052Z  INFO tailwindcss_oxide::scanner: Reading "C:\\Users\\admin\\premium-invest-8\\frontend\\src\\components\\Layout.js"
2026-01-18T05:14:40.063056Z  INFO tailwindcss_oxide::scanner: Reading "C:\\Users\\admin\\premium-invest-8\\data\\products.json"
2026-01-18T05:14:40.063059Z  INFO tailwindcss_oxide::scanner: Reading "C:\\Users\\admin\\premium-invest-8\\components\\calculators\\FdMaturitySnapshot.jsx"
2026-01-18T05:14:40.063055Z  INFO tailwindcss_oxide::scanner: Reading "C:\\Users\\admin\\premium-invest-8\\features\\plugins\\index.js"
2026-01-18T05:14:40.063077Z  INFO tailwindcss_oxide::scanner: Reading "C:\\Users\\admin\\premium-invest-8\\lib\\pitching\\pitches.js"
2026-01-18T05:14:40.063077Z  INFO tailwindcss_oxide::scanner: Reading "C:\\Users\\admin\\premium-invest-8\\docs\\live-intelligence\\MASTER_PLAN.md"
2026-01-18T05:14:40.063079Z  INFO tailwindcss_oxide::scanner: Reading "C:\\Users\\admin\\premium-invest-8\\components\\ui\\dialog.jsx"
2026-01-18T05:14:40.063102Z  INFO tailwindcss_oxide::scanner: Reading "C:\\Users\\admin\\premium-invest-8\\components\\admin\\AnalyticsView.jsx"
2026-01-18T05:14:40.063106Z  INFO tailwindcss_oxide::scanner: Reading "C:\\Users\\admin\\premium-invest-8\\components\\ui\\menubar.jsx"
2026-01-18T05:14:40.063119Z  INFO tailwindcss_oxide::scanner: Reading "C:\\Users\\admin\\premium-invest-8\\backup\\live-intelligence-2026-01-13\\headlines.js"
2026-01-18T05:14:40.063124Z  INFO tailwindcss_oxide::scanner: Reading "C:\\Users\\admin\\premium-invest-8\\lib\\live-intelligence\\ai-summary.js"
2026-01-18T05:14:40.063124Z  INFO tailwindcss_oxide::scanner: Reading "C:\\Users\\admin\\premium-invest-8\\components\\user\\ServiceCard.jsx"
2026-01-18T05:14:40.063123Z  INFO tailwindcss_oxide::scanner: Reading "C:\\Users\\admin\\premium-invest-8\\components\\analytics\\GA4PageView.jsx"
2026-01-18T05:14:40.063131Z  INFO tailwindcss_oxide::scanner: Reading "C:\\Users\\admin\\premium-invest-8\\lib\\plugins\\loadPlugins.js"
2026-01-18T05:14:40.063155Z  INFO tailwindcss_oxide::scanner: Reading "C:\\Users\\admin\\premium-invest-8\\VERCEL_BUILD_FIX.md"
2026-01-18T05:14:40.063155Z  INFO tailwindcss_oxide::scanner: Reading "C:\\Users\\admin\\premium-invest-8\\lib\\db\\pitches.js"
2026-01-18T05:14:40.063173Z  INFO tailwindcss_oxide::scanner: Reading "C:\\Users\\admin\\premium-invest-8\\components\\admin\\DailyKpisPanel.jsx"
2026-01-18T05:14:40.063181Z  INFO tailwindcss_oxide::scanner: Reading "C:\\Users\\admin\\premium-invest-8\\lib\\db\\affiliateLinks.js"
2026-01-18T05:14:40.063199Z  INFO tailwindcss_oxide::scanner: Reading "C:\\Users\\admin\\premium-invest-8\\frontend\\src\\components\\LazyImage.js"
2026-01-18T05:14:40.063204Z  INFO tailwindcss_oxide::scanner: Reading "C:\\Users\\admin\\premium-invest-8\\supabase\\migrations\\add_email_preferences.sql"
2026-01-18T05:14:40.063208Z  INFO tailwindcss_oxide::scanner: Reading "C:\\Users\\admin\\premium-invest-8\\components\\shared\\BackToLiveIntelligence.jsx"
2026-01-18T05:14:40.063208Z  INFO tailwindcss_oxide::scanner: Reading "C:\\Users\\admin\\premium-invest-8\\components\\calculators\\FundCostComparator.jsx"
2026-01-18T05:14:40.063214Z  INFO tailwindcss_oxide::scanner: Reading "C:\\Users\\admin\\premium-invest-8\\data\\blog.json"
2026-01-18T05:14:40.063218Z  INFO tailwindcss_oxide::scanner: Reading "C:\\Users\\admin\\premium-invest-8\\fix-contact.js"
2026-01-18T05:14:40.063230Z  INFO tailwindcss_oxide::scanner: Reading "C:\\Users\\admin\\premium-invest-8\\tests\\e2e\\cashfree-payment.spec.js"
2026-01-18T05:14:40.063239Z  INFO tailwindcss_oxide::scanner: Reading "C:\\Users\\admin\\premium-invest-8\\lib\\affiliate\\tracker.js"
2026-01-18T05:14:40.063247Z  INFO tailwindcss_oxide::scanner: Reading "C:\\Users\\admin\\premium-invest-8\\data\\servicesCatalog.jsx"
2026-01-18T05:14:40.063259Z  INFO tailwindcss_oxide::scanner: Reading "C:\\Users\\admin\\premium-invest-8\\components\\admin\\LeadsList.jsx"
2026-01-18T05:14:40.063262Z  INFO tailwindcss_oxide::scanner: Reading "C:\\Users\\admin\\premium-invest-8\\docs\\live-intelligence\\TEST_RESULTS.md"
2026-01-18T05:14:40.063272Z  INFO tailwindcss_oxide::scanner: Reading "C:\\Users\\admin\\premium-invest-8\\components\\ui\\switch.jsx"
2026-01-18T05:14:40.063305Z  INFO tailwindcss_oxide::scanner: Reading "C:\\Users\\admin\\premium-invest-8\\components\\ui\\navigation-menu.jsx"
2026-01-18T05:14:40.063308Z  INFO tailwindcss_oxide::scanner: Reading "C:\\Users\\admin\\premium-invest-8\\docs\\live-intelligence\\COMPONENT_CODES.md"
2026-01-18T05:14:40.063340Z  INFO tailwindcss_oxide::scanner: Reading "C:\\Users\\admin\\premium-invest-8\\lib\\db\\conversations.js"
2026-01-18T05:14:40.063343Z  INFO tailwindcss_oxide::scanner: Reading "C:\\Users\\admin\\premium-invest-8\\lib\\plugins\\PluginManager.js"
2026-01-18T05:14:40.063350Z  INFO tailwindcss_oxide::scanner: Reading "C:\\Users\\admin\\premium-invest-8\\VERCEL_DEPLOYMENT_ANALYSIS.md"
2026-01-18T05:14:40.063354Z  INFO tailwindcss_oxide::scanner: Reading "C:\\Users\\admin\\premium-invest-8\\components\\ui\\toast.jsx"
2026-01-18T05:14:40.063356Z  INFO tailwindcss_oxide::scanner: Reading "C:\\Users\\admin\\premium-invest-8\\components\\shared\\BlogDisclaimer.jsx"
2026-01-18T05:14:40.063364Z  INFO tailwindcss_oxide::scanner: Reading "C:\\Users\\admin\\premium-invest-8\\components\\calculators\\InsuranceCoverSnapshot.jsx"
2026-01-18T05:14:40.063387Z  INFO tailwindcss_oxide::scanner: Reading "C:\\Users\\admin\\premium-invest-8\\components\\admin\\DeliverablesView.jsx"
2026-01-18T05:14:40.063394Z  INFO tailwindcss_oxide::scanner: Reading "C:\\Users\\admin\\premium-invest-8\\lib\\ai\\claude.js"
2026-01-18T05:14:40.063397Z  INFO tailwindcss_oxide::scanner: Reading "C:\\Users\\admin\\premium-invest-8\\components\\shared\\CookieConsent.jsx"
2026-01-18T05:14:40.063401Z  INFO tailwindcss_oxide::scanner: Reading "C:\\Users\\admin\\premium-invest-8\\components\\admin\\LiveIntelligenceAdmin.jsx"
2026-01-18T05:14:40.063409Z  INFO tailwindcss_oxide::scanner: Reading "C:\\Users\\admin\\premium-invest-8\\components\\calculators\\PremiumBlock.jsx"
2026-01-18T05:14:40.063405Z  INFO tailwindcss_oxide::scanner: Reading "C:\\Users\\admin\\premium-invest-8\\supabase\\migrations\\add_smart_cache.sql"
2026-01-18T05:14:40.063413Z  INFO tailwindcss_oxide::scanner: Reading "C:\\Users\\admin\\premium-invest-8\\components\\ui\\toggle-group.jsx"
2026-01-18T05:14:40.063435Z  INFO tailwindcss_oxide::scanner: Reading "C:\\Users\\admin\\premium-invest-8\\backup\\live-intelligence-2026-01-13\\modes.js"
2026-01-18T05:14:40.063445Z  INFO tailwindcss_oxide::scanner: Reading "C:\\Users\\admin\\premium-invest-8\\components\\calculators\\Breakdown.jsx"
2026-01-18T05:14:40.063479Z  INFO tailwindcss_oxide::scanner: Reading "C:\\Users\\admin\\premium-invest-8\\components\\calculators\\BaseCalculatorLayout.BACKUP.jsx"
2026-01-18T05:14:40.063512Z  INFO tailwindcss_oxide::scanner: Reading "C:\\Users\\admin\\premium-invest-8\\frontend\\src\\components\\ui\\navigation-menu.jsx"
2026-01-18T05:14:40.063520Z  INFO tailwindcss_oxide::scanner: Reading "C:\\Users\\admin\\premium-invest-8\\components\\calculators\\PremiumCalculatorCTA.jsx"
2026-01-18T05:14:40.063539Z  INFO tailwindcss_oxide::scanner: Reading "C:\\Users\\admin\\premium-invest-8\\backup\\live-intelligence-locked-2026-01-15\\RESTORE_GUIDE.md"
2026-01-18T05:14:40.063537Z  INFO tailwindcss_oxide::scanner: Reading "C:\\Users\\admin\\premium-invest-8\\components\\ui\\toggle.jsx"
2026-01-18T05:14:40.063545Z  INFO tailwindcss_oxide::scanner: Reading "C:\\Users\\admin\\premium-invest-8\\lib\\db\\supabaseAdmin.js"
2026-01-18T05:14:40.063556Z  INFO tailwindcss_oxide::scanner: Reading "C:\\Users\\admin\\premium-invest-8\\components\\admin\\SuperAdminDashboard.jsx"
2026-01-18T05:14:40.063560Z  INFO tailwindcss_oxide::scanner: Reading "C:\\Users\\admin\\premium-invest-8\\data\\sipPlans.json"
2026-01-18T05:14:40.063580Z  INFO tailwindcss_oxide::scanner: Reading "C:\\Users\\admin\\premium-invest-8\\docs\\live-intelligence\\VISUAL_REFERENCE.md"
2026-01-18T05:14:40.063623Z  INFO tailwindcss_oxide::scanner: Reading "C:\\Users\\admin\\premium-invest-8\\components\\calculators\\BrokerageEstimator.jsx"
2026-01-18T05:14:40.063638Z  INFO tailwindcss_oxide::scanner: Reading "C:\\Users\\admin\\premium-invest-8\\components\\ui\\toaster.jsx"
2026-01-18T05:14:40.063644Z  INFO tailwindcss_oxide::scanner: Reading "C:\\Users\\admin\\premium-invest-8\\components\\admin\\EmailPreferences.jsx"
2026-01-18T05:14:40.063694Z  INFO tailwindcss_oxide::scanner: Reading "C:\\Users\\admin\\premium-invest-8\\components\\shared\\ErrorMessage.jsx"
2026-01-18T05:14:40.063736Z  INFO tailwindcss_oxide::scanner: Reading "C:\\Users\\admin\\premium-invest-8\\components\\user\\AIChatFloat.jsx"
2026-01-18T05:14:40.064312Z  INFO tailwindcss_oxide::scanner: Reading "C:\\Users\\admin\\premium-invest-8\\frontend\\craco.config.js"
2026-01-18T05:14:40.064320Z  INFO tailwindcss_oxide::scanner: Reading "C:\\Users\\admin\\premium-invest-8\\FOUNDATION_COMPLETE.md"
2026-01-18T05:14:40.064336Z  INFO tailwindcss_oxide::scanner: Reading "C:\\Users\\admin\\premium-invest-8\\frontend\\src\\components\\LuxuryMobileDock.js"
2026-01-18T05:14:40.064345Z  INFO tailwindcss_oxide::scanner: Reading "C:\\Users\\admin\\premium-invest-8\\frontend\\jsconfig.json"
2026-01-18T05:14:40.064355Z  INFO tailwindcss_oxide::scanner: Reading "C:\\Users\\admin\\premium-invest-8\\components\\shared\\ProgressiveHydration.jsx"
2026-01-18T05:14:40.064380Z  INFO tailwindcss_oxide::scanner: Reading "C:\\Users\\admin\\premium-invest-8\\lib\\db\\emailPreferences.js"
2026-01-18T05:14:40.064395Z  INFO tailwindcss_oxide::scanner: Reading "C:\\Users\\admin\\premium-invest-8\\components\\calculators\\BaseCalculatorLayout.jsx"
2026-01-18T05:14:40.064405Z  INFO tailwindcss_oxide::scanner: Reading "C:\\Users\\admin\\premium-invest-8\\frontend\\components.json"
2026-01-18T05:14:40.064549Z  INFO tailwindcss_oxide::scanner: Reading "C:\\Users\\admin\\premium-invest-8\\components\\calculators\\PropertyVsSipCalculator.jsx"
2026-01-18T05:14:40.064599Z  INFO tailwindcss_oxide::scanner: Reading "C:\\Users\\admin\\premium-invest-8\\frontend\\src\\components\\ui\\pagination.jsx"
2026-01-18T05:14:40.064603Z  INFO tailwindcss_oxide::scanner: Reading "C:\\Users\\admin\\premium-invest-8\\frontend\\src\\components\\ui\\alert.jsx"
2026-01-18T05:14:40.064611Z  INFO tailwindcss_oxide::scanner: Reading "C:\\Users\\admin\\premium-invest-8\\components\\analytics\\AnalyticsGate.jsx"
2026-01-18T05:14:40.064617Z  INFO tailwindcss_oxide::scanner: Reading "C:\\Users\\admin\\premium-invest-8\\components\\user\\AnimatedClouds.jsx"
2026-01-18T05:14:40.064619Z  INFO tailwindcss_oxide::scanner: Reading "C:\\Users\\admin\\premium-invest-8\\supabase\\migrations\\add_whatsapp_followups.sql"
2026-01-18T05:14:40.064639Z  INFO tailwindcss_oxide::scanner: Reading "C:\\Users\\admin\\premium-invest-8\\frontend\\src\\components\\WhatsAppFloat.js"
2026-01-18T05:14:40.064674Z  INFO tailwindcss_oxide::scanner: Reading "C:\\Users\\admin\\premium-invest-8\\lib\\property-vs-sip.js"
2026-01-18T05:14:40.064673Z  INFO tailwindcss_oxide::scanner: Reading "C:\\Users\\admin\\premium-invest-8\\VERCEL_MIGRATION_GUIDE.md"
2026-01-18T05:14:40.064680Z  INFO tailwindcss_oxide::scanner: Reading "C:\\Users\\admin\\premium-invest-8\\components\\shared\\ExitIntentModal.jsx"
2026-01-18T05:14:40.064684Z  INFO tailwindcss_oxide::scanner: Reading "C:\\Users\\admin\\premium-invest-8\\backup\\LiveIntelligenceHero_backup_2026-01-14_1435.jsx"
2026-01-18T05:14:40.064685Z  INFO tailwindcss_oxide::scanner: Reading "C:\\Users\\admin\\premium-invest-8\\database_backup\\test_database\\blog_posts.bson"
2026-01-18T05:14:40.064689Z  INFO tailwindcss_oxide::scanner: Reading "C:\\Users\\admin\\premium-invest-8\\frontend\\src\\components\\ui\\aspect-ratio.jsx"
2026-01-18T05:14:40.064695Z  INFO tailwindcss_oxide::scanner: Reading "C:\\Users\\admin\\premium-invest-8\\components\\calculators\\RebalanceDriftSnapshot.jsx"
2026-01-18T05:14:40.064696Z  INFO tailwindcss_oxide::scanner: Reading "C:\\Users\\admin\\premium-invest-8\\lib\\templates\\whatsappFollowups.js"
2026-01-18T05:14:40.064730Z  INFO tailwindcss_oxide::scanner: Reading "C:\\Users\\admin\\premium-invest-8\\backup\\live-intelligence-2026-01-13\\page.jsx"
2026-01-18T05:14:40.064731Z  INFO tailwindcss_oxide::scanner: Reading "C:\\Users\\admin\\premium-invest-8\\frontend\\src\\components\\ui\\slider.jsx"
2026-01-18T05:14:40.064729Z  INFO tailwindcss_oxide::scanner: Reading "C:\\Users\\admin\\premium-invest-8\\lib\\seo\\metadata.js"
2026-01-18T05:14:40.064739Z  INFO tailwindcss_oxide::scanner: Reading "C:\\Users\\admin\\premium-invest-8\\components\\calculators\\CalculatorHeader.jsx"
2026-01-18T05:14:40.064744Z  INFO tailwindcss_oxide::scanner: Reading "C:\\Users\\admin\\premium-invest-8\\frontend\\package.json"
2026-01-18T05:14:40.064748Z  INFO tailwindcss_oxide::scanner: Reading "C:\\Users\\admin\\premium-invest-8\\components\\shared\\RiskWarning.jsx"
2026-01-18T05:14:40.064772Z  INFO tailwindcss_oxide::scanner: Reading "C:\\Users\\admin\\premium-invest-8\\components\\calculators\\SipGoalSnapshot.jsx"
2026-01-18T05:14:40.064841Z  INFO tailwindcss_oxide::scanner: Reading "C:\\Users\\admin\\premium-invest-8\\components\\ui\\pagination.jsx"
2026-01-18T05:14:40.064841Z  INFO tailwindcss_oxide::scanner: Reading "C:\\Users\\admin\\premium-invest-8\\components\\shared\\Button.jsx"
2026-01-18T05:14:40.064853Z  INFO tailwindcss_oxide::scanner: Reading "C:\\Users\\admin\\premium-invest-8\\lib\\db\\whatsappFollowups.js"
2026-01-18T05:14:40.064883Z  INFO tailwindcss_oxide::scanner: Reading "C:\\Users\\admin\\premium-invest-8\\frontend\\src\\components\\ui\\avatar.jsx"
2026-01-18T05:14:40.064902Z  INFO tailwindcss_oxide::scanner: Reading "C:\\Users\\admin\\premium-invest-8\\components\\shared\\FAQSection.jsx"
2026-01-18T05:14:40.064902Z  INFO tailwindcss_oxide::scanner: Reading "C:\\Users\\admin\\premium-invest-8\\frontend\\src\\components\\ui\\command.jsx"
2026-01-18T05:14:40.064911Z  INFO tailwindcss_oxide::scanner: Reading "C:\\Users\\admin\\premium-invest-8\\frontend\\src\\components\\ui\\popover.jsx"
2026-01-18T05:14:40.064910Z  INFO tailwindcss_oxide::scanner: Reading "C:\\Users\\admin\\premium-invest-8\\database_backup\\test_database\\blog_posts.metadata.json"
2026-01-18T05:14:40.064910Z  INFO tailwindcss_oxide::scanner: Reading "C:\\Users\\admin\\premium-invest-8\\components\\ui\\tooltip.jsx"
2026-01-18T05:14:40.064913Z  INFO tailwindcss_oxide::scanner: Reading "C:\\Users\\admin\\premium-invest-8\\frontend\\src\\components\\ui\\sonner.jsx"
2026-01-18T05:14:40.064915Z  INFO tailwindcss_oxide::scanner: Reading "C:\\Users\\admin\\premium-invest-8\\frontend\\src\\pages\\Insurance.js"
2026-01-18T05:14:40.064917Z  INFO tailwindcss_oxide::scanner: Reading "C:\\Users\\admin\\premium-invest-8\\components\\LaserBeamCanvas.jsx"
2026-01-18T05:14:40.064920Z  INFO tailwindcss_oxide::scanner: Reading "C:\\Users\\admin\\premium-invest-8\\frontend\\src\\components\\Navigation.js"
2026-01-18T05:14:40.064972Z  INFO tailwindcss_oxide::scanner: Reading "C:\\Users\\admin\\premium-invest-8\\components\\shared\\Input.jsx"
2026-01-18T05:14:40.064962Z  INFO tailwindcss_oxide::scanner: Reading "C:\\Users\\admin\\premium-invest-8\\components\\tools\\ITRFilingHelp.jsx"
2026-01-18T05:14:40.064996Z  INFO tailwindcss_oxide::scanner: Reading "C:\\Users\\admin\\premium-invest-8\\database_backup\\test_database\\contacts.bson"
2026-01-18T05:14:40.064933Z  INFO tailwindcss_oxide::scanner: Reading "C:\\Users\\admin\\premium-invest-8\\frontend\\src\\pages\\Contact.js"
2026-01-18T05:14:40.064996Z  INFO tailwindcss_oxide::scanner: Reading "C:\\Users\\admin\\premium-invest-8\\components\\ui\\popover.jsx"
2026-01-18T05:14:40.064998Z  INFO tailwindcss_oxide::scanner: Reading "C:\\Users\\admin\\premium-invest-8\\components\\live-intelligence\\AchievementPopup.jsx"
2026-01-18T05:14:40.064998Z  INFO tailwindcss_oxide::scanner: Reading "C:\\Users\\admin\\premium-invest-8\\frontend\\src\\components\\ui\\progress.jsx"
2026-01-18T05:14:40.065020Z  INFO tailwindcss_oxide::scanner: Reading "C:\\Users\\admin\\premium-invest-8\\backup\\LiveIntelligenceOverlay_backup_2026-01-14_1436.jsx"
2026-01-18T05:14:40.065027Z  INFO tailwindcss_oxide::scanner: Reading "C:\\Users\\admin\\premium-invest-8\\frontend\\plugins\\health-check\\health-endpoints.js"
2026-01-18T05:14:40.065040Z  INFO tailwindcss_oxide::scanner: Reading "C:\\Users\\admin\\premium-invest-8\\lib\\email\\emailService.js"
2026-01-18T05:14:40.065035Z  INFO tailwindcss_oxide::scanner: Reading "C:\\Users\\admin\\premium-invest-8\\frontend\\src\\components\\ui\\badge.jsx"
2026-01-18T05:14:40.065045Z  INFO tailwindcss_oxide::scanner: Reading "C:\\Users\\admin\\premium-invest-8\\database_backup\\test_database\\contacts.metadata.json"
2026-01-18T05:14:40.065061Z  INFO tailwindcss_oxide::scanner: Reading "C:\\Users\\admin\\premium-invest-8\\data\\staticBlogData.js"
2026-01-18T05:14:40.065071Z  INFO tailwindcss_oxide::scanner: Reading "C:\\Users\\admin\\premium-invest-8\\database_backup\\test_database\\newsletter.bson"
2026-01-18T05:14:40.065075Z  INFO tailwindcss_oxide::scanner: Reading "C:\\Users\\admin\\premium-invest-8\\frontend\\src\\components\\ui\\context-menu.jsx"
2026-01-18T05:14:40.065095Z  INFO tailwindcss_oxide::scanner: Reading "C:\\Users\\admin\\premium-invest-8\\frontend\\src\\components\\ui\\switch.jsx"
2026-01-18T05:14:40.065099Z  INFO tailwindcss_oxide::scanner: Reading "C:\\Users\\admin\\premium-invest-8\\database_backup\\test_database\\newsletter.metadata.json"
2026-01-18T05:14:40.065109Z  INFO tailwindcss_oxide::scanner: Reading "C:\\Users\\admin\\premium-invest-8\\backup\\live-intelligence-2026-01-13\\personalization.js"
2026-01-18T05:14:40.065110Z  INFO tailwindcss_oxide::scanner: Reading "C:\\Users\\admin\\premium-invest-8\\frontend\\src\\components\\ui\\form.jsx"
2026-01-18T05:14:40.065120Z  INFO tailwindcss_oxide::scanner: Reading "C:\\Users\\admin\\premium-invest-8\\frontend\\src\\components\\ReadingProgress.js"
2026-01-18T05:14:40.065155Z  INFO tailwindcss_oxide::scanner: Reading "C:\\Users\\admin\\premium-invest-8\\components\\shared\\LazyTradingView.jsx"
2026-01-18T05:14:40.065172Z  INFO tailwindcss_oxide::scanner: Reading "C:\\Users\\admin\\premium-invest-8\\frontend\\src\\pages\\MutualFunds.js"
2026-01-18T05:14:40.065212Z  INFO tailwindcss_oxide::scanner: Reading "C:\\Users\\admin\\premium-invest-8\\frontend\\src\\components\\ui\\radio-group.jsx"
2026-01-18T05:14:40.065212Z  INFO tailwindcss_oxide::scanner: Reading "C:\\Users\\admin\\premium-invest-8\\components\\LASERBEAM_ANIMATION_GUIDE.md"
2026-01-18T05:14:40.065256Z  INFO tailwindcss_oxide::scanner: Reading "C:\\Users\\admin\\premium-invest-8\\frontend\\src\\pages\\CuratedPartners.js"
2026-01-18T05:14:40.065271Z  INFO tailwindcss_oxide::scanner: Reading "C:\\Users\\admin\\premium-invest-8\\frontend\\src\\components\\ui\\breadcrumb.jsx"
2026-01-18T05:14:40.065274Z  INFO tailwindcss_oxide::scanner: Reading "C:\\Users\\admin\\premium-invest-8\\components\\live-intelligence\\CategoryFilter.jsx"
2026-01-18T05:14:40.065275Z  INFO tailwindcss_oxide::scanner: Reading "C:\\Users\\admin\\premium-invest-8\\frontend\\src\\components\\RelatedPosts.js"
2026-01-18T05:14:40.065280Z  INFO tailwindcss_oxide::scanner: Reading "C:\\Users\\admin\\premium-invest-8\\frontend\\src\\components\\ui\\dialog.jsx"
2026-01-18T05:14:40.065280Z  INFO tailwindcss_oxide::scanner: Reading "C:\\Users\\admin\\premium-invest-8\\frontend\\plugins\\health-check\\webpack-health-plugin.js"
2026-01-18T05:14:40.065286Z  INFO tailwindcss_oxide::scanner: Reading "C:\\Users\\admin\\premium-invest-8\\frontend\\src\\components\\ui\\hover-card.jsx"
2026-01-18T05:14:40.065355Z  INFO tailwindcss_oxide::scanner: Reading "C:\\Users\\admin\\premium-invest-8\\lib\\supabaseAdmin.js"
2026-01-18T05:14:40.065288Z  INFO tailwindcss_oxide::scanner: Reading "C:\\Users\\admin\\premium-invest-8\\frontend\\src\\components\\ui\\table.jsx"
2026-01-18T05:14:40.065377Z  INFO tailwindcss_oxide::scanner: Reading "C:\\Users\\admin\\premium-invest-8\\backup\\live-intelligence-locked-2026-01-15\\LaserFooter.jsx"
2026-01-18T05:14:40.065377Z  INFO tailwindcss_oxide::scanner: Reading "C:\\Users\\admin\\premium-invest-8\\frontend\\src\\components\\ui\\resizable.jsx"
2026-01-18T05:14:40.065404Z  INFO tailwindcss_oxide::scanner: Reading "C:\\Users\\admin\\premium-invest-8\\components\\LazyImage.jsx"
2026-01-18T05:14:40.065406Z  INFO tailwindcss_oxide::scanner: Reading "C:\\Users\\admin\\premium-invest-8\\components\\calculators\\SipCalculatorWidget.jsx"
2026-01-18T05:14:40.065294Z  INFO tailwindcss_oxide::scanner: Reading "C:\\Users\\admin\\premium-invest-8\\components\\ui\\accordion.jsx"
2026-01-18T05:14:40.065388Z  INFO tailwindcss_oxide::scanner: Reading "C:\\Users\\admin\\premium-invest-8\\frontend\\src\\components\\ui\\button.jsx"
2026-01-18T05:14:40.065397Z  INFO tailwindcss_oxide::scanner: Reading "C:\\Users\\admin\\premium-invest-8\\components\\shared\\LeadCaptureModal.jsx"
2026-01-18T05:14:40.065410Z  INFO tailwindcss_oxide::scanner: Reading "C:\\Users\\admin\\premium-invest-8\\components\\shared\\Card.jsx"
2026-01-18T05:14:40.065443Z  INFO tailwindcss_oxide::scanner: Reading "C:\\Users\\admin\\premium-invest-8\\frontend\\src\\components\\ui\\input.jsx"
2026-01-18T05:14:40.065449Z  INFO tailwindcss_oxide::scanner: Reading "C:\\Users\\admin\\premium-invest-8\\backup\\live-intelligence-locked-2026-01-15\\LiveIntelligenceOverlay.jsx"
2026-01-18T05:14:40.065453Z  INFO tailwindcss_oxide::scanner: Reading "C:\\Users\\admin\\premium-invest-8\\components\\calculators\\ResultSummary.jsx"
2026-01-18T05:14:40.065453Z  INFO tailwindcss_oxide::scanner: Reading "C:\\Users\\admin\\premium-invest-8\\frontend\\src\\pages\\Platforms.js"
2026-01-18T05:14:40.065421Z  INFO tailwindcss_oxide::scanner: Reading "C:\\Users\\admin\\premium-invest-8\\components\\live-intelligence\\BadgeDisplay.jsx"
2026-01-18T05:14:40.065465Z  INFO tailwindcss_oxide::scanner: Reading "C:\\Users\\admin\\premium-invest-8\\components\\user\\BlogCard.jsx"
2026-01-18T05:14:40.065482Z  INFO tailwindcss_oxide::scanner: Reading "C:\\Users\\admin\\premium-invest-8\\frontend\\src\\components\\ui\\input-otp.jsx"
2026-01-18T05:14:40.065492Z  INFO tailwindcss_oxide::scanner: Reading "C:\\Users\\admin\\premium-invest-8\\frontend\\src\\components\\TableOfContents.js"
2026-01-18T05:14:40.065501Z  INFO tailwindcss_oxide::scanner: Reading "C:\\Users\\admin\\premium-invest-8\\frontend\\src\\components\\ui\\drawer.jsx"
2026-01-18T05:14:40.065503Z  INFO tailwindcss_oxide::scanner: Reading "C:\\Users\\admin\\premium-invest-8\\frontend\\src\\pages\\Disclaimer.jsx"
2026-01-18T05:14:40.065500Z  INFO tailwindcss_oxide::scanner: Reading "C:\\Users\\admin\\premium-invest-8\\backup\\page_backup_2026-01-14_1436.jsx"
2026-01-18T05:14:40.065507Z  INFO tailwindcss_oxide::scanner: Reading "C:\\Users\\admin\\premium-invest-8\\frontend\\src\\components\\ui\\label.jsx"
2026-01-18T05:14:40.065530Z  INFO tailwindcss_oxide::scanner: Reading "C:\\Users\\admin\\premium-invest-8\\lib\\tax-formulas.js"
2026-01-18T05:14:40.065532Z  INFO tailwindcss_oxide::scanner: Reading "C:\\Users\\admin\\premium-invest-8\\frontend\\src\\components\\ui\\tabs.jsx"
2026-01-18T05:14:40.065538Z  INFO tailwindcss_oxide::scanner: Reading "C:\\Users\\admin\\premium-invest-8\\frontend\\src\\components\\ui\\separator.jsx"
2026-01-18T05:14:40.065553Z  INFO tailwindcss_oxide::scanner: Reading "C:\\Users\\admin\\premium-invest-8\\components\\calculators\\TaxCalculator.jsx"
2026-01-18T05:14:40.065557Z  INFO tailwindcss_oxide::scanner: Reading "C:\\Users\\admin\\premium-invest-8\\components\\shared\\SkeletonLoader.jsx"
2026-01-18T05:14:40.065569Z  INFO tailwindcss_oxide::scanner: Reading "C:\\Users\\admin\\premium-invest-8\\components\\calculators\\ZeroTaxBadge.jsx"
2026-01-18T05:14:40.065570Z  INFO tailwindcss_oxide::scanner: Reading "C:\\Users\\admin\\premium-invest-8\\frontend\\src\\components\\ui\\dropdown-menu.jsx"
2026-01-18T05:14:40.065569Z  INFO tailwindcss_oxide::scanner: Reading "C:\\Users\\admin\\premium-invest-8\\components\\shared\\ChatErrorBoundary.jsx"
2026-01-18T05:14:40.065583Z  INFO tailwindcss_oxide::scanner: Reading "C:\\Users\\admin\\premium-invest-8\\frontend\\src\\components\\ui\\textarea.jsx"
2026-01-18T05:14:40.065588Z  INFO tailwindcss_oxide::scanner: Reading "C:\\Users\\admin\\premium-invest-8\\frontend\\plugins\\visual-edits\\babel-metadata-plugin.js"
2026-01-18T05:14:40.065590Z  INFO tailwindcss_oxide::scanner: Reading "C:\\Users\\admin\\premium-invest-8\\frontend\\src\\components\\ui\\calendar.jsx"
2026-01-18T05:14:40.065596Z  INFO tailwindcss_oxide::scanner: Reading "C:\\Users\\admin\\premium-invest-8\\frontend\\src\\components\\ui\\scroll-area.jsx"
2026-01-18T05:14:40.065605Z  INFO tailwindcss_oxide::scanner: Reading "C:\\Users\\admin\\premium-invest-8\\frontend\\src\\components\\ui\\carousel.jsx"
2026-01-18T05:14:40.065616Z  INFO tailwindcss_oxide::scanner: Reading "C:\\Users\\admin\\premium-invest-8\\components\\shared\\LoadingSpinner.jsx"
2026-01-18T05:14:40.065622Z  INFO tailwindcss_oxide::scanner: Reading "C:\\Users\\admin\\premium-invest-8\\lib\\ui\\bodyTextPaletteStyles.js"
2026-01-18T05:14:40.065650Z  INFO tailwindcss_oxide::scanner: Reading "C:\\Users\\admin\\premium-invest-8\\frontend\\src\\components\\ui\\collapsible.jsx"
2026-01-18T05:14:40.065662Z  INFO tailwindcss_oxide::scanner: Reading "C:\\Users\\admin\\premium-invest-8\\components\\shared\\ClosingPerspective.jsx"
2026-01-18T05:14:40.065662Z  INFO tailwindcss_oxide::scanner: Reading "C:\\Users\\admin\\premium-invest-8\\components\\ui\\alert-dialog.jsx"
2026-01-18T05:14:40.065666Z  INFO tailwindcss_oxide::scanner: Reading "C:\\Users\\admin\\premium-invest-8\\components\\shared\\PremiumUnlockButton.jsx"
2026-01-18T05:14:40.065685Z  INFO tailwindcss_oxide::scanner: Reading "C:\\Users\\admin\\premium-invest-8\\frontend\\src\\components\\ui\\sheet.jsx"
2026-01-18T05:14:40.065690Z  INFO tailwindcss_oxide::scanner: Reading "C:\\Users\\admin\\premium-invest-8\\lib\\utils\\cache.js"
2026-01-18T05:14:40.065694Z  INFO tailwindcss_oxide::scanner: Reading "C:\\Users\\admin\\premium-invest-8\\BACKUP_RECOVERY_GUIDE.md"
2026-01-18T05:14:40.065695Z  INFO tailwindcss_oxide::scanner: Reading "C:\\Users\\admin\\premium-invest-8\\frontend\\src\\components\\ui\\select.jsx"
2026-01-18T05:14:40.065709Z  INFO tailwindcss_oxide::scanner: Reading "C:\\Users\\admin\\premium-invest-8\\frontend\\src\\pages\\PortfolioManagement.js"
2026-01-18T05:14:40.065714Z  INFO tailwindcss_oxide::scanner: Reading "C:\\Users\\admin\\premium-invest-8\\frontend\\src\\components\\ui\\checkbox.jsx"
2026-01-18T05:14:40.065725Z  INFO tailwindcss_oxide::scanner: Reading "C:\\Users\\admin\\premium-invest-8\\frontend\\src\\components\\ui\\skeleton.jsx"
2026-01-18T05:14:40.065751Z  INFO tailwindcss_oxide::scanner: Reading "C:\\Users\\admin\\premium-invest-8\\lib\\utils\\logger.js"
2026-01-18T05:14:40.065756Z  INFO tailwindcss_oxide::scanner: Reading "C:\\Users\\admin\\premium-invest-8\\backup\\live-intelligence-locked-2026-01-15\\MarketMoodStrip.jsx"
2026-01-18T05:14:40.065757Z  INFO tailwindcss_oxide::scanner: Reading "C:\\Users\\admin\\premium-invest-8\\BACKUP_README.md"
2026-01-18T05:14:40.065775Z  INFO tailwindcss_oxide::scanner: Reading "C:\\Users\\admin\\premium-invest-8\\frontend\\src\\components\\ui\\toggle-group.jsx"
2026-01-18T05:14:40.065786Z  INFO tailwindcss_oxide::scanner: Reading "C:\\Users\\admin\\premium-invest-8\\frontend\\src\\pages\\FixedDeposits.js"
2026-01-18T05:14:40.065795Z  INFO tailwindcss_oxide::scanner: Reading "C:\\Users\\admin\\premium-invest-8\\frontend\\src\\components\\ui\\menubar.jsx"
2026-01-18T05:14:40.065795Z  INFO tailwindcss_oxide::scanner: Reading "C:\\Users\\admin\\premium-invest-8\\frontend\\src\\components\\ui\\card.jsx"
2026-01-18T05:14:40.065805Z  INFO tailwindcss_oxide::scanner: Reading "C:\\Users\\admin\\premium-invest-8\\components\\LaserBeamCanvas.BACKUP.jsx"
2026-01-18T05:14:40.065812Z  INFO tailwindcss_oxide::scanner: Reading "C:\\Users\\admin\\premium-invest-8\\frontend\\src\\components\\ui\\alert-dialog.jsx"
2026-01-18T05:14:40.065813Z  INFO tailwindcss_oxide::scanner: Reading "C:\\Users\\admin\\premium-invest-8\\components\\ui\\aspect-ratio.jsx"
2026-01-18T05:14:40.065828Z  INFO tailwindcss_oxide::scanner: Reading "C:\\Users\\admin\\premium-invest-8\\lib\\ui\\serviceMobilePulse.js"
2026-01-18T05:14:40.065831Z  INFO tailwindcss_oxide::scanner: Reading "C:\\Users\\admin\\premium-invest-8\\frontend\\src\\components\\ui\\toast.jsx"
2026-01-18T05:14:40.065848Z  INFO tailwindcss_oxide::scanner: Reading "C:\\Users\\admin\\premium-invest-8\\frontend\\src\\components\\ui\\accordion.jsx"
2026-01-18T05:14:40.065840Z  INFO tailwindcss_oxide::scanner: Reading "C:\\Users\\admin\\premium-invest-8\\frontend\\src\\index.js"
2026-01-18T05:14:40.065863Z  INFO tailwindcss_oxide::scanner: Reading "C:\\Users\\admin\\premium-invest-8\\frontend\\src\\components\\ui\\tooltip.jsx"
2026-01-18T05:14:40.065862Z  INFO tailwindcss_oxide::scanner: Reading "C:\\Users\\admin\\premium-invest-8\\frontend\\src\\lib\\utils.js"
2026-01-18T05:14:40.065869Z  INFO tailwindcss_oxide::scanner: Reading "C:\\Users\\admin\\premium-invest-8\\frontend\\src\\components\\ui\\toggle.jsx"
2026-01-18T05:14:40.065876Z  INFO tailwindcss_oxide::scanner: Reading "C:\\Users\\admin\\premium-invest-8\\frontend\\src\\data\\staticBlogData.js"
2026-01-18T05:14:40.065878Z  INFO tailwindcss_oxide::scanner: Reading "C:\\Users\\admin\\premium-invest-8\\components\\shared\\NewsletterSignup.jsx"
2026-01-18T05:14:40.065896Z  INFO tailwindcss_oxide::scanner: Reading "C:\\Users\\admin\\premium-invest-8\\frontend\\src\\components\\ui\\toaster.jsx"
2026-01-18T05:14:40.065896Z  INFO tailwindcss_oxide::scanner: Reading "C:\\Users\\admin\\premium-invest-8\\components\\home\\LiveIntelligenceHero.jsx"
2026-01-18T05:14:40.065897Z  INFO tailwindcss_oxide::scanner: Reading "C:\\Users\\admin\\premium-invest-8\\frontend\\src\\pages\\Home.js"
2026-01-18T05:14:40.065910Z  INFO tailwindcss_oxide::scanner: Reading "C:\\Users\\admin\\premium-invest-8\\BLOGS_2-10_TASK_SUMMARY.md"
2026-01-18T05:14:40.065905Z  INFO tailwindcss_oxide::scanner: Reading "C:\\Users\\admin\\premium-invest-8\\frontend\\src\\hooks\\use-toast.js"
2026-01-18T05:14:40.065924Z  INFO tailwindcss_oxide::scanner: Reading "C:\\Users\\admin\\premium-invest-8\\frontend\\src\\pages\\PrivacyPolicy.jsx"
2026-01-18T05:14:40.065920Z  INFO tailwindcss_oxide::scanner: Reading "C:\\Users\\admin\\premium-invest-8\\components\\shared\\Modal.jsx"
2026-01-18T05:14:40.065951Z  INFO tailwindcss_oxide::scanner: Reading "C:\\Users\\admin\\premium-invest-8\\frontend\\src\\pages\\About.js"
2026-01-18T05:14:40.065956Z  INFO tailwindcss_oxide::scanner: Reading "C:\\Users\\admin\\premium-invest-8\\components\\ui\\alert.jsx"
2026-01-18T05:14:40.065983Z  INFO tailwindcss_oxide::scanner: Reading "C:\\Users\\admin\\premium-invest-8\\frontend\\src\\pages\\Blog.js"
2026-01-18T05:14:40.065987Z  INFO tailwindcss_oxide::scanner: Reading "C:\\Users\\admin\\premium-invest-8\\frontend\\src\\pages\\Careers.js"
2026-01-18T05:14:40.065990Z  INFO tailwindcss_oxide::scanner: Reading "C:\\Users\\admin\\premium-invest-8\\backup\\live-intelligence-locked-2026-01-15\\page.jsx"
2026-01-18T05:14:40.066001Z  INFO tailwindcss_oxide::scanner: Reading "C:\\Users\\admin\\premium-invest-8\\frontend\\src\\pages\\compliance_backup.txt"
2026-01-18T05:14:40.066025Z  INFO tailwindcss_oxide::scanner: Reading "C:\\Users\\admin\\premium-invest-8\\frontend\\src\\pages\\BlogDetail.js"
2026-01-18T05:14:40.066021Z  INFO tailwindcss_oxide::scanner: Reading "C:\\Users\\admin\\premium-invest-8\\BLOG_MASTER_RULES.md"
2026-01-18T05:14:40.066043Z  INFO tailwindcss_oxide::scanner: Reading "C:\\Users\\admin\\premium-invest-8\\lib\\ui\\serviceLuxuryStyles.js"
2026-01-18T05:14:40.066060Z  INFO tailwindcss_oxide::scanner: Reading "C:\\Users\\admin\\premium-invest-8\\BLOG_REFERENCE.md"
2026-01-18T05:14:40.066064Z  INFO tailwindcss_oxide::scanner: Reading "C:\\Users\\admin\\premium-invest-8\\BLOG_CACHE_FIX.md"
2026-01-18T05:14:40.066069Z  INFO tailwindcss_oxide::scanner: Reading "C:\\Users\\admin\\premium-invest-8\\components\\shared\\Testimonials.jsx"
2026-01-18T05:14:40.066090Z  INFO tailwindcss_oxide::scanner: Reading "C:\\Users\\admin\\premium-invest-8\\frontend\\src\\pages\\RefundPolicy.jsx"
2026-01-18T05:14:40.066119Z  INFO tailwindcss_oxide::scanner: Reading "C:\\Users\\admin\\premium-invest-8\\frontend\\src\\pages\\Compliance.js"
2026-01-18T05:14:40.066123Z  INFO tailwindcss_oxide::scanner: Reading "C:\\Users\\admin\\premium-invest-8\\BLOG_2-10_VERIFICATION_REPORT.md"
2026-01-18T05:14:40.066217Z  INFO tailwindcss_oxide::scanner: Reading "C:\\Users\\admin\\premium-invest-8\\components\\ui\\avatar.jsx"
2026-01-18T05:14:40.066269Z  INFO tailwindcss_oxide::scanner: Reading "C:\\Users\\admin\\premium-invest-8\\components\\tools\\AllInOneCalculator.jsx"
2026-01-18T05:14:40.066451Z  INFO extract_candidates:read_all_files: tailwindcss_oxide::scanner: exit
2026-01-18T05:14:40.066457Z  INFO extract_candidates:parse_all_blobs: tailwindcss_oxide::scanner: enter
2026-01-18T05:14:40.066460Z  INFO extract_candidates:parse_all_blobs:extract: tailwindcss_oxide::scanner: enter
2026-01-18T05:14:40.074809Z  INFO extract_candidates:parse_all_blobs:extract: tailwindcss_oxide::scanner: exit
2026-01-18T05:14:40.075193Z  INFO extract_candidates:parse_all_blobs: tailwindcss_oxide::scanner: exit
2026-01-18T05:14:40.075202Z  INFO extract_candidates:read_all_files: tailwindcss_oxide::scanner: enter
2026-01-18T05:14:40.075205Z  INFO extract_candidates:read_all_files: tailwindcss_oxide::scanner: Reading 14 file(s)
2026-01-18T05:14:40.075294Z  INFO tailwindcss_oxide::scanner: Reading "C:\\Users\\admin\\premium-invest-8\\core\\marketTicker\\MarketTicker.module.css"
2026-01-18T05:14:40.075334Z  INFO tailwindcss_oxide::scanner: Reading "C:\\Users\\admin\\premium-invest-8\\app\\globals.css"
2026-01-18T05:14:40.075377Z  INFO tailwindcss_oxide::scanner: Reading "C:\\Users\\admin\\premium-invest-8\\components\\PremiumMarketTicker.module.css"
2026-01-18T05:14:40.075407Z  INFO tailwindcss_oxide::scanner: Reading "C:\\Users\\admin\\premium-invest-8\\frontend\\src\\index.css"
2026-01-18T05:14:40.075411Z  INFO tailwindcss_oxide::scanner: Reading "C:\\Users\\admin\\premium-invest-8\\app\\globals_backup_pre_shadcn.css"
2026-01-18T05:14:40.075436Z  INFO tailwindcss_oxide::scanner: Reading "C:\\Users\\admin\\premium-invest-8\\.safety-backups\\chat\\20251230-214526\\components\\AIChatFloat.module.css"
2026-01-18T05:14:40.075439Z  INFO tailwindcss_oxide::scanner: Reading "C:\\Users\\admin\\premium-invest-8\\app\\globals_backup.css"
2026-01-18T05:14:40.075439Z  INFO tailwindcss_oxide::scanner: Reading "C:\\Users\\admin\\premium-invest-8\\frontend\\public\\fonts\\fonts.css"
2026-01-18T05:14:40.075468Z  INFO tailwindcss_oxide::scanner: Reading "C:\\Users\\admin\\premium-invest-8\\components\\calculators\\PremiumCalculatorCTA.module.css"
2026-01-18T05:14:40.075472Z  INFO tailwindcss_oxide::scanner: Reading "C:\\Users\\admin\\premium-invest-8\\app\\admin-secret-akash\\admin.css"
2026-01-18T05:14:40.075476Z  INFO tailwindcss_oxide::scanner: Reading "C:\\Users\\admin\\premium-invest-8\\components\\user\\AIChatFloat.module.css"
2026-01-18T05:14:40.075491Z  INFO tailwindcss_oxide::scanner: Reading "C:\\Users\\admin\\premium-invest-8\\public\\fonts\\fonts.css"
2026-01-18T05:14:40.075516Z  INFO tailwindcss_oxide::scanner: Reading "C:\\Users\\admin\\premium-invest-8\\components\\user\\PremiumMarketTicker.module.css"
2026-01-18T05:14:40.075551Z  INFO tailwindcss_oxide::scanner: Reading "C:\\Users\\admin\\premium-invest-8\\components\\home\\LiveIntelligenceHero.module.css"
2026-01-18T05:14:40.075582Z  INFO extract_candidates:read_all_files: tailwindcss_oxide::scanner: exit
2026-01-18T05:14:40.075599Z  INFO extract_candidates:extract_css_variables: tailwindcss_oxide::scanner: enter
2026-01-18T05:14:40.075602Z  INFO extract_candidates:extract_css_variables:extract: tailwindcss_oxide::scanner: enter
2026-01-18T05:14:40.075782Z  INFO extract_candidates:extract_css_variables:extract: tailwindcss_oxide::scanner: exit
2026-01-18T05:14:40.075790Z  INFO extract_candidates:extract_css_variables: tailwindcss_oxide::scanner: exit
2026-01-18T05:14:40.078156Z  INFO extract_candidates: tailwindcss_oxide::scanner: exit
2026-01-18T05:14:40.080670Z  INFO get_files: tailwindcss_oxide::scanner: enter
2026-01-18T05:14:40.080677Z  INFO get_files:scan_sources: tailwindcss_oxide::scanner: enter
2026-01-18T05:14:40.081581Z  INFO get_files:scan_sources: tailwindcss_oxide::scanner: Discovering "C:\\Users\\admin\\premium-invest-8\\.cursor"
2026-01-18T05:14:40.081665Z  INFO get_files:scan_sources: tailwindcss_oxide::scanner: Discovering "C:\\Users\\admin\\premium-invest-8\\.cursor\\rules"
2026-01-18T05:14:40.081902Z  INFO get_files:scan_sources: tailwindcss_oxide::scanner: Discovering "C:\\Users\\admin\\premium-invest-8\\.github"
2026-01-18T05:14:40.082087Z  INFO get_files:scan_sources: tailwindcss_oxide::scanner: Discovering "C:\\Users\\admin\\premium-invest-8\\.safety-backups"
2026-01-18T05:14:40.082160Z  INFO get_files:scan_sources: tailwindcss_oxide::scanner: Discovering "C:\\Users\\admin\\premium-invest-8\\.safety-backups\\chat"
2026-01-18T05:14:40.082235Z  INFO get_files:scan_sources: tailwindcss_oxide::scanner: Discovering "C:\\Users\\admin\\premium-invest-8\\.safety-backups\\chat\\20251230-214526"
2026-01-18T05:14:40.082312Z  INFO get_files:scan_sources: tailwindcss_oxide::scanner: Discovering "C:\\Users\\admin\\premium-invest-8\\.safety-backups\\chat\\20251230-214526\\app"
2026-01-18T05:14:40.082386Z  INFO get_files:scan_sources: tailwindcss_oxide::scanner: Discovering "C:\\Users\\admin\\premium-invest-8\\.safety-backups\\chat\\20251230-214526\\app\\api"
2026-01-18T05:14:40.082459Z  INFO get_files:scan_sources: tailwindcss_oxide::scanner: Discovering "C:\\Users\\admin\\premium-invest-8\\.safety-backups\\chat\\20251230-214526\\app\\api\\admin"
2026-01-18T05:14:40.082532Z  INFO get_files:scan_sources: tailwindcss_oxide::scanner: Discovering "C:\\Users\\admin\\premium-invest-8\\.safety-backups\\chat\\20251230-214526\\app\\api\\admin\\summary"
2026-01-18T05:14:40.082642Z  INFO get_files:scan_sources: tailwindcss_oxide::scanner: Discovering "C:\\Users\\admin\\premium-invest-8\\.safety-backups\\chat\\20251230-214526\\app\\api\\events"
2026-01-18T05:14:40.082736Z  INFO get_files:scan_sources: tailwindcss_oxide::scanner: Discovering "C:\\Users\\admin\\premium-invest-8\\.safety-backups\\chat\\20251230-214526\\app\\api\\health"
2026-01-18T05:14:40.082844Z  INFO get_files:scan_sources: tailwindcss_oxide::scanner: Discovering "C:\\Users\\admin\\premium-invest-8\\.safety-backups\\chat\\20251230-214526\\components"
2026-01-18T05:14:40.083014Z  INFO get_files:scan_sources: tailwindcss_oxide::scanner: Discovering "C:\\Users\\admin\\premium-invest-8\\.swc"
2026-01-18T05:14:40.083082Z  INFO get_files:scan_sources: tailwindcss_oxide::scanner: Discovering "C:\\Users\\admin\\premium-invest-8\\.swc\\plugins"
2026-01-18T05:14:40.083154Z  INFO get_files:scan_sources: tailwindcss_oxide::scanner: Discovering "C:\\Users\\admin\\premium-invest-8\\.swc\\plugins\\v7_windows_x86_64_4.0.0"
2026-01-18T05:14:40.083391Z  INFO get_files:scan_sources: tailwindcss_oxide::scanner: Discovering "C:\\Users\\admin\\premium-invest-8\\.tools"
2026-01-18T05:14:40.083465Z  INFO get_files:scan_sources: tailwindcss_oxide::scanner: Discovering "C:\\Users\\admin\\premium-invest-8\\.tools\\ffmpeg"
2026-01-18T05:14:40.083533Z  INFO get_files:scan_sources: tailwindcss_oxide::scanner: Discovering "C:\\Users\\admin\\premium-invest-8\\.tools\\ffmpeg\\bin"
2026-01-18T05:14:40.083624Z  INFO get_files:scan_sources: tailwindcss_oxide::scanner: Discovering "C:\\Users\\admin\\premium-invest-8\\.tools\\ffmpeg_extract"
2026-01-18T05:14:40.083865Z  INFO get_files:scan_sources: tailwindcss_oxide::scanner: Discovering "C:\\Users\\admin\\premium-invest-8\\.vscode"
2026-01-18T05:14:40.084045Z  INFO get_files:scan_sources: tailwindcss_oxide::scanner: Discovering "C:\\Users\\admin\\premium-invest-8\\app"
2026-01-18T05:14:40.084122Z  INFO get_files:scan_sources: tailwindcss_oxide::scanner: Discovering "C:\\Users\\admin\\premium-invest-8\\app\\(public)"
2026-01-18T05:14:40.084191Z  INFO get_files:scan_sources: tailwindcss_oxide::scanner: Discovering "C:\\Users\\admin\\premium-invest-8\\app\\(public)\\archive"
2026-01-18T05:14:40.084293Z  INFO get_files:scan_sources: tailwindcss_oxide::scanner: Discovering "C:\\Users\\admin\\premium-invest-8\\app\\(public)\\blueprint"
2026-01-18T05:14:40.084393Z  INFO get_files:scan_sources: tailwindcss_oxide::scanner: Discovering "C:\\Users\\admin\\premium-invest-8\\app\\(public)\\live-intelligence-hero"
2026-01-18T05:14:40.084464Z  INFO get_files:scan_sources: tailwindcss_oxide::scanner: Discovering "C:\\Users\\admin\\premium-invest-8\\app\\(public)\\live-intelligence-hero\\components"
2026-01-18T05:14:40.084576Z  INFO get_files:scan_sources: tailwindcss_oxide::scanner: Discovering "C:\\Users\\admin\\premium-invest-8\\app\\about"
2026-01-18T05:14:40.084674Z  INFO get_files:scan_sources: tailwindcss_oxide::scanner: Discovering "C:\\Users\\admin\\premium-invest-8\\app\\about-us"
2026-01-18T05:14:40.084772Z  INFO get_files:scan_sources: tailwindcss_oxide::scanner: Discovering "C:\\Users\\admin\\premium-invest-8\\app\\admin-secret-akash"
2026-01-18T05:14:40.084886Z  INFO get_files:scan_sources: tailwindcss_oxide::scanner: Discovering "C:\\Users\\admin\\premium-invest-8\\app\\admin-secret-xyz"
2026-01-18T05:14:40.084976Z  INFO get_files:scan_sources: tailwindcss_oxide::scanner: Discovering "C:\\Users\\admin\\premium-invest-8\\app\\api"
2026-01-18T05:14:40.085050Z  INFO get_files:scan_sources: tailwindcss_oxide::scanner: Discovering "C:\\Users\\admin\\premium-invest-8\\app\\api\\admin"
2026-01-18T05:14:40.085123Z  INFO get_files:scan_sources: tailwindcss_oxide::scanner: Discovering "C:\\Users\\admin\\premium-invest-8\\app\\api\\admin\\affiliate-convert"
2026-01-18T05:14:40.085213Z  INFO get_files:scan_sources: tailwindcss_oxide::scanner: Discovering "C:\\Users\\admin\\premium-invest-8\\app\\api\\admin\\affiliate-fail"
2026-01-18T05:14:40.085300Z  INFO get_files:scan_sources: tailwindcss_oxide::scanner: Discovering "C:\\Users\\admin\\premium-invest-8\\app\\api\\admin\\affiliate-stats"
2026-01-18T05:14:40.085385Z  INFO get_files:scan_sources: tailwindcss_oxide::scanner: Discovering "C:\\Users\\admin\\premium-invest-8\\app\\api\\admin\\affiliate-update"
2026-01-18T05:14:40.085471Z  INFO get_files:scan_sources: tailwindcss_oxide::scanner: Discovering "C:\\Users\\admin\\premium-invest-8\\app\\api\\admin\\aio-tracker"
2026-01-18T05:14:40.085554Z  INFO get_files:scan_sources: tailwindcss_oxide::scanner: Discovering "C:\\Users\\admin\\premium-invest-8\\app\\api\\admin\\analytics"
2026-01-18T05:14:40.085640Z  INFO get_files:scan_sources: tailwindcss_oxide::scanner: Discovering "C:\\Users\\admin\\premium-invest-8\\app\\api\\admin\\daily-metrics"
2026-01-18T05:14:40.085730Z  INFO get_files:scan_sources: tailwindcss_oxide::scanner: Discovering "C:\\Users\\admin\\premium-invest-8\\app\\api\\admin\\deliverables"
2026-01-18T05:14:40.085803Z  INFO get_files:scan_sources: tailwindcss_oxide::scanner: Discovering "C:\\Users\\admin\\premium-invest-8\\app\\api\\admin\\deliverables\\email"
2026-01-18T05:14:40.085894Z  INFO get_files:scan_sources: tailwindcss_oxide::scanner: Discovering "C:\\Users\\admin\\premium-invest-8\\app\\api\\admin\\deliverables\\pdf"
2026-01-18T05:14:40.085988Z  INFO get_files:scan_sources: tailwindcss_oxide::scanner: Discovering "C:\\Users\\admin\\premium-invest-8\\app\\api\\admin\\deliverables\\preview"
2026-01-18T05:14:40.086057Z  INFO get_files:scan_sources: tailwindcss_oxide::scanner: Discovering "C:\\Users\\admin\\premium-invest-8\\app\\api\\admin\\deliverables\\preview\\email"
2026-01-18T05:14:40.086148Z  INFO get_files:scan_sources: tailwindcss_oxide::scanner: Discovering "C:\\Users\\admin\\premium-invest-8\\app\\api\\admin\\deliverables\\preview\\pdf"
2026-01-18T05:14:40.086268Z  INFO get_files:scan_sources: tailwindcss_oxide::scanner: Discovering "C:\\Users\\admin\\premium-invest-8\\app\\api\\admin\\email-preferences"
2026-01-18T05:14:40.086358Z  INFO get_files:scan_sources: tailwindcss_oxide::scanner: Discovering "C:\\Users\\admin\\premium-invest-8\\app\\api\\admin\\export"
2026-01-18T05:14:40.086447Z  INFO get_files:scan_sources: tailwindcss_oxide::scanner: Discovering "C:\\Users\\admin\\premium-invest-8\\app\\api\\admin\\family"
2026-01-18T05:14:40.086520Z  INFO get_files:scan_sources: tailwindcss_oxide::scanner: Discovering "C:\\Users\\admin\\premium-invest-8\\app\\api\\admin\\family\\login"
2026-01-18T05:14:40.086622Z  INFO get_files:scan_sources: tailwindcss_oxide::scanner: Discovering "C:\\Users\\admin\\premium-invest-8\\app\\api\\admin\\family\\logout"
2026-01-18T05:14:40.086723Z  INFO get_files:scan_sources: tailwindcss_oxide::scanner: Discovering "C:\\Users\\admin\\premium-invest-8\\app\\api\\admin\\family-stats"
2026-01-18T05:14:40.086813Z  INFO get_files:scan_sources: tailwindcss_oxide::scanner: Discovering "C:\\Users\\admin\\premium-invest-8\\app\\api\\admin\\headlines"
2026-01-18T05:14:40.086902Z  INFO get_files:scan_sources: tailwindcss_oxide::scanner: Discovering "C:\\Users\\admin\\premium-invest-8\\app\\api\\admin\\leads"
2026-01-18T05:14:40.086993Z  INFO get_files:scan_sources: tailwindcss_oxide::scanner: Discovering "C:\\Users\\admin\\premium-invest-8\\app\\api\\admin\\live-intelligence"
2026-01-18T05:14:40.087081Z  INFO get_files:scan_sources: tailwindcss_oxide::scanner: Discovering "C:\\Users\\admin\\premium-invest-8\\app\\api\\admin\\login"
2026-01-18T05:14:40.087171Z  INFO get_files:scan_sources: tailwindcss_oxide::scanner: Discovering "C:\\Users\\admin\\premium-invest-8\\app\\api\\admin\\logout"
2026-01-18T05:14:40.087261Z  INFO get_files:scan_sources: tailwindcss_oxide::scanner: Discovering "C:\\Users\\admin\\premium-invest-8\\app\\api\\admin\\revenue"
2026-01-18T05:14:40.087364Z  INFO get_files:scan_sources: tailwindcss_oxide::scanner: Discovering "C:\\Users\\admin\\premium-invest-8\\app\\api\\admin\\strategy"
2026-01-18T05:14:40.087456Z  INFO get_files:scan_sources: tailwindcss_oxide::scanner: Discovering "C:\\Users\\admin\\premium-invest-8\\app\\api\\admin\\summary"
2026-01-18T05:14:40.087544Z  INFO get_files:scan_sources: tailwindcss_oxide::scanner: Discovering "C:\\Users\\admin\\premium-invest-8\\app\\api\\admin\\test-email"
2026-01-18T05:14:40.087634Z  INFO get_files:scan_sources: tailwindcss_oxide::scanner: Discovering "C:\\Users\\admin\\premium-invest-8\\app\\api\\admin\\test-property-vs-sip-emails"
2026-01-18T05:14:40.087727Z  INFO get_files:scan_sources: tailwindcss_oxide::scanner: Discovering "C:\\Users\\admin\\premium-invest-8\\app\\api\\admin\\verify"
2026-01-18T05:14:40.087823Z  INFO get_files:scan_sources: tailwindcss_oxide::scanner: Discovering "C:\\Users\\admin\\premium-invest-8\\app\\api\\affiliate"
2026-01-18T05:14:40.087893Z  INFO get_files:scan_sources: tailwindcss_oxide::scanner: Discovering "C:\\Users\\admin\\premium-invest-8\\app\\api\\affiliate\\click"
2026-01-18T05:14:40.087989Z  INFO get_files:scan_sources: tailwindcss_oxide::scanner: Discovering "C:\\Users\\admin\\premium-invest-8\\app\\api\\ai"
2026-01-18T05:14:40.088060Z  INFO get_files:scan_sources: tailwindcss_oxide::scanner: Discovering "C:\\Users\\admin\\premium-invest-8\\app\\api\\ai\\generate-summary"
2026-01-18T05:14:40.088159Z  INFO get_files:scan_sources: tailwindcss_oxide::scanner: Discovering "C:\\Users\\admin\\premium-invest-8\\app\\api\\analytics"
2026-01-18T05:14:40.088231Z  INFO get_files:scan_sources: tailwindcss_oxide::scanner: Discovering "C:\\Users\\admin\\premium-invest-8\\app\\api\\analytics\\live-intelligence"
2026-01-18T05:14:40.088329Z  INFO get_files:scan_sources: tailwindcss_oxide::scanner: Discovering "C:\\Users\\admin\\premium-invest-8\\app\\api\\blog"
2026-01-18T05:14:40.088418Z  INFO get_files:scan_sources: tailwindcss_oxide::scanner: Discovering "C:\\Users\\admin\\premium-invest-8\\app\\api\\bmwealth"
2026-01-18T05:14:40.088507Z  INFO get_files:scan_sources: tailwindcss_oxide::scanner: Discovering "C:\\Users\\admin\\premium-invest-8\\app\\api\\breaking-news"
2026-01-18T05:14:40.088597Z  INFO get_files:scan_sources: tailwindcss_oxide::scanner: Discovering "C:\\Users\\admin\\premium-invest-8\\app\\api\\chat"
2026-01-18T05:14:40.088686Z  INFO get_files:scan_sources: tailwindcss_oxide::scanner: Discovering "C:\\Users\\admin\\premium-invest-8\\app\\api\\contact"
2026-01-18T05:14:40.088781Z  INFO get_files:scan_sources: tailwindcss_oxide::scanner: Discovering "C:\\Users\\admin\\premium-invest-8\\app\\api\\cron"
2026-01-18T05:14:40.088854Z  INFO get_files:scan_sources: tailwindcss_oxide::scanner: Discovering "C:\\Users\\admin\\premium-invest-8\\app\\api\\cron\\check-expiry"
2026-01-18T05:14:40.088946Z  INFO get_files:scan_sources: tailwindcss_oxide::scanner: Discovering "C:\\Users\\admin\\premium-invest-8\\app\\api\\cron\\daily-summary"
2026-01-18T05:14:40.089034Z  INFO get_files:scan_sources: tailwindcss_oxide::scanner: Discovering "C:\\Users\\admin\\premium-invest-8\\app\\api\\cron\\headlines"
2026-01-18T05:14:40.089127Z  INFO get_files:scan_sources: tailwindcss_oxide::scanner: Discovering "C:\\Users\\admin\\premium-invest-8\\app\\api\\cron\\weekly-summary"
2026-01-18T05:14:40.089217Z  INFO get_files:scan_sources: tailwindcss_oxide::scanner: Discovering "C:\\Users\\admin\\premium-invest-8\\app\\api\\cron\\whatsapp-followups"
2026-01-18T05:14:40.089310Z  INFO get_files:scan_sources: tailwindcss_oxide::scanner: Discovering "C:\\Users\\admin\\premium-invest-8\\app\\api\\email"
2026-01-18T05:14:40.089379Z  INFO get_files:scan_sources: tailwindcss_oxide::scanner: Discovering "C:\\Users\\admin\\premium-invest-8\\app\\api\\email\\click"
2026-01-18T05:14:40.089468Z  INFO get_files:scan_sources: tailwindcss_oxide::scanner: Discovering "C:\\Users\\admin\\premium-invest-8\\app\\api\\email\\open"
2026-01-18T05:14:40.089565Z  INFO get_files:scan_sources: tailwindcss_oxide::scanner: Discovering "C:\\Users\\admin\\premium-invest-8\\app\\api\\events"
2026-01-18T05:14:40.089656Z  INFO get_files:scan_sources: tailwindcss_oxide::scanner: Discovering "C:\\Users\\admin\\premium-invest-8\\app\\api\\generate-pdf"
2026-01-18T05:14:40.089746Z  INFO get_files:scan_sources: tailwindcss_oxide::scanner: Discovering "C:\\Users\\admin\\premium-invest-8\\app\\api\\health"
2026-01-18T05:14:40.089835Z  INFO get_files:scan_sources: tailwindcss_oxide::scanner: Discovering "C:\\Users\\admin\\premium-invest-8\\app\\api\\leads"
2026-01-18T05:14:40.089907Z  INFO get_files:scan_sources: tailwindcss_oxide::scanner: Discovering "C:\\Users\\admin\\premium-invest-8\\app\\api\\leads\\capture"
2026-01-18T05:14:40.090020Z  INFO get_files:scan_sources: tailwindcss_oxide::scanner: Discovering "C:\\Users\\admin\\premium-invest-8\\app\\api\\live-intelligence"
2026-01-18T05:14:40.090094Z  INFO get_files:scan_sources: tailwindcss_oxide::scanner: Discovering "C:\\Users\\admin\\premium-invest-8\\app\\api\\live-intelligence\\archive"
2026-01-18T05:14:40.090184Z  INFO get_files:scan_sources: tailwindcss_oxide::scanner: Discovering "C:\\Users\\admin\\premium-invest-8\\app\\api\\live-intelligence\\explain"
2026-01-18T05:14:40.090274Z  INFO get_files:scan_sources: tailwindcss_oxide::scanner: Discovering "C:\\Users\\admin\\premium-invest-8\\app\\api\\live-intelligence\\feed"
2026-01-18T05:14:40.090384Z  INFO get_files:scan_sources: tailwindcss_oxide::scanner: Discovering "C:\\Users\\admin\\premium-invest-8\\app\\api\\live-intelligence\\ingest"
2026-01-18T05:14:40.090474Z  INFO get_files:scan_sources: tailwindcss_oxide::scanner: Discovering "C:\\Users\\admin\\premium-invest-8\\app\\api\\live-intelligence\\mood"
2026-01-18T05:14:40.090566Z  INFO get_files:scan_sources: tailwindcss_oxide::scanner: Discovering "C:\\Users\\admin\\premium-invest-8\\app\\api\\live-intelligence\\night-summary"
2026-01-18T05:14:40.090658Z  INFO get_files:scan_sources: tailwindcss_oxide::scanner: Discovering "C:\\Users\\admin\\premium-invest-8\\app\\api\\live-intelligence\\process"
2026-01-18T05:14:40.090747Z  INFO get_files:scan_sources: tailwindcss_oxide::scanner: Discovering "C:\\Users\\admin\\premium-invest-8\\app\\api\\live-intelligence\\status"
2026-01-18T05:14:40.090844Z  INFO get_files:scan_sources: tailwindcss_oxide::scanner: Discovering "C:\\Users\\admin\\premium-invest-8\\app\\api\\market-data"
2026-01-18T05:14:40.090939Z  INFO get_files:scan_sources: tailwindcss_oxide::scanner: Discovering "C:\\Users\\admin\\premium-invest-8\\app\\api\\newsletter"
2026-01-18T05:14:40.091010Z  INFO get_files:scan_sources: tailwindcss_oxide::scanner: Discovering "C:\\Users\\admin\\premium-invest-8\\app\\api\\newsletter\\subscribe"
2026-01-18T05:14:40.091108Z  INFO get_files:scan_sources: tailwindcss_oxide::scanner: Discovering "C:\\Users\\admin\\premium-invest-8\\app\\api\\payments"
2026-01-18T05:14:40.091180Z  INFO get_files:scan_sources: tailwindcss_oxide::scanner: Discovering "C:\\Users\\admin\\premium-invest-8\\app\\api\\payments\\cashfree"
2026-01-18T05:14:40.091254Z  INFO get_files:scan_sources: tailwindcss_oxide::scanner: Discovering "C:\\Users\\admin\\premium-invest-8\\app\\api\\payments\\cashfree\\create-order"
2026-01-18T05:14:40.091359Z  INFO get_files:scan_sources: tailwindcss_oxide::scanner: Discovering "C:\\Users\\admin\\premium-invest-8\\app\\api\\pdf"
2026-01-18T05:14:40.091431Z  INFO get_files:scan_sources: tailwindcss_oxide::scanner: Discovering "C:\\Users\\admin\\premium-invest-8\\app\\api\\pdf\\generate"
2026-01-18T05:14:40.091518Z  INFO get_files:scan_sources: tailwindcss_oxide::scanner: Discovering "C:\\Users\\admin\\premium-invest-8\\app\\api\\pdf\\service"
2026-01-18T05:14:40.091614Z  INFO get_files:scan_sources: tailwindcss_oxide::scanner: Discovering "C:\\Users\\admin\\premium-invest-8\\app\\api\\property-vs-sip"
2026-01-18T05:14:40.091682Z  INFO get_files:scan_sources: tailwindcss_oxide::scanner: Discovering "C:\\Users\\admin\\premium-invest-8\\app\\api\\property-vs-sip\\email-summary"
2026-01-18T05:14:40.091775Z  INFO get_files:scan_sources: tailwindcss_oxide::scanner: Discovering "C:\\Users\\admin\\premium-invest-8\\app\\api\\razorpay"
2026-01-18T05:14:40.091847Z  INFO get_files:scan_sources: tailwindcss_oxide::scanner: Discovering "C:\\Users\\admin\\premium-invest-8\\app\\api\\razorpay\\create-order"
2026-01-18T05:14:40.091937Z  INFO get_files:scan_sources: tailwindcss_oxide::scanner: Discovering "C:\\Users\\admin\\premium-invest-8\\app\\api\\razorpay\\verify"
2026-01-18T05:14:40.092031Z  INFO get_files:scan_sources: tailwindcss_oxide::scanner: Discovering "C:\\Users\\admin\\premium-invest-8\\app\\api\\rss-proxy"
2026-01-18T05:14:40.092133Z  INFO get_files:scan_sources: tailwindcss_oxide::scanner: Discovering "C:\\Users\\admin\\premium-invest-8\\app\\api\\tools"
2026-01-18T05:14:40.092203Z  INFO get_files:scan_sources: tailwindcss_oxide::scanner: Discovering "C:\\Users\\admin\\premium-invest-8\\app\\api\\tools\\aio"
2026-01-18T05:14:40.092272Z  INFO get_files:scan_sources: tailwindcss_oxide::scanner: Discovering "C:\\Users\\admin\\premium-invest-8\\app\\api\\tools\\aio\\email"
2026-01-18T05:14:40.092379Z  INFO get_files:scan_sources: tailwindcss_oxide::scanner: Discovering "C:\\Users\\admin\\premium-invest-8\\app\\api\\track"
2026-01-18T05:14:40.092469Z  INFO get_files:scan_sources: tailwindcss_oxide::scanner: Discovering "C:\\Users\\admin\\premium-invest-8\\app\\api\\whatsapp"
2026-01-18T05:14:40.092539Z  INFO get_files:scan_sources: tailwindcss_oxide::scanner: Discovering "C:\\Users\\admin\\premium-invest-8\\app\\api\\whatsapp\\opt-in"
2026-01-18T05:14:40.092627Z  INFO get_files:scan_sources: tailwindcss_oxide::scanner: Discovering "C:\\Users\\admin\\premium-invest-8\\app\\api\\whatsapp\\webhook"
2026-01-18T05:14:40.092738Z  INFO get_files:scan_sources: tailwindcss_oxide::scanner: Discovering "C:\\Users\\admin\\premium-invest-8\\app\\blog"
2026-01-18T05:14:40.092844Z  INFO get_files:scan_sources: tailwindcss_oxide::scanner: Discovering "C:\\Users\\admin\\premium-invest-8\\app\\blog\\[slug]"
2026-01-18T05:14:40.092966Z  INFO get_files:scan_sources: tailwindcss_oxide::scanner: Discovering "C:\\Users\\admin\\premium-invest-8\\app\\careers"
2026-01-18T05:14:40.093078Z  INFO get_files:scan_sources: tailwindcss_oxide::scanner: Discovering "C:\\Users\\admin\\premium-invest-8\\app\\client-portal"
2026-01-18T05:14:40.093176Z  INFO get_files:scan_sources: tailwindcss_oxide::scanner: Discovering "C:\\Users\\admin\\premium-invest-8\\app\\compliance"
2026-01-18T05:14:40.093286Z  INFO get_files:scan_sources: tailwindcss_oxide::scanner: Discovering "C:\\Users\\admin\\premium-invest-8\\app\\contact"
2026-01-18T05:14:40.093388Z  INFO get_files:scan_sources: tailwindcss_oxide::scanner: Discovering "C:\\Users\\admin\\premium-invest-8\\app\\curated-partners"
2026-01-18T05:14:40.093491Z  INFO get_files:scan_sources: tailwindcss_oxide::scanner: Discovering "C:\\Users\\admin\\premium-invest-8\\app\\dashboard"
2026-01-18T05:14:40.093588Z  INFO get_files:scan_sources: tailwindcss_oxide::scanner: Discovering "C:\\Users\\admin\\premium-invest-8\\app\\disclaimer"
2026-01-18T05:14:40.093701Z  INFO get_files:scan_sources: tailwindcss_oxide::scanner: Discovering "C:\\Users\\admin\\premium-invest-8\\app\\fixed-deposits"
2026-01-18T05:14:40.093851Z  INFO get_files:scan_sources: tailwindcss_oxide::scanner: Discovering "C:\\Users\\admin\\premium-invest-8\\app\\insurance"
2026-01-18T05:14:40.094002Z  INFO get_files:scan_sources: tailwindcss_oxide::scanner: Discovering "C:\\Users\\admin\\premium-invest-8\\app\\legal-disclosures"
2026-01-18T05:14:40.094092Z  INFO get_files:scan_sources: tailwindcss_oxide::scanner: Discovering "C:\\Users\\admin\\premium-invest-8\\app\\live-intelligence"
2026-01-18T05:14:40.094185Z  INFO get_files:scan_sources: tailwindcss_oxide::scanner: Discovering "C:\\Users\\admin\\premium-invest-8\\app\\login"
2026-01-18T05:14:40.094293Z  INFO get_files:scan_sources: tailwindcss_oxide::scanner: Discovering "C:\\Users\\admin\\premium-invest-8\\app\\mutual-funds"
2026-01-18T05:14:40.094403Z  INFO get_files:scan_sources: tailwindcss_oxide::scanner: Discovering "C:\\Users\\admin\\premium-invest-8\\app\\payment-failed"
2026-01-18T05:14:40.094501Z  INFO get_files:scan_sources: tailwindcss_oxide::scanner: Discovering "C:\\Users\\admin\\premium-invest-8\\app\\payment-success"
2026-01-18T05:14:40.094600Z  INFO get_files:scan_sources: tailwindcss_oxide::scanner: Discovering "C:\\Users\\admin\\premium-invest-8\\app\\platforms"
2026-01-18T05:14:40.094707Z  INFO get_files:scan_sources: tailwindcss_oxide::scanner: Discovering "C:\\Users\\admin\\premium-invest-8\\app\\portfolio-management"
2026-01-18T05:14:40.094810Z  INFO get_files:scan_sources: tailwindcss_oxide::scanner: Discovering "C:\\Users\\admin\\premium-invest-8\\app\\privacy"
2026-01-18T05:14:40.094917Z  INFO get_files:scan_sources: tailwindcss_oxide::scanner: Discovering "C:\\Users\\admin\\premium-invest-8\\app\\privacy-policy"
2026-01-18T05:14:40.095014Z  INFO get_files:scan_sources: tailwindcss_oxide::scanner: Discovering "C:\\Users\\admin\\premium-invest-8\\app\\products"
2026-01-18T05:14:40.095109Z  INFO get_files:scan_sources: tailwindcss_oxide::scanner: Discovering "C:\\Users\\admin\\premium-invest-8\\app\\refund"
2026-01-18T05:14:40.095217Z  INFO get_files:scan_sources: tailwindcss_oxide::scanner: Discovering "C:\\Users\\admin\\premium-invest-8\\app\\refund-policy"
2026-01-18T05:14:40.095319Z  INFO get_files:scan_sources: tailwindcss_oxide::scanner: Discovering "C:\\Users\\admin\\premium-invest-8\\app\\regulatory-compliance"
2026-01-18T05:14:40.095427Z  INFO get_files:scan_sources: tailwindcss_oxide::scanner: Discovering "C:\\Users\\admin\\premium-invest-8\\app\\services"
2026-01-18T05:14:40.095546Z  INFO get_files:scan_sources: tailwindcss_oxide::scanner: Discovering "C:\\Users\\admin\\premium-invest-8\\app\\sip"
2026-01-18T05:14:40.095653Z  INFO get_files:scan_sources: tailwindcss_oxide::scanner: Discovering "C:\\Users\\admin\\premium-invest-8\\app\\sip-calculator"
2026-01-18T05:14:40.095753Z  INFO get_files:scan_sources: tailwindcss_oxide::scanner: Discovering "C:\\Users\\admin\\premium-invest-8\\app\\sitemap"
2026-01-18T05:14:40.095851Z  INFO get_files:scan_sources: tailwindcss_oxide::scanner: Discovering "C:\\Users\\admin\\premium-invest-8\\app\\sitemap-page"
2026-01-18T05:14:40.095971Z  INFO get_files:scan_sources: tailwindcss_oxide::scanner: Discovering "C:\\Users\\admin\\premium-invest-8\\app\\tax-leak-detector"
2026-01-18T05:14:40.096061Z  INFO get_files:scan_sources: tailwindcss_oxide::scanner: Discovering "C:\\Users\\admin\\premium-invest-8\\app\\terms"
2026-01-18T05:14:40.096165Z  INFO get_files:scan_sources: tailwindcss_oxide::scanner: Discovering "C:\\Users\\admin\\premium-invest-8\\app\\terms-and-conditions"
2026-01-18T05:14:40.096256Z  INFO get_files:scan_sources: tailwindcss_oxide::scanner: Discovering "C:\\Users\\admin\\premium-invest-8\\app\\tools"
2026-01-18T05:14:40.096333Z  INFO get_files:scan_sources: tailwindcss_oxide::scanner: Discovering "C:\\Users\\admin\\premium-invest-8\\app\\tools\\all-calculators"
2026-01-18T05:14:40.096422Z  INFO get_files:scan_sources: tailwindcss_oxide::scanner: Discovering "C:\\Users\\admin\\premium-invest-8\\app\\tools\\calc-share"
2026-01-18T05:14:40.096515Z  INFO get_files:scan_sources: tailwindcss_oxide::scanner: Discovering "C:\\Users\\admin\\premium-invest-8\\app\\tools\\insurance-value"
2026-01-18T05:14:40.096602Z  INFO get_files:scan_sources: tailwindcss_oxide::scanner: Discovering "C:\\Users\\admin\\premium-invest-8\\app\\tools\\itr-filing-help"
2026-01-18T05:14:40.096688Z  INFO get_files:scan_sources: tailwindcss_oxide::scanner: Discovering "C:\\Users\\admin\\premium-invest-8\\app\\tools\\lumpsum-planner"
2026-01-18T05:14:40.096787Z  INFO get_files:scan_sources: tailwindcss_oxide::scanner: Discovering "C:\\Users\\admin\\premium-invest-8\\app\\tools\\property-vs-sip"
2026-01-18T05:14:40.096875Z  INFO get_files:scan_sources: tailwindcss_oxide::scanner: Discovering "C:\\Users\\admin\\premium-invest-8\\app\\tools\\retirement-gap"
2026-01-18T05:14:40.096963Z  INFO get_files:scan_sources: tailwindcss_oxide::scanner: Discovering "C:\\Users\\admin\\premium-invest-8\\app\\tools\\tax-leak-detector"
2026-01-18T05:14:40.097049Z  INFO get_files:scan_sources: tailwindcss_oxide::scanner: Discovering "C:\\Users\\admin\\premium-invest-8\\app\\tools\\tax-optimization"
2026-01-18T05:14:40.097144Z  INFO get_files:scan_sources: tailwindcss_oxide::scanner: Discovering "C:\\Users\\admin\\premium-invest-8\\app\\track"
2026-01-18T05:14:40.097217Z  INFO get_files:scan_sources: tailwindcss_oxide::scanner: Discovering "C:\\Users\\admin\\premium-invest-8\\app\\track\\[platform]"
2026-01-18T05:14:40.097319Z  INFO get_files:scan_sources: tailwindcss_oxide::scanner: Discovering "C:\\Users\\admin\\premium-invest-8\\app\\trading-services"
2026-01-18T05:14:40.097427Z  INFO get_files:scan_sources: tailwindcss_oxide::scanner: Discovering "C:\\Users\\admin\\premium-invest-8\\app\\v0-test"
2026-01-18T05:14:40.097531Z  INFO get_files:scan_sources: tailwindcss_oxide::scanner: Discovering "C:\\Users\\admin\\premium-invest-8\\backend"
2026-01-18T05:14:40.097642Z  INFO get_files:scan_sources: tailwindcss_oxide::scanner: Discovering "C:\\Users\\admin\\premium-invest-8\\backup"
2026-01-18T05:14:40.097726Z  INFO get_files:scan_sources: tailwindcss_oxide::scanner: Discovering "C:\\Users\\admin\\premium-invest-8\\backup\\live-intelligence-2026-01-13"
2026-01-18T05:14:40.097832Z  INFO get_files:scan_sources: tailwindcss_oxide::scanner: Discovering "C:\\Users\\admin\\premium-invest-8\\backup\\live-intelligence-2026-01-13\\components"
2026-01-18T05:14:40.098096Z  INFO get_files:scan_sources: tailwindcss_oxide::scanner: Discovering "C:\\Users\\admin\\premium-invest-8\\backup\\live-intelligence-locked-2026-01-15"
2026-01-18T05:14:40.098428Z  INFO get_files:scan_sources: tailwindcss_oxide::scanner: Discovering "C:\\Users\\admin\\premium-invest-8\\components"
2026-01-18T05:14:40.098511Z  INFO get_files:scan_sources: tailwindcss_oxide::scanner: Discovering "C:\\Users\\admin\\premium-invest-8\\components\\admin"
2026-01-18T05:14:40.098768Z  INFO get_files:scan_sources: tailwindcss_oxide::scanner: Discovering "C:\\Users\\admin\\premium-invest-8\\components\\analytics"
2026-01-18T05:14:40.098891Z  INFO get_files:scan_sources: tailwindcss_oxide::scanner: Discovering "C:\\Users\\admin\\premium-invest-8\\components\\calculators"
2026-01-18T05:14:40.099222Z  INFO get_files:scan_sources: tailwindcss_oxide::scanner: Discovering "C:\\Users\\admin\\premium-invest-8\\components\\home"
2026-01-18T05:14:40.099381Z  INFO get_files:scan_sources: tailwindcss_oxide::scanner: Discovering "C:\\Users\\admin\\premium-invest-8\\components\\live-intelligence"
2026-01-18T05:14:40.099672Z  INFO get_files:scan_sources: tailwindcss_oxide::scanner: Discovering "C:\\Users\\admin\\premium-invest-8\\components\\shared"
2026-01-18T05:14:40.100050Z  INFO get_files:scan_sources: tailwindcss_oxide::scanner: Discovering "C:\\Users\\admin\\premium-invest-8\\components\\tools"
2026-01-18T05:14:40.100162Z  INFO get_files:scan_sources: tailwindcss_oxide::scanner: Discovering "C:\\Users\\admin\\premium-invest-8\\components\\ui"
2026-01-18T05:14:40.100826Z  INFO get_files:scan_sources: tailwindcss_oxide::scanner: Discovering "C:\\Users\\admin\\premium-invest-8\\components\\user"
2026-01-18T05:14:40.101218Z  INFO get_files:scan_sources: tailwindcss_oxide::scanner: Discovering "C:\\Users\\admin\\premium-invest-8\\config"
2026-01-18T05:14:40.101338Z  INFO get_files:scan_sources: tailwindcss_oxide::scanner: Discovering "C:\\Users\\admin\\premium-invest-8\\core"
2026-01-18T05:14:40.101414Z  INFO get_files:scan_sources: tailwindcss_oxide::scanner: Discovering "C:\\Users\\admin\\premium-invest-8\\core\\admin"
2026-01-18T05:14:40.101526Z  INFO get_files:scan_sources: tailwindcss_oxide::scanner: Discovering "C:\\Users\\admin\\premium-invest-8\\core\\chat"
2026-01-18T05:14:40.101659Z  INFO get_files:scan_sources: tailwindcss_oxide::scanner: Discovering "C:\\Users\\admin\\premium-invest-8\\core\\marketTicker"
2026-01-18T05:14:40.101814Z  INFO get_files:scan_sources: tailwindcss_oxide::scanner: Discovering "C:\\Users\\admin\\premium-invest-8\\data"
2026-01-18T05:14:40.101971Z  INFO get_files:scan_sources: tailwindcss_oxide::scanner: Discovering "C:\\Users\\admin\\premium-invest-8\\database_backup"
2026-01-18T05:14:40.102050Z  INFO get_files:scan_sources: tailwindcss_oxide::scanner: Discovering "C:\\Users\\admin\\premium-invest-8\\database_backup\\test_database"
2026-01-18T05:14:40.102313Z  INFO get_files:scan_sources: tailwindcss_oxide::scanner: Discovering "C:\\Users\\admin\\premium-invest-8\\docs"
2026-01-18T05:14:40.102495Z  INFO get_files:scan_sources: tailwindcss_oxide::scanner: Discovering "C:\\Users\\admin\\premium-invest-8\\docs\\design-references"
2026-01-18T05:14:40.102613Z  INFO get_files:scan_sources: tailwindcss_oxide::scanner: Discovering "C:\\Users\\admin\\premium-invest-8\\docs\\live-intelligence"
2026-01-18T05:14:40.102769Z  INFO get_files:scan_sources: tailwindcss_oxide::scanner: Discovering "C:\\Users\\admin\\premium-invest-8\\docs\\SCREENSHOTS"
2026-01-18T05:14:40.102968Z  INFO get_files:scan_sources: tailwindcss_oxide::scanner: Discovering "C:\\Users\\admin\\premium-invest-8\\features"
2026-01-18T05:14:40.103049Z  INFO get_files:scan_sources: tailwindcss_oxide::scanner: Discovering "C:\\Users\\admin\\premium-invest-8\\features\\plugins"
2026-01-18T05:14:40.103166Z  INFO get_files:scan_sources: tailwindcss_oxide::scanner: Discovering "C:\\Users\\admin\\premium-invest-8\\frontend"
2026-01-18T05:14:40.103559Z  INFO get_files:scan_sources: tailwindcss_oxide::scanner: Discovering "C:\\Users\\admin\\premium-invest-8\\frontend\\plugins"
2026-01-18T05:14:40.103632Z  INFO get_files:scan_sources: tailwindcss_oxide::scanner: Discovering "C:\\Users\\admin\\premium-invest-8\\frontend\\plugins\\health-check"
2026-01-18T05:14:40.103736Z  INFO get_files:scan_sources: tailwindcss_oxide::scanner: Discovering "C:\\Users\\admin\\premium-invest-8\\frontend\\plugins\\visual-edits"
2026-01-18T05:14:40.103869Z  INFO get_files:scan_sources: tailwindcss_oxide::scanner: Discovering "C:\\Users\\admin\\premium-invest-8\\frontend\\public"
2026-01-18T05:14:40.103963Z  INFO get_files:scan_sources: tailwindcss_oxide::scanner: Discovering "C:\\Users\\admin\\premium-invest-8\\frontend\\public\\blog-images"
2026-01-18T05:14:40.104053Z  INFO get_files:scan_sources: tailwindcss_oxide::scanner: Discovering "C:\\Users\\admin\\premium-invest-8\\frontend\\public\\fonts"
2026-01-18T05:14:40.104250Z  INFO get_files:scan_sources: tailwindcss_oxide::scanner: Discovering "C:\\Users\\admin\\premium-invest-8\\frontend\\scripts"
2026-01-18T05:14:40.104367Z  INFO get_files:scan_sources: tailwindcss_oxide::scanner: Discovering "C:\\Users\\admin\\premium-invest-8\\frontend\\src"
2026-01-18T05:14:40.104455Z  INFO get_files:scan_sources: tailwindcss_oxide::scanner: Discovering "C:\\Users\\admin\\premium-invest-8\\frontend\\src\\components"
2026-01-18T05:14:40.104669Z  INFO get_files:scan_sources: tailwindcss_oxide::scanner: Discovering "C:\\Users\\admin\\premium-invest-8\\frontend\\src\\components\\ui"
2026-01-18T05:14:40.105362Z  INFO get_files:scan_sources: tailwindcss_oxide::scanner: Discovering "C:\\Users\\admin\\premium-invest-8\\frontend\\src\\data"
2026-01-18T05:14:40.105465Z  INFO get_files:scan_sources: tailwindcss_oxide::scanner: Discovering "C:\\Users\\admin\\premium-invest-8\\frontend\\src\\hooks"
2026-01-18T05:14:40.105575Z  INFO get_files:scan_sources: tailwindcss_oxide::scanner: Discovering "C:\\Users\\admin\\premium-invest-8\\frontend\\src\\lib"
2026-01-18T05:14:40.105671Z  INFO get_files:scan_sources: tailwindcss_oxide::scanner: Discovering "C:\\Users\\admin\\premium-invest-8\\frontend\\src\\pages"
2026-01-18T05:14:40.106146Z  INFO get_files:scan_sources: tailwindcss_oxide::scanner: Discovering "C:\\Users\\admin\\premium-invest-8\\hooks"
2026-01-18T05:14:40.106304Z  INFO get_files:scan_sources: tailwindcss_oxide::scanner: Discovering "C:\\Users\\admin\\premium-invest-8\\lib"
2026-01-18T05:14:40.106390Z  INFO get_files:scan_sources: tailwindcss_oxide::scanner: Discovering "C:\\Users\\admin\\premium-invest-8\\lib\\affiliate"
2026-01-18T05:14:40.106481Z  INFO get_files:scan_sources: tailwindcss_oxide::scanner: Discovering "C:\\Users\\admin\\premium-invest-8\\lib\\ai"
2026-01-18T05:14:40.106655Z  INFO get_files:scan_sources: tailwindcss_oxide::scanner: Discovering "C:\\Users\\admin\\premium-invest-8\\lib\\auth"
2026-01-18T05:14:40.106792Z  INFO get_files:scan_sources: tailwindcss_oxide::scanner: Discovering "C:\\Users\\admin\\premium-invest-8\\lib\\cache"
2026-01-18T05:14:40.106881Z  INFO get_files:scan_sources: tailwindcss_oxide::scanner: Discovering "C:\\Users\\admin\\premium-invest-8\\lib\\db"
2026-01-18T05:14:40.107054Z  INFO get_files:scan_sources: tailwindcss_oxide::scanner: Discovering "C:\\Users\\admin\\premium-invest-8\\lib\\email"
2026-01-18T05:14:40.107205Z  INFO get_files:scan_sources: tailwindcss_oxide::scanner: Discovering "C:\\Users\\admin\\premium-invest-8\\lib\\hooks"
2026-01-18T05:14:40.107341Z  INFO get_files:scan_sources: tailwindcss_oxide::scanner: Discovering "C:\\Users\\admin\\premium-invest-8\\lib\\live-intelligence"
2026-01-18T05:14:40.107536Z  INFO get_files:scan_sources: tailwindcss_oxide::scanner: Discovering "C:\\Users\\admin\\premium-invest-8\\lib\\monitoring"
2026-01-18T05:14:40.107661Z  INFO get_files:scan_sources: tailwindcss_oxide::scanner: Discovering "C:\\Users\\admin\\premium-invest-8\\lib\\pdf"
2026-01-18T05:14:40.107804Z  INFO get_files:scan_sources: tailwindcss_oxide::scanner: Discovering "C:\\Users\\admin\\premium-invest-8\\lib\\pitching"
2026-01-18T05:14:40.107902Z  INFO get_files:scan_sources: tailwindcss_oxide::scanner: Discovering "C:\\Users\\admin\\premium-invest-8\\lib\\plugins"
2026-01-18T05:14:40.108010Z  INFO get_files:scan_sources: tailwindcss_oxide::scanner: Discovering "C:\\Users\\admin\\premium-invest-8\\lib\\seo"
2026-01-18T05:14:40.108117Z  INFO get_files:scan_sources: tailwindcss_oxide::scanner: Discovering "C:\\Users\\admin\\premium-invest-8\\lib\\templates"
2026-01-18T05:14:40.108203Z  INFO get_files:scan_sources: tailwindcss_oxide::scanner: Discovering "C:\\Users\\admin\\premium-invest-8\\lib\\ui"
2026-01-18T05:14:40.108311Z  INFO get_files:scan_sources: tailwindcss_oxide::scanner: Discovering "C:\\Users\\admin\\premium-invest-8\\lib\\utils"
2026-01-18T05:14:40.108450Z  INFO get_files:scan_sources: tailwindcss_oxide::scanner: Discovering "C:\\Users\\admin\\premium-invest-8\\lib\\whatsapp"
2026-01-18T05:14:40.108812Z  INFO get_files:scan_sources: tailwindcss_oxide::scanner: Discovering "C:\\Users\\admin\\premium-invest-8\\public"
2026-01-18T05:14:40.108896Z  INFO get_files:scan_sources: tailwindcss_oxide::scanner: Discovering "C:\\Users\\admin\\premium-invest-8\\public\\blog-images"
2026-01-18T05:14:40.109003Z  INFO get_files:scan_sources: tailwindcss_oxide::scanner: Discovering "C:\\Users\\admin\\premium-invest-8\\public\\fonts"
2026-01-18T05:14:40.109143Z  INFO get_files:scan_sources: tailwindcss_oxide::scanner: Discovering "C:\\Users\\admin\\premium-invest-8\\public\\services"
2026-01-18T05:14:40.109273Z  INFO get_files:scan_sources: tailwindcss_oxide::scanner: Discovering "C:\\Users\\admin\\premium-invest-8\\public\\videos"
2026-01-18T05:14:40.109419Z  INFO get_files:scan_sources: tailwindcss_oxide::scanner: Discovering "C:\\Users\\admin\\premium-invest-8\\scripts"
2026-01-18T05:14:40.109500Z  INFO get_files:scan_sources: tailwindcss_oxide::scanner: Discovering "C:\\Users\\admin\\premium-invest-8\\scripts\\build"
2026-01-18T05:14:40.109753Z  INFO get_files:scan_sources: tailwindcss_oxide::scanner: Discovering "C:\\Users\\admin\\premium-invest-8\\scripts\\safety"
2026-01-18T05:14:40.109906Z  INFO get_files:scan_sources: tailwindcss_oxide::scanner: Discovering "C:\\Users\\admin\\premium-invest-8\\scripts\\security"
2026-01-18T05:14:40.110140Z  INFO get_files:scan_sources: tailwindcss_oxide::scanner: Discovering "C:\\Users\\admin\\premium-invest-8\\supabase"
2026-01-18T05:14:40.110210Z  INFO get_files:scan_sources: tailwindcss_oxide::scanner: Discovering "C:\\Users\\admin\\premium-invest-8\\supabase\\migrations"
2026-01-18T05:14:40.110386Z  INFO get_files:scan_sources: tailwindcss_oxide::scanner: Discovering "C:\\Users\\admin\\premium-invest-8\\templates"
2026-01-18T05:14:40.110509Z  INFO get_files:scan_sources: tailwindcss_oxide::scanner: Discovering "C:\\Users\\admin\\premium-invest-8\\tests"
2026-01-18T05:14:40.110581Z  INFO get_files:scan_sources: tailwindcss_oxide::scanner: Discovering "C:\\Users\\admin\\premium-invest-8\\tests\\api"
2026-01-18T05:14:40.110677Z  INFO get_files:scan_sources: tailwindcss_oxide::scanner: Discovering "C:\\Users\\admin\\premium-invest-8\\tests\\components"
2026-01-18T05:14:40.110763Z  INFO get_files:scan_sources: tailwindcss_oxide::scanner: Discovering "C:\\Users\\admin\\premium-invest-8\\tests\\e2e"
2026-01-18T05:14:40.110860Z  INFO get_files:scan_sources: tailwindcss_oxide::scanner: Discovering "C:\\Users\\admin\\premium-invest-8\\tests\\email"
2026-01-18T05:14:40.110951Z  INFO get_files:scan_sources: tailwindcss_oxide::scanner: Discovering "C:\\Users\\admin\\premium-invest-8\\tests\\integration"
2026-01-18T05:14:40.111114Z  INFO get_files:scan_sources: tailwindcss_oxide::scanner: Discovering "C:\\Users\\admin\\premium-invest-8\\utils"
2026-01-18T05:14:40.111780Z  INFO get_files:scan_sources: tailwindcss_oxide::scanner: Discovering "C:\\Users\\admin\\premium-invest-8\\app\\(public)"
2026-01-18T05:14:40.111858Z  INFO get_files:scan_sources: tailwindcss_oxide::scanner: Discovering "C:\\Users\\admin\\premium-invest-8\\app\\(public)\\archive"
2026-01-18T05:14:40.111968Z  INFO get_files:scan_sources: tailwindcss_oxide::scanner: Discovering "C:\\Users\\admin\\premium-invest-8\\app\\(public)\\blueprint"
2026-01-18T05:14:40.112079Z  INFO get_files:scan_sources: tailwindcss_oxide::scanner: Discovering "C:\\Users\\admin\\premium-invest-8\\app\\(public)\\live-intelligence-hero"
2026-01-18T05:14:40.112162Z  INFO get_files:scan_sources: tailwindcss_oxide::scanner: Discovering "C:\\Users\\admin\\premium-invest-8\\app\\(public)\\live-intelligence-hero\\components"
2026-01-18T05:14:40.112283Z  INFO get_files:scan_sources: tailwindcss_oxide::scanner: Discovering "C:\\Users\\admin\\premium-invest-8\\app\\about"
2026-01-18T05:14:40.112398Z  INFO get_files:scan_sources: tailwindcss_oxide::scanner: Discovering "C:\\Users\\admin\\premium-invest-8\\app\\about-us"
2026-01-18T05:14:40.112499Z  INFO get_files:scan_sources: tailwindcss_oxide::scanner: Discovering "C:\\Users\\admin\\premium-invest-8\\app\\admin-secret-akash"
2026-01-18T05:14:40.112624Z  INFO get_files:scan_sources: tailwindcss_oxide::scanner: Discovering "C:\\Users\\admin\\premium-invest-8\\app\\admin-secret-xyz"
2026-01-18T05:14:40.112727Z  INFO get_files:scan_sources: tailwindcss_oxide::scanner: Discovering "C:\\Users\\admin\\premium-invest-8\\app\\api"
2026-01-18T05:14:40.112800Z  INFO get_files:scan_sources: tailwindcss_oxide::scanner: Discovering "C:\\Users\\admin\\premium-invest-8\\app\\api\\admin"
2026-01-18T05:14:40.112877Z  INFO get_files:scan_sources: tailwindcss_oxide::scanner: Discovering "C:\\Users\\admin\\premium-invest-8\\app\\api\\admin\\affiliate-convert"
2026-01-18T05:14:40.112977Z  INFO get_files:scan_sources: tailwindcss_oxide::scanner: Discovering "C:\\Users\\admin\\premium-invest-8\\app\\api\\admin\\affiliate-fail"
2026-01-18T05:14:40.113072Z  INFO get_files:scan_sources: tailwindcss_oxide::scanner: Discovering "C:\\Users\\admin\\premium-invest-8\\app\\api\\admin\\affiliate-stats"
2026-01-18T05:14:40.113171Z  INFO get_files:scan_sources: tailwindcss_oxide::scanner: Discovering "C:\\Users\\admin\\premium-invest-8\\app\\api\\admin\\affiliate-update"
2026-01-18T05:14:40.113258Z  INFO get_files:scan_sources: tailwindcss_oxide::scanner: Discovering "C:\\Users\\admin\\premium-invest-8\\app\\api\\admin\\aio-tracker"
2026-01-18T05:14:40.113348Z  INFO get_files:scan_sources: tailwindcss_oxide::scanner: Discovering "C:\\Users\\admin\\premium-invest-8\\app\\api\\admin\\analytics"
2026-01-18T05:14:40.113435Z  INFO get_files:scan_sources: tailwindcss_oxide::scanner: Discovering "C:\\Users\\admin\\premium-invest-8\\app\\api\\admin\\daily-metrics"
2026-01-18T05:14:40.113522Z  INFO get_files:scan_sources: tailwindcss_oxide::scanner: Discovering "C:\\Users\\admin\\premium-invest-8\\app\\api\\admin\\deliverables"
2026-01-18T05:14:40.113595Z  INFO get_files:scan_sources: tailwindcss_oxide::scanner: Discovering "C:\\Users\\admin\\premium-invest-8\\app\\api\\admin\\deliverables\\email"
2026-01-18T05:14:40.113686Z  INFO get_files:scan_sources: tailwindcss_oxide::scanner: Discovering "C:\\Users\\admin\\premium-invest-8\\app\\api\\admin\\deliverables\\pdf"
2026-01-18T05:14:40.113776Z  INFO get_files:scan_sources: tailwindcss_oxide::scanner: Discovering "C:\\Users\\admin\\premium-invest-8\\app\\api\\admin\\deliverables\\preview"
2026-01-18T05:14:40.113847Z  INFO get_files:scan_sources: tailwindcss_oxide::scanner: Discovering "C:\\Users\\admin\\premium-invest-8\\app\\api\\admin\\deliverables\\preview\\email"
2026-01-18T05:14:40.113938Z  INFO get_files:scan_sources: tailwindcss_oxide::scanner: Discovering "C:\\Users\\admin\\premium-invest-8\\app\\api\\admin\\deliverables\\preview\\pdf"
2026-01-18T05:14:40.114055Z  INFO get_files:scan_sources: tailwindcss_oxide::scanner: Discovering "C:\\Users\\admin\\premium-invest-8\\app\\api\\admin\\email-preferences"
2026-01-18T05:14:40.114145Z  INFO get_files:scan_sources: tailwindcss_oxide::scanner: Discovering "C:\\Users\\admin\\premium-invest-8\\app\\api\\admin\\export"
2026-01-18T05:14:40.114232Z  INFO get_files:scan_sources: tailwindcss_oxide::scanner: Discovering "C:\\Users\\admin\\premium-invest-8\\app\\api\\admin\\family"
2026-01-18T05:14:40.114302Z  INFO get_files:scan_sources: tailwindcss_oxide::scanner: Discovering "C:\\Users\\admin\\premium-invest-8\\app\\api\\admin\\family\\login"
2026-01-18T05:14:40.114392Z  INFO get_files:scan_sources: tailwindcss_oxide::scanner: Discovering "C:\\Users\\admin\\premium-invest-8\\app\\api\\admin\\family\\logout"
2026-01-18T05:14:40.114488Z  INFO get_files:scan_sources: tailwindcss_oxide::scanner: Discovering "C:\\Users\\admin\\premium-invest-8\\app\\api\\admin\\family-stats"
2026-01-18T05:14:40.114578Z  INFO get_files:scan_sources: tailwindcss_oxide::scanner: Discovering "C:\\Users\\admin\\premium-invest-8\\app\\api\\admin\\headlines"
2026-01-18T05:14:40.114666Z  INFO get_files:scan_sources: tailwindcss_oxide::scanner: Discovering "C:\\Users\\admin\\premium-invest-8\\app\\api\\admin\\leads"
2026-01-18T05:14:40.114754Z  INFO get_files:scan_sources: tailwindcss_oxide::scanner: Discovering "C:\\Users\\admin\\premium-invest-8\\app\\api\\admin\\live-intelligence"
2026-01-18T05:14:40.114843Z  INFO get_files:scan_sources: tailwindcss_oxide::scanner: Discovering "C:\\Users\\admin\\premium-invest-8\\app\\api\\admin\\login"
2026-01-18T05:14:40.114930Z  INFO get_files:scan_sources: tailwindcss_oxide::scanner: Discovering "C:\\Users\\admin\\premium-invest-8\\app\\api\\admin\\logout"
2026-01-18T05:14:40.115020Z  INFO get_files:scan_sources: tailwindcss_oxide::scanner: Discovering "C:\\Users\\admin\\premium-invest-8\\app\\api\\admin\\revenue"
2026-01-18T05:14:40.115112Z  INFO get_files:scan_sources: tailwindcss_oxide::scanner: Discovering "C:\\Users\\admin\\premium-invest-8\\app\\api\\admin\\strategy"
2026-01-18T05:14:40.115204Z  INFO get_files:scan_sources: tailwindcss_oxide::scanner: Discovering "C:\\Users\\admin\\premium-invest-8\\app\\api\\admin\\summary"
2026-01-18T05:14:40.115293Z  INFO get_files:scan_sources: tailwindcss_oxide::scanner: Discovering "C:\\Users\\admin\\premium-invest-8\\app\\api\\admin\\test-email"
2026-01-18T05:14:40.115383Z  INFO get_files:scan_sources: tailwindcss_oxide::scanner: Discovering "C:\\Users\\admin\\premium-invest-8\\app\\api\\admin\\test-property-vs-sip-emails"
2026-01-18T05:14:40.115476Z  INFO get_files:scan_sources: tailwindcss_oxide::scanner: Discovering "C:\\Users\\admin\\premium-invest-8\\app\\api\\admin\\verify"
2026-01-18T05:14:40.115573Z  INFO get_files:scan_sources: tailwindcss_oxide::scanner: Discovering "C:\\Users\\admin\\premium-invest-8\\app\\api\\affiliate"
2026-01-18T05:14:40.115642Z  INFO get_files:scan_sources: tailwindcss_oxide::scanner: Discovering "C:\\Users\\admin\\premium-invest-8\\app\\api\\affiliate\\click"
2026-01-18T05:14:40.115738Z  INFO get_files:scan_sources: tailwindcss_oxide::scanner: Discovering "C:\\Users\\admin\\premium-invest-8\\app\\api\\ai"
2026-01-18T05:14:40.115808Z  INFO get_files:scan_sources: tailwindcss_oxide::scanner: Discovering "C:\\Users\\admin\\premium-invest-8\\app\\api\\ai\\generate-summary"
2026-01-18T05:14:40.115907Z  INFO get_files:scan_sources: tailwindcss_oxide::scanner: Discovering "C:\\Users\\admin\\premium-invest-8\\app\\api\\analytics"
2026-01-18T05:14:40.115977Z  INFO get_files:scan_sources: tailwindcss_oxide::scanner: Discovering "C:\\Users\\admin\\premium-invest-8\\app\\api\\analytics\\live-intelligence"
2026-01-18T05:14:40.116073Z  INFO get_files:scan_sources: tailwindcss_oxide::scanner: Discovering "C:\\Users\\admin\\premium-invest-8\\app\\api\\blog"
2026-01-18T05:14:40.116158Z  INFO get_files:scan_sources: tailwindcss_oxide::scanner: Discovering "C:\\Users\\admin\\premium-invest-8\\app\\api\\bmwealth"
2026-01-18T05:14:40.116243Z  INFO get_files:scan_sources: tailwindcss_oxide::scanner: Discovering "C:\\Users\\admin\\premium-invest-8\\app\\api\\breaking-news"
2026-01-18T05:14:40.116329Z  INFO get_files:scan_sources: tailwindcss_oxide::scanner: Discovering "C:\\Users\\admin\\premium-invest-8\\app\\api\\chat"
2026-01-18T05:14:40.116416Z  INFO get_files:scan_sources: tailwindcss_oxide::scanner: Discovering "C:\\Users\\admin\\premium-invest-8\\app\\api\\contact"
2026-01-18T05:14:40.116533Z  INFO get_files:scan_sources: tailwindcss_oxide::scanner: Discovering "C:\\Users\\admin\\premium-invest-8\\app\\api\\cron"
2026-01-18T05:14:40.116603Z  INFO get_files:scan_sources: tailwindcss_oxide::scanner: Discovering "C:\\Users\\admin\\premium-invest-8\\app\\api\\cron\\check-expiry"
2026-01-18T05:14:40.116689Z  INFO get_files:scan_sources: tailwindcss_oxide::scanner: Discovering "C:\\Users\\admin\\premium-invest-8\\app\\api\\cron\\daily-summary"
2026-01-18T05:14:40.116775Z  INFO get_files:scan_sources: tailwindcss_oxide::scanner: Discovering "C:\\Users\\admin\\premium-invest-8\\app\\api\\cron\\headlines"
2026-01-18T05:14:40.116860Z  INFO get_files:scan_sources: tailwindcss_oxide::scanner: Discovering "C:\\Users\\admin\\premium-invest-8\\app\\api\\cron\\weekly-summary"
2026-01-18T05:14:40.116944Z  INFO get_files:scan_sources: tailwindcss_oxide::scanner: Discovering "C:\\Users\\admin\\premium-invest-8\\app\\api\\cron\\whatsapp-followups"
2026-01-18T05:14:40.117035Z  INFO get_files:scan_sources: tailwindcss_oxide::scanner: Discovering "C:\\Users\\admin\\premium-invest-8\\app\\api\\email"
2026-01-18T05:14:40.117102Z  INFO get_files:scan_sources: tailwindcss_oxide::scanner: Discovering "C:\\Users\\admin\\premium-invest-8\\app\\api\\email\\click"
2026-01-18T05:14:40.117187Z  INFO get_files:scan_sources: tailwindcss_oxide::scanner: Discovering "C:\\Users\\admin\\premium-invest-8\\app\\api\\email\\open"
2026-01-18T05:14:40.117278Z  INFO get_files:scan_sources: tailwindcss_oxide::scanner: Discovering "C:\\Users\\admin\\premium-invest-8\\app\\api\\events"
2026-01-18T05:14:40.117364Z  INFO get_files:scan_sources: tailwindcss_oxide::scanner: Discovering "C:\\Users\\admin\\premium-invest-8\\app\\api\\generate-pdf"
2026-01-18T05:14:40.117455Z  INFO get_files:scan_sources: tailwindcss_oxide::scanner: Discovering "C:\\Users\\admin\\premium-invest-8\\app\\api\\health"
2026-01-18T05:14:40.117544Z  INFO get_files:scan_sources: tailwindcss_oxide::scanner: Discovering "C:\\Users\\admin\\premium-invest-8\\app\\api\\leads"
2026-01-18T05:14:40.117620Z  INFO get_files:scan_sources: tailwindcss_oxide::scanner: Discovering "C:\\Users\\admin\\premium-invest-8\\app\\api\\leads\\capture"
2026-01-18T05:14:40.117737Z  INFO get_files:scan_sources: tailwindcss_oxide::scanner: Discovering "C:\\Users\\admin\\premium-invest-8\\app\\api\\live-intelligence"
2026-01-18T05:14:40.117811Z  INFO get_files:scan_sources: tailwindcss_oxide::scanner: Discovering "C:\\Users\\admin\\premium-invest-8\\app\\api\\live-intelligence\\archive"
2026-01-18T05:14:40.117906Z  INFO get_files:scan_sources: tailwindcss_oxide::scanner: Discovering "C:\\Users\\admin\\premium-invest-8\\app\\api\\live-intelligence\\explain"
2026-01-18T05:14:40.117996Z  INFO get_files:scan_sources: tailwindcss_oxide::scanner: Discovering "C:\\Users\\admin\\premium-invest-8\\app\\api\\live-intelligence\\feed"
2026-01-18T05:14:40.118109Z  INFO get_files:scan_sources: tailwindcss_oxide::scanner: Discovering "C:\\Users\\admin\\premium-invest-8\\app\\api\\live-intelligence\\ingest"
2026-01-18T05:14:40.118204Z  INFO get_files:scan_sources: tailwindcss_oxide::scanner: Discovering "C:\\Users\\admin\\premium-invest-8\\app\\api\\live-intelligence\\mood"
2026-01-18T05:14:40.118302Z  INFO get_files:scan_sources: tailwindcss_oxide::scanner: Discovering "C:\\Users\\admin\\premium-invest-8\\app\\api\\live-intelligence\\night-summary"
2026-01-18T05:14:40.118393Z  INFO get_files:scan_sources: tailwindcss_oxide::scanner: Discovering "C:\\Users\\admin\\premium-invest-8\\app\\api\\live-intelligence\\process"
2026-01-18T05:14:40.118481Z  INFO get_files:scan_sources: tailwindcss_oxide::scanner: Discovering "C:\\Users\\admin\\premium-invest-8\\app\\api\\live-intelligence\\status"
2026-01-18T05:14:40.118577Z  INFO get_files:scan_sources: tailwindcss_oxide::scanner: Discovering "C:\\Users\\admin\\premium-invest-8\\app\\api\\market-data"
2026-01-18T05:14:40.118667Z  INFO get_files:scan_sources: tailwindcss_oxide::scanner: Discovering "C:\\Users\\admin\\premium-invest-8\\app\\api\\newsletter"
2026-01-18T05:14:40.118756Z  INFO get_files:scan_sources: tailwindcss_oxide::scanner: Discovering "C:\\Users\\admin\\premium-invest-8\\app\\api\\newsletter\\subscribe"
2026-01-18T05:14:40.118859Z  INFO get_files:scan_sources: tailwindcss_oxide::scanner: Discovering "C:\\Users\\admin\\premium-invest-8\\app\\api\\payments"
2026-01-18T05:14:40.118937Z  INFO get_files:scan_sources: tailwindcss_oxide::scanner: Discovering "C:\\Users\\admin\\premium-invest-8\\app\\api\\payments\\cashfree"
2026-01-18T05:14:40.119012Z  INFO get_files:scan_sources: tailwindcss_oxide::scanner: Discovering "C:\\Users\\admin\\premium-invest-8\\app\\api\\payments\\cashfree\\create-order"
2026-01-18T05:14:40.119121Z  INFO get_files:scan_sources: tailwindcss_oxide::scanner: Discovering "C:\\Users\\admin\\premium-invest-8\\app\\api\\pdf"
2026-01-18T05:14:40.119197Z  INFO get_files:scan_sources: tailwindcss_oxide::scanner: Discovering "C:\\Users\\admin\\premium-invest-8\\app\\api\\pdf\\generate"
2026-01-18T05:14:40.119295Z  INFO get_files:scan_sources: tailwindcss_oxide::scanner: Discovering "C:\\Users\\admin\\premium-invest-8\\app\\api\\pdf\\service"
2026-01-18T05:14:40.119395Z  INFO get_files:scan_sources: tailwindcss_oxide::scanner: Discovering "C:\\Users\\admin\\premium-invest-8\\app\\api\\property-vs-sip"
2026-01-18T05:14:40.119466Z  INFO get_files:scan_sources: tailwindcss_oxide::scanner: Discovering "C:\\Users\\admin\\premium-invest-8\\app\\api\\property-vs-sip\\email-summary"
2026-01-18T05:14:40.119562Z  INFO get_files:scan_sources: tailwindcss_oxide::scanner: Discovering "C:\\Users\\admin\\premium-invest-8\\app\\api\\razorpay"
2026-01-18T05:14:40.119637Z  INFO get_files:scan_sources: tailwindcss_oxide::scanner: Discovering "C:\\Users\\admin\\premium-invest-8\\app\\api\\razorpay\\create-order"
2026-01-18T05:14:40.119727Z  INFO get_files:scan_sources: tailwindcss_oxide::scanner: Discovering "C:\\Users\\admin\\premium-invest-8\\app\\api\\razorpay\\verify"
2026-01-18T05:14:40.119822Z  INFO get_files:scan_sources: tailwindcss_oxide::scanner: Discovering "C:\\Users\\admin\\premium-invest-8\\app\\api\\rss-proxy"
2026-01-18T05:14:40.119908Z  INFO get_files:scan_sources: tailwindcss_oxide::scanner: Discovering "C:\\Users\\admin\\premium-invest-8\\app\\api\\tools"
2026-01-18T05:14:40.119978Z  INFO get_files:scan_sources: tailwindcss_oxide::scanner: Discovering "C:\\Users\\admin\\premium-invest-8\\app\\api\\tools\\aio"
2026-01-18T05:14:40.120046Z  INFO get_files:scan_sources: tailwindcss_oxide::scanner: Discovering "C:\\Users\\admin\\premium-invest-8\\app\\api\\tools\\aio\\email"
2026-01-18T05:14:40.120149Z  INFO get_files:scan_sources: tailwindcss_oxide::scanner: Discovering "C:\\Users\\admin\\premium-invest-8\\app\\api\\track"
2026-01-18T05:14:40.120238Z  INFO get_files:scan_sources: tailwindcss_oxide::scanner: Discovering "C:\\Users\\admin\\premium-invest-8\\app\\api\\whatsapp"
2026-01-18T05:14:40.120303Z  INFO get_files:scan_sources: tailwindcss_oxide::scanner: Discovering "C:\\Users\\admin\\premium-invest-8\\app\\api\\whatsapp\\opt-in"
2026-01-18T05:14:40.120388Z  INFO get_files:scan_sources: tailwindcss_oxide::scanner: Discovering "C:\\Users\\admin\\premium-invest-8\\app\\api\\whatsapp\\webhook"
2026-01-18T05:14:40.120494Z  INFO get_files:scan_sources: tailwindcss_oxide::scanner: Discovering "C:\\Users\\admin\\premium-invest-8\\app\\blog"
2026-01-18T05:14:40.120590Z  INFO get_files:scan_sources: tailwindcss_oxide::scanner: Discovering "C:\\Users\\admin\\premium-invest-8\\app\\blog\\[slug]"
2026-01-18T05:14:40.120700Z  INFO get_files:scan_sources: tailwindcss_oxide::scanner: Discovering "C:\\Users\\admin\\premium-invest-8\\app\\careers"
2026-01-18T05:14:40.120801Z  INFO get_files:scan_sources: tailwindcss_oxide::scanner: Discovering "C:\\Users\\admin\\premium-invest-8\\app\\client-portal"
2026-01-18T05:14:40.120889Z  INFO get_files:scan_sources: tailwindcss_oxide::scanner: Discovering "C:\\Users\\admin\\premium-invest-8\\app\\compliance"
2026-01-18T05:14:40.120989Z  INFO get_files:scan_sources: tailwindcss_oxide::scanner: Discovering "C:\\Users\\admin\\premium-invest-8\\app\\contact"
2026-01-18T05:14:40.121100Z  INFO get_files:scan_sources: tailwindcss_oxide::scanner: Discovering "C:\\Users\\admin\\premium-invest-8\\app\\curated-partners"
2026-01-18T05:14:40.121202Z  INFO get_files:scan_sources: tailwindcss_oxide::scanner: Discovering "C:\\Users\\admin\\premium-invest-8\\app\\dashboard"
2026-01-18T05:14:40.121288Z  INFO get_files:scan_sources: tailwindcss_oxide::scanner: Discovering "C:\\Users\\admin\\premium-invest-8\\app\\disclaimer"
2026-01-18T05:14:40.121387Z  INFO get_files:scan_sources: tailwindcss_oxide::scanner: Discovering "C:\\Users\\admin\\premium-invest-8\\app\\fixed-deposits"
2026-01-18T05:14:40.121527Z  INFO get_files:scan_sources: tailwindcss_oxide::scanner: Discovering "C:\\Users\\admin\\premium-invest-8\\app\\insurance"
2026-01-18T05:14:40.121665Z  INFO get_files:scan_sources: tailwindcss_oxide::scanner: Discovering "C:\\Users\\admin\\premium-invest-8\\app\\legal-disclosures"
2026-01-18T05:14:40.121752Z  INFO get_files:scan_sources: tailwindcss_oxide::scanner: Discovering "C:\\Users\\admin\\premium-invest-8\\app\\live-intelligence"
2026-01-18T05:14:40.121841Z  INFO get_files:scan_sources: tailwindcss_oxide::scanner: Discovering "C:\\Users\\admin\\premium-invest-8\\app\\login"
2026-01-18T05:14:40.121941Z  INFO get_files:scan_sources: tailwindcss_oxide::scanner: Discovering "C:\\Users\\admin\\premium-invest-8\\app\\mutual-funds"
2026-01-18T05:14:40.122042Z  INFO get_files:scan_sources: tailwindcss_oxide::scanner: Discovering "C:\\Users\\admin\\premium-invest-8\\app\\payment-failed"
2026-01-18T05:14:40.122129Z  INFO get_files:scan_sources: tailwindcss_oxide::scanner: Discovering "C:\\Users\\admin\\premium-invest-8\\app\\payment-success"
2026-01-18T05:14:40.122216Z  INFO get_files:scan_sources: tailwindcss_oxide::scanner: Discovering "C:\\Users\\admin\\premium-invest-8\\app\\platforms"
2026-01-18T05:14:40.122314Z  INFO get_files:scan_sources: tailwindcss_oxide::scanner: Discovering "C:\\Users\\admin\\premium-invest-8\\app\\portfolio-management"
2026-01-18T05:14:40.122419Z  INFO get_files:scan_sources: tailwindcss_oxide::scanner: Discovering "C:\\Users\\admin\\premium-invest-8\\app\\privacy"
2026-01-18T05:14:40.122517Z  INFO get_files:scan_sources: tailwindcss_oxide::scanner: Discovering "C:\\Users\\admin\\premium-invest-8\\app\\privacy-policy"
2026-01-18T05:14:40.122604Z  INFO get_files:scan_sources: tailwindcss_oxide::scanner: Discovering "C:\\Users\\admin\\premium-invest-8\\app\\products"
2026-01-18T05:14:40.122694Z  INFO get_files:scan_sources: tailwindcss_oxide::scanner: Discovering "C:\\Users\\admin\\premium-invest-8\\app\\refund"
2026-01-18T05:14:40.122789Z  INFO get_files:scan_sources: tailwindcss_oxide::scanner: Discovering "C:\\Users\\admin\\premium-invest-8\\app\\refund-policy"
2026-01-18T05:14:40.122873Z  INFO get_files:scan_sources: tailwindcss_oxide::scanner: Discovering "C:\\Users\\admin\\premium-invest-8\\app\\regulatory-compliance"
2026-01-18T05:14:40.122972Z  INFO get_files:scan_sources: tailwindcss_oxide::scanner: Discovering "C:\\Users\\admin\\premium-invest-8\\app\\services"
2026-01-18T05:14:40.123085Z  INFO get_files:scan_sources: tailwindcss_oxide::scanner: Discovering "C:\\Users\\admin\\premium-invest-8\\app\\sip"
2026-01-18T05:14:40.123185Z  INFO get_files:scan_sources: tailwindcss_oxide::scanner: Discovering "C:\\Users\\admin\\premium-invest-8\\app\\sip-calculator"
2026-01-18T05:14:40.123272Z  INFO get_files:scan_sources: tailwindcss_oxide::scanner: Discovering "C:\\Users\\admin\\premium-invest-8\\app\\sitemap"
2026-01-18T05:14:40.123364Z  INFO get_files:scan_sources: tailwindcss_oxide::scanner: Discovering "C:\\Users\\admin\\premium-invest-8\\app\\sitemap-page"
2026-01-18T05:14:40.123476Z  INFO get_files:scan_sources: tailwindcss_oxide::scanner: Discovering "C:\\Users\\admin\\premium-invest-8\\app\\tax-leak-detector"
2026-01-18T05:14:40.123564Z  INFO get_files:scan_sources: tailwindcss_oxide::scanner: Discovering "C:\\Users\\admin\\premium-invest-8\\app\\terms"
2026-01-18T05:14:40.123666Z  INFO get_files:scan_sources: tailwindcss_oxide::scanner: Discovering "C:\\Users\\admin\\premium-invest-8\\app\\terms-and-conditions"
2026-01-18T05:14:40.123767Z  INFO get_files:scan_sources: tailwindcss_oxide::scanner: Discovering "C:\\Users\\admin\\premium-invest-8\\app\\tools"
2026-01-18T05:14:40.123841Z  INFO get_files:scan_sources: tailwindcss_oxide::scanner: Discovering "C:\\Users\\admin\\premium-invest-8\\app\\tools\\all-calculators"
2026-01-18T05:14:40.123934Z  INFO get_files:scan_sources: tailwindcss_oxide::scanner: Discovering "C:\\Users\\admin\\premium-invest-8\\app\\tools\\calc-share"
2026-01-18T05:14:40.124022Z  INFO get_files:scan_sources: tailwindcss_oxide::scanner: Discovering "C:\\Users\\admin\\premium-invest-8\\app\\tools\\insurance-value"
2026-01-18T05:14:40.124116Z  INFO get_files:scan_sources: tailwindcss_oxide::scanner: Discovering "C:\\Users\\admin\\premium-invest-8\\app\\tools\\itr-filing-help"
2026-01-18T05:14:40.124208Z  INFO get_files:scan_sources: tailwindcss_oxide::scanner: Discovering "C:\\Users\\admin\\premium-invest-8\\app\\tools\\lumpsum-planner"
2026-01-18T05:14:40.124313Z  INFO get_files:scan_sources: tailwindcss_oxide::scanner: Discovering "C:\\Users\\admin\\premium-invest-8\\app\\tools\\property-vs-sip"
2026-01-18T05:14:40.124404Z  INFO get_files:scan_sources: tailwindcss_oxide::scanner: Discovering "C:\\Users\\admin\\premium-invest-8\\app\\tools\\retirement-gap"
2026-01-18T05:14:40.124493Z  INFO get_files:scan_sources: tailwindcss_oxide::scanner: Discovering "C:\\Users\\admin\\premium-invest-8\\app\\tools\\tax-leak-detector"
2026-01-18T05:14:40.124584Z  INFO get_files:scan_sources: tailwindcss_oxide::scanner: Discovering "C:\\Users\\admin\\premium-invest-8\\app\\tools\\tax-optimization"
2026-01-18T05:14:40.124678Z  INFO get_files:scan_sources: tailwindcss_oxide::scanner: Discovering "C:\\Users\\admin\\premium-invest-8\\app\\track"
2026-01-18T05:14:40.124745Z  INFO get_files:scan_sources: tailwindcss_oxide::scanner: Discovering "C:\\Users\\admin\\premium-invest-8\\app\\track\\[platform]"
2026-01-18T05:14:40.124838Z  INFO get_files:scan_sources: tailwindcss_oxide::scanner: Discovering "C:\\Users\\admin\\premium-invest-8\\app\\trading-services"
2026-01-18T05:14:40.124935Z  INFO get_files:scan_sources: tailwindcss_oxide::scanner: Discovering "C:\\Users\\admin\\premium-invest-8\\app\\v0-test"
2026-01-18T05:14:40.125162Z  INFO get_files:scan_sources: tailwindcss_oxide::scanner: Discovering "C:\\Users\\admin\\premium-invest-8\\features\\plugins"
2026-01-18T05:14:40.125357Z  INFO get_files:scan_sources: tailwindcss_oxide::scanner: Discovering "C:\\Users\\admin\\premium-invest-8\\components\\admin"
2026-01-18T05:14:40.125592Z  INFO get_files:scan_sources: tailwindcss_oxide::scanner: Discovering "C:\\Users\\admin\\premium-invest-8\\components\\analytics"
2026-01-18T05:14:40.125692Z  INFO get_files:scan_sources: tailwindcss_oxide::scanner: Discovering "C:\\Users\\admin\\premium-invest-8\\components\\calculators"
2026-01-18T05:14:40.126007Z  INFO get_files:scan_sources: tailwindcss_oxide::scanner: Discovering "C:\\Users\\admin\\premium-invest-8\\components\\home"
2026-01-18T05:14:40.126157Z  INFO get_files:scan_sources: tailwindcss_oxide::scanner: Discovering "C:\\Users\\admin\\premium-invest-8\\components\\live-intelligence"
2026-01-18T05:14:40.126446Z  INFO get_files:scan_sources: tailwindcss_oxide::scanner: Discovering "C:\\Users\\admin\\premium-invest-8\\components\\shared"
2026-01-18T05:14:40.126793Z  INFO get_files:scan_sources: tailwindcss_oxide::scanner: Discovering "C:\\Users\\admin\\premium-invest-8\\components\\tools"
2026-01-18T05:14:40.126892Z  INFO get_files:scan_sources: tailwindcss_oxide::scanner: Discovering "C:\\Users\\admin\\premium-invest-8\\components\\ui"
2026-01-18T05:14:40.127500Z  INFO get_files:scan_sources: tailwindcss_oxide::scanner: Discovering "C:\\Users\\admin\\premium-invest-8\\components\\user"
2026-01-18T05:14:40.127970Z  INFO get_files:scan_sources: tailwindcss_oxide::scanner: Discovering "C:\\Users\\admin\\premium-invest-8\\lib\\affiliate"
2026-01-18T05:14:40.128064Z  INFO get_files:scan_sources: tailwindcss_oxide::scanner: Discovering "C:\\Users\\admin\\premium-invest-8\\lib\\ai"
2026-01-18T05:14:40.128257Z  INFO get_files:scan_sources: tailwindcss_oxide::scanner: Discovering "C:\\Users\\admin\\premium-invest-8\\lib\\auth"
2026-01-18T05:14:40.128392Z  INFO get_files:scan_sources: tailwindcss_oxide::scanner: Discovering "C:\\Users\\admin\\premium-invest-8\\lib\\cache"
2026-01-18T05:14:40.128477Z  INFO get_files:scan_sources: tailwindcss_oxide::scanner: Discovering "C:\\Users\\admin\\premium-invest-8\\lib\\db"
2026-01-18T05:14:40.128650Z  INFO get_files:scan_sources: tailwindcss_oxide::scanner: Discovering "C:\\Users\\admin\\premium-invest-8\\lib\\email"
2026-01-18T05:14:40.128806Z  INFO get_files:scan_sources: tailwindcss_oxide::scanner: Discovering "C:\\Users\\admin\\premium-invest-8\\lib\\hooks"
2026-01-18T05:14:40.128942Z  INFO get_files:scan_sources: tailwindcss_oxide::scanner: Discovering "C:\\Users\\admin\\premium-invest-8\\lib\\live-intelligence"
2026-01-18T05:14:40.129140Z  INFO get_files:scan_sources: tailwindcss_oxide::scanner: Discovering "C:\\Users\\admin\\premium-invest-8\\lib\\monitoring"
2026-01-18T05:14:40.129265Z  INFO get_files:scan_sources: tailwindcss_oxide::scanner: Discovering "C:\\Users\\admin\\premium-invest-8\\lib\\pdf"
2026-01-18T05:14:40.129412Z  INFO get_files:scan_sources: tailwindcss_oxide::scanner: Discovering "C:\\Users\\admin\\premium-invest-8\\lib\\pitching"
2026-01-18T05:14:40.129510Z  INFO get_files:scan_sources: tailwindcss_oxide::scanner: Discovering "C:\\Users\\admin\\premium-invest-8\\lib\\plugins"
2026-01-18T05:14:40.129619Z  INFO get_files:scan_sources: tailwindcss_oxide::scanner: Discovering "C:\\Users\\admin\\premium-invest-8\\lib\\seo"
2026-01-18T05:14:40.129726Z  INFO get_files:scan_sources: tailwindcss_oxide::scanner: Discovering "C:\\Users\\admin\\premium-invest-8\\lib\\templates"
2026-01-18T05:14:40.129814Z  INFO get_files:scan_sources: tailwindcss_oxide::scanner: Discovering "C:\\Users\\admin\\premium-invest-8\\lib\\ui"
2026-01-18T05:14:40.129937Z  INFO get_files:scan_sources: tailwindcss_oxide::scanner: Discovering "C:\\Users\\admin\\premium-invest-8\\lib\\utils"
2026-01-18T05:14:40.130089Z  INFO get_files:scan_sources: tailwindcss_oxide::scanner: Discovering "C:\\Users\\admin\\premium-invest-8\\lib\\whatsapp"
2026-01-18T05:14:40.130215Z  INFO get_files:scan_sources: tailwindcss_oxide::scanner: exit
2026-01-18T05:14:40.130398Z  INFO get_files: tailwindcss_oxide::scanner: exit
2026-01-18T05:14:40.131038Z  INFO get_globs: tailwindcss_oxide::scanner: enter
2026-01-18T05:14:40.131045Z  INFO get_globs:scan_sources: tailwindcss_oxide::scanner: enter
2026-01-18T05:14:40.131945Z  INFO get_globs:scan_sources: tailwindcss_oxide::scanner: Discovering "C:\\Users\\admin\\premium-invest-8\\.cursor"
2026-01-18T05:14:40.132034Z  INFO get_globs:scan_sources: tailwindcss_oxide::scanner: Discovering "C:\\Users\\admin\\premium-invest-8\\.cursor\\rules"
2026-01-18T05:14:40.132263Z  INFO get_globs:scan_sources: tailwindcss_oxide::scanner: Discovering "C:\\Users\\admin\\premium-invest-8\\.github"
2026-01-18T05:14:40.132439Z  INFO get_globs:scan_sources: tailwindcss_oxide::scanner: Discovering "C:\\Users\\admin\\premium-invest-8\\.safety-backups"
2026-01-18T05:14:40.132510Z  INFO get_globs:scan_sources: tailwindcss_oxide::scanner: Discovering "C:\\Users\\admin\\premium-invest-8\\.safety-backups\\chat"
2026-01-18T05:14:40.132581Z  INFO get_globs:scan_sources: tailwindcss_oxide::scanner: Discovering "C:\\Users\\admin\\premium-invest-8\\.safety-backups\\chat\\20251230-214526"
2026-01-18T05:14:40.132663Z  INFO get_globs:scan_sources: tailwindcss_oxide::scanner: Discovering "C:\\Users\\admin\\premium-invest-8\\.safety-backups\\chat\\20251230-214526\\app"
2026-01-18T05:14:40.132737Z  INFO get_globs:scan_sources: tailwindcss_oxide::scanner: Discovering "C:\\Users\\admin\\premium-invest-8\\.safety-backups\\chat\\20251230-214526\\app\\api"
2026-01-18T05:14:40.132809Z  INFO get_globs:scan_sources: tailwindcss_oxide::scanner: Discovering "C:\\Users\\admin\\premium-invest-8\\.safety-backups\\chat\\20251230-214526\\app\\api\\admin"
2026-01-18T05:14:40.132905Z  INFO get_globs:scan_sources: tailwindcss_oxide::scanner: Discovering "C:\\Users\\admin\\premium-invest-8\\.safety-backups\\chat\\20251230-214526\\app\\api\\admin\\summary"
2026-01-18T05:14:40.133016Z  INFO get_globs:scan_sources: tailwindcss_oxide::scanner: Discovering "C:\\Users\\admin\\premium-invest-8\\.safety-backups\\chat\\20251230-214526\\app\\api\\events"
2026-01-18T05:14:40.133109Z  INFO get_globs:scan_sources: tailwindcss_oxide::scanner: Discovering "C:\\Users\\admin\\premium-invest-8\\.safety-backups\\chat\\20251230-214526\\app\\api\\health"
2026-01-18T05:14:40.133217Z  INFO get_globs:scan_sources: tailwindcss_oxide::scanner: Discovering "C:\\Users\\admin\\premium-invest-8\\.safety-backups\\chat\\20251230-214526\\components"
2026-01-18T05:14:40.133384Z  INFO get_globs:scan_sources: tailwindcss_oxide::scanner: Discovering "C:\\Users\\admin\\premium-invest-8\\.swc"
2026-01-18T05:14:40.133455Z  INFO get_globs:scan_sources: tailwindcss_oxide::scanner: Discovering "C:\\Users\\admin\\premium-invest-8\\.swc\\plugins"
2026-01-18T05:14:40.133527Z  INFO get_globs:scan_sources: tailwindcss_oxide::scanner: Discovering "C:\\Users\\admin\\premium-invest-8\\.swc\\plugins\\v7_windows_x86_64_4.0.0"
2026-01-18T05:14:40.133764Z  INFO get_globs:scan_sources: tailwindcss_oxide::scanner: Discovering "C:\\Users\\admin\\premium-invest-8\\.tools"
2026-01-18T05:14:40.133841Z  INFO get_globs:scan_sources: tailwindcss_oxide::scanner: Discovering "C:\\Users\\admin\\premium-invest-8\\.tools\\ffmpeg"
2026-01-18T05:14:40.133914Z  INFO get_globs:scan_sources: tailwindcss_oxide::scanner: Discovering "C:\\Users\\admin\\premium-invest-8\\.tools\\ffmpeg\\bin"
2026-01-18T05:14:40.134005Z  INFO get_globs:scan_sources: tailwindcss_oxide::scanner: Discovering "C:\\Users\\admin\\premium-invest-8\\.tools\\ffmpeg_extract"
2026-01-18T05:14:40.134252Z  INFO get_globs:scan_sources: tailwindcss_oxide::scanner: Discovering "C:\\Users\\admin\\premium-invest-8\\.vscode"
2026-01-18T05:14:40.134434Z  INFO get_globs:scan_sources: tailwindcss_oxide::scanner: Discovering "C:\\Users\\admin\\premium-invest-8\\app"
2026-01-18T05:14:40.134511Z  INFO get_globs:scan_sources: tailwindcss_oxide::scanner: Discovering "C:\\Users\\admin\\premium-invest-8\\app\\(public)"
2026-01-18T05:14:40.134580Z  INFO get_globs:scan_sources: tailwindcss_oxide::scanner: Discovering "C:\\Users\\admin\\premium-invest-8\\app\\(public)\\archive"
2026-01-18T05:14:40.134679Z  INFO get_globs:scan_sources: tailwindcss_oxide::scanner: Discovering "C:\\Users\\admin\\premium-invest-8\\app\\(public)\\blueprint"
2026-01-18T05:14:40.134777Z  INFO get_globs:scan_sources: tailwindcss_oxide::scanner: Discovering "C:\\Users\\admin\\premium-invest-8\\app\\(public)\\live-intelligence-hero"
2026-01-18T05:14:40.134846Z  INFO get_globs:scan_sources: tailwindcss_oxide::scanner: Discovering "C:\\Users\\admin\\premium-invest-8\\app\\(public)\\live-intelligence-hero\\components"
2026-01-18T05:14:40.134959Z  INFO get_globs:scan_sources: tailwindcss_oxide::scanner: Discovering "C:\\Users\\admin\\premium-invest-8\\app\\about"
2026-01-18T05:14:40.135055Z  INFO get_globs:scan_sources: tailwindcss_oxide::scanner: Discovering "C:\\Users\\admin\\premium-invest-8\\app\\about-us"
2026-01-18T05:14:40.135151Z  INFO get_globs:scan_sources: tailwindcss_oxide::scanner: Discovering "C:\\Users\\admin\\premium-invest-8\\app\\admin-secret-akash"
2026-01-18T05:14:40.135259Z  INFO get_globs:scan_sources: tailwindcss_oxide::scanner: Discovering "C:\\Users\\admin\\premium-invest-8\\app\\admin-secret-xyz"
2026-01-18T05:14:40.135344Z  INFO get_globs:scan_sources: tailwindcss_oxide::scanner: Discovering "C:\\Users\\admin\\premium-invest-8\\app\\api"
2026-01-18T05:14:40.135418Z  INFO get_globs:scan_sources: tailwindcss_oxide::scanner: Discovering "C:\\Users\\admin\\premium-invest-8\\app\\api\\admin"
2026-01-18T05:14:40.135491Z  INFO get_globs:scan_sources: tailwindcss_oxide::scanner: Discovering "C:\\Users\\admin\\premium-invest-8\\app\\api\\admin\\affiliate-convert"
2026-01-18T05:14:40.135593Z  INFO get_globs:scan_sources: tailwindcss_oxide::scanner: Discovering "C:\\Users\\admin\\premium-invest-8\\app\\api\\admin\\affiliate-fail"
2026-01-18T05:14:40.135680Z  INFO get_globs:scan_sources: tailwindcss_oxide::scanner: Discovering "C:\\Users\\admin\\premium-invest-8\\app\\api\\admin\\affiliate-stats"
2026-01-18T05:14:40.135768Z  INFO get_globs:scan_sources: tailwindcss_oxide::scanner: Discovering "C:\\Users\\admin\\premium-invest-8\\app\\api\\admin\\affiliate-update"
2026-01-18T05:14:40.135855Z  INFO get_globs:scan_sources: tailwindcss_oxide::scanner: Discovering "C:\\Users\\admin\\premium-invest-8\\app\\api\\admin\\aio-tracker"
2026-01-18T05:14:40.135942Z  INFO get_globs:scan_sources: tailwindcss_oxide::scanner: Discovering "C:\\Users\\admin\\premium-invest-8\\app\\api\\admin\\analytics"
2026-01-18T05:14:40.136031Z  INFO get_globs:scan_sources: tailwindcss_oxide::scanner: Discovering "C:\\Users\\admin\\premium-invest-8\\app\\api\\admin\\daily-metrics"
2026-01-18T05:14:40.136117Z  INFO get_globs:scan_sources: tailwindcss_oxide::scanner: Discovering "C:\\Users\\admin\\premium-invest-8\\app\\api\\admin\\deliverables"
2026-01-18T05:14:40.136186Z  INFO get_globs:scan_sources: tailwindcss_oxide::scanner: Discovering "C:\\Users\\admin\\premium-invest-8\\app\\api\\admin\\deliverables\\email"
2026-01-18T05:14:40.136274Z  INFO get_globs:scan_sources: tailwindcss_oxide::scanner: Discovering "C:\\Users\\admin\\premium-invest-8\\app\\api\\admin\\deliverables\\pdf"
2026-01-18T05:14:40.136359Z  INFO get_globs:scan_sources: tailwindcss_oxide::scanner: Discovering "C:\\Users\\admin\\premium-invest-8\\app\\api\\admin\\deliverables\\preview"
2026-01-18T05:14:40.136426Z  INFO get_globs:scan_sources: tailwindcss_oxide::scanner: Discovering "C:\\Users\\admin\\premium-invest-8\\app\\api\\admin\\deliverables\\preview\\email"
2026-01-18T05:14:40.136513Z  INFO get_globs:scan_sources: tailwindcss_oxide::scanner: Discovering "C:\\Users\\admin\\premium-invest-8\\app\\api\\admin\\deliverables\\preview\\pdf"
2026-01-18T05:14:40.136626Z  INFO get_globs:scan_sources: tailwindcss_oxide::scanner: Discovering "C:\\Users\\admin\\premium-invest-8\\app\\api\\admin\\email-preferences"
2026-01-18T05:14:40.136715Z  INFO get_globs:scan_sources: tailwindcss_oxide::scanner: Discovering "C:\\Users\\admin\\premium-invest-8\\app\\api\\admin\\export"
2026-01-18T05:14:40.136800Z  INFO get_globs:scan_sources: tailwindcss_oxide::scanner: Discovering "C:\\Users\\admin\\premium-invest-8\\app\\api\\admin\\family"
2026-01-18T05:14:40.136867Z  INFO get_globs:scan_sources: tailwindcss_oxide::scanner: Discovering "C:\\Users\\admin\\premium-invest-8\\app\\api\\admin\\family\\login"
2026-01-18T05:14:40.136951Z  INFO get_globs:scan_sources: tailwindcss_oxide::scanner: Discovering "C:\\Users\\admin\\premium-invest-8\\app\\api\\admin\\family\\logout"
2026-01-18T05:14:40.137042Z  INFO get_globs:scan_sources: tailwindcss_oxide::scanner: Discovering "C:\\Users\\admin\\premium-invest-8\\app\\api\\admin\\family-stats"
2026-01-18T05:14:40.137126Z  INFO get_globs:scan_sources: tailwindcss_oxide::scanner: Discovering "C:\\Users\\admin\\premium-invest-8\\app\\api\\admin\\headlines"
2026-01-18T05:14:40.137212Z  INFO get_globs:scan_sources: tailwindcss_oxide::scanner: Discovering "C:\\Users\\admin\\premium-invest-8\\app\\api\\admin\\leads"
2026-01-18T05:14:40.137298Z  INFO get_globs:scan_sources: tailwindcss_oxide::scanner: Discovering "C:\\Users\\admin\\premium-invest-8\\app\\api\\admin\\live-intelligence"
2026-01-18T05:14:40.137382Z  INFO get_globs:scan_sources: tailwindcss_oxide::scanner: Discovering "C:\\Users\\admin\\premium-invest-8\\app\\api\\admin\\login"
2026-01-18T05:14:40.137465Z  INFO get_globs:scan_sources: tailwindcss_oxide::scanner: Discovering "C:\\Users\\admin\\premium-invest-8\\app\\api\\admin\\logout"
2026-01-18T05:14:40.137549Z  INFO get_globs:scan_sources: tailwindcss_oxide::scanner: Discovering "C:\\Users\\admin\\premium-invest-8\\app\\api\\admin\\revenue"
2026-01-18T05:14:40.137632Z  INFO get_globs:scan_sources: tailwindcss_oxide::scanner: Discovering "C:\\Users\\admin\\premium-invest-8\\app\\api\\admin\\strategy"
2026-01-18T05:14:40.137727Z  INFO get_globs:scan_sources: tailwindcss_oxide::scanner: Discovering "C:\\Users\\admin\\premium-invest-8\\app\\api\\admin\\summary"
2026-01-18T05:14:40.137812Z  INFO get_globs:scan_sources: tailwindcss_oxide::scanner: Discovering "C:\\Users\\admin\\premium-invest-8\\app\\api\\admin\\test-email"
2026-01-18T05:14:40.137898Z  INFO get_globs:scan_sources: tailwindcss_oxide::scanner: Discovering "C:\\Users\\admin\\premium-invest-8\\app\\api\\admin\\test-property-vs-sip-emails"
2026-01-18T05:14:40.137985Z  INFO get_globs:scan_sources: tailwindcss_oxide::scanner: Discovering "C:\\Users\\admin\\premium-invest-8\\app\\api\\admin\\verify"
2026-01-18T05:14:40.138076Z  INFO get_globs:scan_sources: tailwindcss_oxide::scanner: Discovering "C:\\Users\\admin\\premium-invest-8\\app\\api\\affiliate"
2026-01-18T05:14:40.138145Z  INFO get_globs:scan_sources: tailwindcss_oxide::scanner: Discovering "C:\\Users\\admin\\premium-invest-8\\app\\api\\affiliate\\click"
2026-01-18T05:14:40.138242Z  INFO get_globs:scan_sources: tailwindcss_oxide::scanner: Discovering "C:\\Users\\admin\\premium-invest-8\\app\\api\\ai"
2026-01-18T05:14:40.138309Z  INFO get_globs:scan_sources: tailwindcss_oxide::scanner: Discovering "C:\\Users\\admin\\premium-invest-8\\app\\api\\ai\\generate-summary"
2026-01-18T05:14:40.138400Z  INFO get_globs:scan_sources: tailwindcss_oxide::scanner: Discovering "C:\\Users\\admin\\premium-invest-8\\app\\api\\analytics"
2026-01-18T05:14:40.138467Z  INFO get_globs:scan_sources: tailwindcss_oxide::scanner: Discovering "C:\\Users\\admin\\premium-invest-8\\app\\api\\analytics\\live-intelligence"
2026-01-18T05:14:40.138560Z  INFO get_globs:scan_sources: tailwindcss_oxide::scanner: Discovering "C:\\Users\\admin\\premium-invest-8\\app\\api\\blog"
2026-01-18T05:14:40.138645Z  INFO get_globs:scan_sources: tailwindcss_oxide::scanner: Discovering "C:\\Users\\admin\\premium-invest-8\\app\\api\\bmwealth"
2026-01-18T05:14:40.138730Z  INFO get_globs:scan_sources: tailwindcss_oxide::scanner: Discovering "C:\\Users\\admin\\premium-invest-8\\app\\api\\breaking-news"
2026-01-18T05:14:40.138815Z  INFO get_globs:scan_sources: tailwindcss_oxide::scanner: Discovering "C:\\Users\\admin\\premium-invest-8\\app\\api\\chat"
2026-01-18T05:14:40.138900Z  INFO get_globs:scan_sources: tailwindcss_oxide::scanner: Discovering "C:\\Users\\admin\\premium-invest-8\\app\\api\\contact"
2026-01-18T05:14:40.138984Z  INFO get_globs:scan_sources: tailwindcss_oxide::scanner: Discovering "C:\\Users\\admin\\premium-invest-8\\app\\api\\cron"
2026-01-18T05:14:40.139054Z  INFO get_globs:scan_sources: tailwindcss_oxide::scanner: Discovering "C:\\Users\\admin\\premium-invest-8\\app\\api\\cron\\check-expiry"
2026-01-18T05:14:40.139140Z  INFO get_globs:scan_sources: tailwindcss_oxide::scanner: Discovering "C:\\Users\\admin\\premium-invest-8\\app\\api\\cron\\daily-summary"
2026-01-18T05:14:40.139226Z  INFO get_globs:scan_sources: tailwindcss_oxide::scanner: Discovering "C:\\Users\\admin\\premium-invest-8\\app\\api\\cron\\headlines"
2026-01-18T05:14:40.139311Z  INFO get_globs:scan_sources: tailwindcss_oxide::scanner: Discovering "C:\\Users\\admin\\premium-invest-8\\app\\api\\cron\\weekly-summary"
2026-01-18T05:14:40.139396Z  INFO get_globs:scan_sources: tailwindcss_oxide::scanner: Discovering "C:\\Users\\admin\\premium-invest-8\\app\\api\\cron\\whatsapp-followups"
2026-01-18T05:14:40.139487Z  INFO get_globs:scan_sources: tailwindcss_oxide::scanner: Discovering "C:\\Users\\admin\\premium-invest-8\\app\\api\\email"
2026-01-18T05:14:40.139553Z  INFO get_globs:scan_sources: tailwindcss_oxide::scanner: Discovering "C:\\Users\\admin\\premium-invest-8\\app\\api\\email\\click"
2026-01-18T05:14:40.139637Z  INFO get_globs:scan_sources: tailwindcss_oxide::scanner: Discovering "C:\\Users\\admin\\premium-invest-8\\app\\api\\email\\open"
2026-01-18T05:14:40.139727Z  INFO get_globs:scan_sources: tailwindcss_oxide::scanner: Discovering "C:\\Users\\admin\\premium-invest-8\\app\\api\\events"
2026-01-18T05:14:40.139828Z  INFO get_globs:scan_sources: tailwindcss_oxide::scanner: Discovering "C:\\Users\\admin\\premium-invest-8\\app\\api\\generate-pdf"
2026-01-18T05:14:40.139915Z  INFO get_globs:scan_sources: tailwindcss_oxide::scanner: Discovering "C:\\Users\\admin\\premium-invest-8\\app\\api\\health"
2026-01-18T05:14:40.139998Z  INFO get_globs:scan_sources: tailwindcss_oxide::scanner: Discovering "C:\\Users\\admin\\premium-invest-8\\app\\api\\leads"
2026-01-18T05:14:40.140064Z  INFO get_globs:scan_sources: tailwindcss_oxide::scanner: Discovering "C:\\Users\\admin\\premium-invest-8\\app\\api\\leads\\capture"
2026-01-18T05:14:40.140169Z  INFO get_globs:scan_sources: tailwindcss_oxide::scanner: Discovering "C:\\Users\\admin\\premium-invest-8\\app\\api\\live-intelligence"
2026-01-18T05:14:40.140240Z  INFO get_globs:scan_sources: tailwindcss_oxide::scanner: Discovering "C:\\Users\\admin\\premium-invest-8\\app\\api\\live-intelligence\\archive"
2026-01-18T05:14:40.140326Z  INFO get_globs:scan_sources: tailwindcss_oxide::scanner: Discovering "C:\\Users\\admin\\premium-invest-8\\app\\api\\live-intelligence\\explain"
2026-01-18T05:14:40.140412Z  INFO get_globs:scan_sources: tailwindcss_oxide::scanner: Discovering "C:\\Users\\admin\\premium-invest-8\\app\\api\\live-intelligence\\feed"
2026-01-18T05:14:40.140514Z  INFO get_globs:scan_sources: tailwindcss_oxide::scanner: Discovering "C:\\Users\\admin\\premium-invest-8\\app\\api\\live-intelligence\\ingest"
2026-01-18T05:14:40.140598Z  INFO get_globs:scan_sources: tailwindcss_oxide::scanner: Discovering "C:\\Users\\admin\\premium-invest-8\\app\\api\\live-intelligence\\mood"
2026-01-18T05:14:40.140684Z  INFO get_globs:scan_sources: tailwindcss_oxide::scanner: Discovering "C:\\Users\\admin\\premium-invest-8\\app\\api\\live-intelligence\\night-summary"
2026-01-18T05:14:40.140772Z  INFO get_globs:scan_sources: tailwindcss_oxide::scanner: Discovering "C:\\Users\\admin\\premium-invest-8\\app\\api\\live-intelligence\\process"
2026-01-18T05:14:40.140858Z  INFO get_globs:scan_sources: tailwindcss_oxide::scanner: Discovering "C:\\Users\\admin\\premium-invest-8\\app\\api\\live-intelligence\\status"
2026-01-18T05:14:40.140952Z  INFO get_globs:scan_sources: tailwindcss_oxide::scanner: Discovering "C:\\Users\\admin\\premium-invest-8\\app\\api\\market-data"
2026-01-18T05:14:40.141037Z  INFO get_globs:scan_sources: tailwindcss_oxide::scanner: Discovering "C:\\Users\\admin\\premium-invest-8\\app\\api\\newsletter"
2026-01-18T05:14:40.141104Z  INFO get_globs:scan_sources: tailwindcss_oxide::scanner: Discovering "C:\\Users\\admin\\premium-invest-8\\app\\api\\newsletter\\subscribe"
2026-01-18T05:14:40.141199Z  INFO get_globs:scan_sources: tailwindcss_oxide::scanner: Discovering "C:\\Users\\admin\\premium-invest-8\\app\\api\\payments"
2026-01-18T05:14:40.141268Z  INFO get_globs:scan_sources: tailwindcss_oxide::scanner: Discovering "C:\\Users\\admin\\premium-invest-8\\app\\api\\payments\\cashfree"
2026-01-18T05:14:40.141341Z  INFO get_globs:scan_sources: tailwindcss_oxide::scanner: Discovering "C:\\Users\\admin\\premium-invest-8\\app\\api\\payments\\cashfree\\create-order"
2026-01-18T05:14:40.141440Z  INFO get_globs:scan_sources: tailwindcss_oxide::scanner: Discovering "C:\\Users\\admin\\premium-invest-8\\app\\api\\pdf"
2026-01-18T05:14:40.141510Z  INFO get_globs:scan_sources: tailwindcss_oxide::scanner: Discovering "C:\\Users\\admin\\premium-invest-8\\app\\api\\pdf\\generate"
2026-01-18T05:14:40.141597Z  INFO get_globs:scan_sources: tailwindcss_oxide::scanner: Discovering "C:\\Users\\admin\\premium-invest-8\\app\\api\\pdf\\service"
2026-01-18T05:14:40.141690Z  INFO get_globs:scan_sources: tailwindcss_oxide::scanner: Discovering "C:\\Users\\admin\\premium-invest-8\\app\\api\\property-vs-sip"
2026-01-18T05:14:40.141762Z  INFO get_globs:scan_sources: tailwindcss_oxide::scanner: Discovering "C:\\Users\\admin\\premium-invest-8\\app\\api\\property-vs-sip\\email-summary"
2026-01-18T05:14:40.141855Z  INFO get_globs:scan_sources: tailwindcss_oxide::scanner: Discovering "C:\\Users\\admin\\premium-invest-8\\app\\api\\razorpay"
2026-01-18T05:14:40.141925Z  INFO get_globs:scan_sources: tailwindcss_oxide::scanner: Discovering "C:\\Users\\admin\\premium-invest-8\\app\\api\\razorpay\\create-order"
2026-01-18T05:14:40.142014Z  INFO get_globs:scan_sources: tailwindcss_oxide::scanner: Discovering "C:\\Users\\admin\\premium-invest-8\\app\\api\\razorpay\\verify"
2026-01-18T05:14:40.142104Z  INFO get_globs:scan_sources: tailwindcss_oxide::scanner: Discovering "C:\\Users\\admin\\premium-invest-8\\app\\api\\rss-proxy"
2026-01-18T05:14:40.142186Z  INFO get_globs:scan_sources: tailwindcss_oxide::scanner: Discovering "C:\\Users\\admin\\premium-invest-8\\app\\api\\tools"
2026-01-18T05:14:40.142254Z  INFO get_globs:scan_sources: tailwindcss_oxide::scanner: Discovering "C:\\Users\\admin\\premium-invest-8\\app\\api\\tools\\aio"
2026-01-18T05:14:40.142319Z  INFO get_globs:scan_sources: tailwindcss_oxide::scanner: Discovering "C:\\Users\\admin\\premium-invest-8\\app\\api\\tools\\aio\\email"
2026-01-18T05:14:40.142417Z  INFO get_globs:scan_sources: tailwindcss_oxide::scanner: Discovering "C:\\Users\\admin\\premium-invest-8\\app\\api\\track"
2026-01-18T05:14:40.142503Z  INFO get_globs:scan_sources: tailwindcss_oxide::scanner: Discovering "C:\\Users\\admin\\premium-invest-8\\app\\api\\whatsapp"
2026-01-18T05:14:40.142569Z  INFO get_globs:scan_sources: tailwindcss_oxide::scanner: Discovering "C:\\Users\\admin\\premium-invest-8\\app\\api\\whatsapp\\opt-in"
2026-01-18T05:14:40.142652Z  INFO get_globs:scan_sources: tailwindcss_oxide::scanner: Discovering "C:\\Users\\admin\\premium-invest-8\\app\\api\\whatsapp\\webhook"
2026-01-18T05:14:40.142758Z  INFO get_globs:scan_sources: tailwindcss_oxide::scanner: Discovering "C:\\Users\\admin\\premium-invest-8\\app\\blog"
2026-01-18T05:14:40.142852Z  INFO get_globs:scan_sources: tailwindcss_oxide::scanner: Discovering "C:\\Users\\admin\\premium-invest-8\\app\\blog\\[slug]"
2026-01-18T05:14:40.142955Z  INFO get_globs:scan_sources: tailwindcss_oxide::scanner: Discovering "C:\\Users\\admin\\premium-invest-8\\app\\careers"
2026-01-18T05:14:40.143050Z  INFO get_globs:scan_sources: tailwindcss_oxide::scanner: Discovering "C:\\Users\\admin\\premium-invest-8\\app\\client-portal"
2026-01-18T05:14:40.143137Z  INFO get_globs:scan_sources: tailwindcss_oxide::scanner: Discovering "C:\\Users\\admin\\premium-invest-8\\app\\compliance"
2026-01-18T05:14:40.143232Z  INFO get_globs:scan_sources: tailwindcss_oxide::scanner: Discovering "C:\\Users\\admin\\premium-invest-8\\app\\contact"
2026-01-18T05:14:40.143327Z  INFO get_globs:scan_sources: tailwindcss_oxide::scanner: Discovering "C:\\Users\\admin\\premium-invest-8\\app\\curated-partners"
2026-01-18T05:14:40.143423Z  INFO get_globs:scan_sources: tailwindcss_oxide::scanner: Discovering "C:\\Users\\admin\\premium-invest-8\\app\\dashboard"
2026-01-18T05:14:40.143513Z  INFO get_globs:scan_sources: tailwindcss_oxide::scanner: Discovering "C:\\Users\\admin\\premium-invest-8\\app\\disclaimer"
2026-01-18T05:14:40.143616Z  INFO get_globs:scan_sources: tailwindcss_oxide::scanner: Discovering "C:\\Users\\admin\\premium-invest-8\\app\\fixed-deposits"
2026-01-18T05:14:40.143751Z  INFO get_globs:scan_sources: tailwindcss_oxide::scanner: Discovering "C:\\Users\\admin\\premium-invest-8\\app\\insurance"
2026-01-18T05:14:40.143887Z  INFO get_globs:scan_sources: tailwindcss_oxide::scanner: Discovering "C:\\Users\\admin\\premium-invest-8\\app\\legal-disclosures"
2026-01-18T05:14:40.143973Z  INFO get_globs:scan_sources: tailwindcss_oxide::scanner: Discovering "C:\\Users\\admin\\premium-invest-8\\app\\live-intelligence"
2026-01-18T05:14:40.144061Z  INFO get_globs:scan_sources: tailwindcss_oxide::scanner: Discovering "C:\\Users\\admin\\premium-invest-8\\app\\login"
2026-01-18T05:14:40.144156Z  INFO get_globs:scan_sources: tailwindcss_oxide::scanner: Discovering "C:\\Users\\admin\\premium-invest-8\\app\\mutual-funds"
2026-01-18T05:14:40.144252Z  INFO get_globs:scan_sources: tailwindcss_oxide::scanner: Discovering "C:\\Users\\admin\\premium-invest-8\\app\\payment-failed"
2026-01-18T05:14:40.144341Z  INFO get_globs:scan_sources: tailwindcss_oxide::scanner: Discovering "C:\\Users\\admin\\premium-invest-8\\app\\payment-success"
2026-01-18T05:14:40.144427Z  INFO get_globs:scan_sources: tailwindcss_oxide::scanner: Discovering "C:\\Users\\admin\\premium-invest-8\\app\\platforms"
2026-01-18T05:14:40.144524Z  INFO get_globs:scan_sources: tailwindcss_oxide::scanner: Discovering "C:\\Users\\admin\\premium-invest-8\\app\\portfolio-management"
2026-01-18T05:14:40.144620Z  INFO get_globs:scan_sources: tailwindcss_oxide::scanner: Discovering "C:\\Users\\admin\\premium-invest-8\\app\\privacy"
2026-01-18T05:14:40.144715Z  INFO get_globs:scan_sources: tailwindcss_oxide::scanner: Discovering "C:\\Users\\admin\\premium-invest-8\\app\\privacy-policy"
2026-01-18T05:14:40.144798Z  INFO get_globs:scan_sources: tailwindcss_oxide::scanner: Discovering "C:\\Users\\admin\\premium-invest-8\\app\\products"
2026-01-18T05:14:40.144881Z  INFO get_globs:scan_sources: tailwindcss_oxide::scanner: Discovering "C:\\Users\\admin\\premium-invest-8\\app\\refund"
2026-01-18T05:14:40.144975Z  INFO get_globs:scan_sources: tailwindcss_oxide::scanner: Discovering "C:\\Users\\admin\\premium-invest-8\\app\\refund-policy"
2026-01-18T05:14:40.145059Z  INFO get_globs:scan_sources: tailwindcss_oxide::scanner: Discovering "C:\\Users\\admin\\premium-invest-8\\app\\regulatory-compliance"
2026-01-18T05:14:40.145156Z  INFO get_globs:scan_sources: tailwindcss_oxide::scanner: Discovering "C:\\Users\\admin\\premium-invest-8\\app\\services"
2026-01-18T05:14:40.145265Z  INFO get_globs:scan_sources: tailwindcss_oxide::scanner: Discovering "C:\\Users\\admin\\premium-invest-8\\app\\sip"
2026-01-18T05:14:40.145359Z  INFO get_globs:scan_sources: tailwindcss_oxide::scanner: Discovering "C:\\Users\\admin\\premium-invest-8\\app\\sip-calculator"
2026-01-18T05:14:40.145442Z  INFO get_globs:scan_sources: tailwindcss_oxide::scanner: Discovering "C:\\Users\\admin\\premium-invest-8\\app\\sitemap"
2026-01-18T05:14:40.145530Z  INFO get_globs:scan_sources: tailwindcss_oxide::scanner: Discovering "C:\\Users\\admin\\premium-invest-8\\app\\sitemap-page"
2026-01-18T05:14:40.145637Z  INFO get_globs:scan_sources: tailwindcss_oxide::scanner: Discovering "C:\\Users\\admin\\premium-invest-8\\app\\tax-leak-detector"
2026-01-18T05:14:40.145721Z  INFO get_globs:scan_sources: tailwindcss_oxide::scanner: Discovering "C:\\Users\\admin\\premium-invest-8\\app\\terms"
2026-01-18T05:14:40.145817Z  INFO get_globs:scan_sources: tailwindcss_oxide::scanner: Discovering "C:\\Users\\admin\\premium-invest-8\\app\\terms-and-conditions"
2026-01-18T05:14:40.145904Z  INFO get_globs:scan_sources: tailwindcss_oxide::scanner: Discovering "C:\\Users\\admin\\premium-invest-8\\app\\tools"
2026-01-18T05:14:40.145980Z  INFO get_globs:scan_sources: tailwindcss_oxide::scanner: Discovering "C:\\Users\\admin\\premium-invest-8\\app\\tools\\all-calculators"
2026-01-18T05:14:40.146068Z  INFO get_globs:scan_sources: tailwindcss_oxide::scanner: Discovering "C:\\Users\\admin\\premium-invest-8\\app\\tools\\calc-share"
2026-01-18T05:14:40.146153Z  INFO get_globs:scan_sources: tailwindcss_oxide::scanner: Discovering "C:\\Users\\admin\\premium-invest-8\\app\\tools\\insurance-value"
2026-01-18T05:14:40.146240Z  INFO get_globs:scan_sources: tailwindcss_oxide::scanner: Discovering "C:\\Users\\admin\\premium-invest-8\\app\\tools\\itr-filing-help"
2026-01-18T05:14:40.146326Z  INFO get_globs:scan_sources: tailwindcss_oxide::scanner: Discovering "C:\\Users\\admin\\premium-invest-8\\app\\tools\\lumpsum-planner"
2026-01-18T05:14:40.146422Z  INFO get_globs:scan_sources: tailwindcss_oxide::scanner: Discovering "C:\\Users\\admin\\premium-invest-8\\app\\tools\\property-vs-sip"
2026-01-18T05:14:40.146509Z  INFO get_globs:scan_sources: tailwindcss_oxide::scanner: Discovering "C:\\Users\\admin\\premium-invest-8\\app\\tools\\retirement-gap"
2026-01-18T05:14:40.146594Z  INFO get_globs:scan_sources: tailwindcss_oxide::scanner: Discovering "C:\\Users\\admin\\premium-invest-8\\app\\tools\\tax-leak-detector"
2026-01-18T05:14:40.146682Z  INFO get_globs:scan_sources: tailwindcss_oxide::scanner: Discovering "C:\\Users\\admin\\premium-invest-8\\app\\tools\\tax-optimization"
2026-01-18T05:14:40.146775Z  INFO get_globs:scan_sources: tailwindcss_oxide::scanner: Discovering "C:\\Users\\admin\\premium-invest-8\\app\\track"
2026-01-18T05:14:40.146842Z  INFO get_globs:scan_sources: tailwindcss_oxide::scanner: Discovering "C:\\Users\\admin\\premium-invest-8\\app\\track\\[platform]"
2026-01-18T05:14:40.146933Z  INFO get_globs:scan_sources: tailwindcss_oxide::scanner: Discovering "C:\\Users\\admin\\premium-invest-8\\app\\trading-services"
2026-01-18T05:14:40.147029Z  INFO get_globs:scan_sources: tailwindcss_oxide::scanner: Discovering "C:\\Users\\admin\\premium-invest-8\\app\\v0-test"
2026-01-18T05:14:40.147123Z  INFO get_globs:scan_sources: tailwindcss_oxide::scanner: Discovering "C:\\Users\\admin\\premium-invest-8\\backend"
2026-01-18T05:14:40.147227Z  INFO get_globs:scan_sources: tailwindcss_oxide::scanner: Discovering "C:\\Users\\admin\\premium-invest-8\\backup"
2026-01-18T05:14:40.147304Z  INFO get_globs:scan_sources: tailwindcss_oxide::scanner: Discovering "C:\\Users\\admin\\premium-invest-8\\backup\\live-intelligence-2026-01-13"
2026-01-18T05:14:40.147405Z  INFO get_globs:scan_sources: tailwindcss_oxide::scanner: Discovering "C:\\Users\\admin\\premium-invest-8\\backup\\live-intelligence-2026-01-13\\components"
2026-01-18T05:14:40.147639Z  INFO get_globs:scan_sources: tailwindcss_oxide::scanner: Discovering "C:\\Users\\admin\\premium-invest-8\\backup\\live-intelligence-locked-2026-01-15"
2026-01-18T05:14:40.147946Z  INFO get_globs:scan_sources: tailwindcss_oxide::scanner: Discovering "C:\\Users\\admin\\premium-invest-8\\components"
2026-01-18T05:14:40.148020Z  INFO get_globs:scan_sources: tailwindcss_oxide::scanner: Discovering "C:\\Users\\admin\\premium-invest-8\\components\\admin"
2026-01-18T05:14:40.148252Z  INFO get_globs:scan_sources: tailwindcss_oxide::scanner: Discovering "C:\\Users\\admin\\premium-invest-8\\components\\analytics"
2026-01-18T05:14:40.148357Z  INFO get_globs:scan_sources: tailwindcss_oxide::scanner: Discovering "C:\\Users\\admin\\premium-invest-8\\components\\calculators"
2026-01-18T05:14:40.148679Z  INFO get_globs:scan_sources: tailwindcss_oxide::scanner: Discovering "C:\\Users\\admin\\premium-invest-8\\components\\home"
2026-01-18T05:14:40.148841Z  INFO get_globs:scan_sources: tailwindcss_oxide::scanner: Discovering "C:\\Users\\admin\\premium-invest-8\\components\\live-intelligence"
2026-01-18T05:14:40.149126Z  INFO get_globs:scan_sources: tailwindcss_oxide::scanner: Discovering "C:\\Users\\admin\\premium-invest-8\\components\\shared"
2026-01-18T05:14:40.149477Z  INFO get_globs:scan_sources: tailwindcss_oxide::scanner: Discovering "C:\\Users\\admin\\premium-invest-8\\components\\tools"
2026-01-18T05:14:40.149576Z  INFO get_globs:scan_sources: tailwindcss_oxide::scanner: Discovering "C:\\Users\\admin\\premium-invest-8\\components\\ui"
2026-01-18T05:14:40.150182Z  INFO get_globs:scan_sources: tailwindcss_oxide::scanner: Discovering "C:\\Users\\admin\\premium-invest-8\\components\\user"
2026-01-18T05:14:40.150529Z  INFO get_globs:scan_sources: tailwindcss_oxide::scanner: Discovering "C:\\Users\\admin\\premium-invest-8\\config"
2026-01-18T05:14:40.150639Z  INFO get_globs:scan_sources: tailwindcss_oxide::scanner: Discovering "C:\\Users\\admin\\premium-invest-8\\core"
2026-01-18T05:14:40.150707Z  INFO get_globs:scan_sources: tailwindcss_oxide::scanner: Discovering "C:\\Users\\admin\\premium-invest-8\\core\\admin"
2026-01-18T05:14:40.150804Z  INFO get_globs:scan_sources: tailwindcss_oxide::scanner: Discovering "C:\\Users\\admin\\premium-invest-8\\core\\chat"
2026-01-18T05:14:40.150930Z  INFO get_globs:scan_sources: tailwindcss_oxide::scanner: Discovering "C:\\Users\\admin\\premium-invest-8\\core\\marketTicker"
2026-01-18T05:14:40.151080Z  INFO get_globs:scan_sources: tailwindcss_oxide::scanner: Discovering "C:\\Users\\admin\\premium-invest-8\\data"
2026-01-18T05:14:40.151232Z  INFO get_globs:scan_sources: tailwindcss_oxide::scanner: Discovering "C:\\Users\\admin\\premium-invest-8\\database_backup"
2026-01-18T05:14:40.151307Z  INFO get_globs:scan_sources: tailwindcss_oxide::scanner: Discovering "C:\\Users\\admin\\premium-invest-8\\database_backup\\test_database"
2026-01-18T05:14:40.151554Z  INFO get_globs:scan_sources: tailwindcss_oxide::scanner: Discovering "C:\\Users\\admin\\premium-invest-8\\docs"
2026-01-18T05:14:40.151730Z  INFO get_globs:scan_sources: tailwindcss_oxide::scanner: Discovering "C:\\Users\\admin\\premium-invest-8\\docs\\design-references"
2026-01-18T05:14:40.151842Z  INFO get_globs:scan_sources: tailwindcss_oxide::scanner: Discovering "C:\\Users\\admin\\premium-invest-8\\docs\\live-intelligence"
2026-01-18T05:14:40.151990Z  INFO get_globs:scan_sources: tailwindcss_oxide::scanner: Discovering "C:\\Users\\admin\\premium-invest-8\\docs\\SCREENSHOTS"
2026-01-18T05:14:40.152185Z  INFO get_globs:scan_sources: tailwindcss_oxide::scanner: Discovering "C:\\Users\\admin\\premium-invest-8\\features"
2026-01-18T05:14:40.152263Z  INFO get_globs:scan_sources: tailwindcss_oxide::scanner: Discovering "C:\\Users\\admin\\premium-invest-8\\features\\plugins"
2026-01-18T05:14:40.152380Z  INFO get_globs:scan_sources: tailwindcss_oxide::scanner: Discovering "C:\\Users\\admin\\premium-invest-8\\frontend"
2026-01-18T05:14:40.152800Z  INFO get_globs:scan_sources: tailwindcss_oxide::scanner: Discovering "C:\\Users\\admin\\premium-invest-8\\frontend\\plugins"
2026-01-18T05:14:40.152873Z  INFO get_globs:scan_sources: tailwindcss_oxide::scanner: Discovering "C:\\Users\\admin\\premium-invest-8\\frontend\\plugins\\health-check"
2026-01-18T05:14:40.152976Z  INFO get_globs:scan_sources: tailwindcss_oxide::scanner: Discovering "C:\\Users\\admin\\premium-invest-8\\frontend\\plugins\\visual-edits"
2026-01-18T05:14:40.153100Z  INFO get_globs:scan_sources: tailwindcss_oxide::scanner: Discovering "C:\\Users\\admin\\premium-invest-8\\frontend\\public"
2026-01-18T05:14:40.153194Z  INFO get_globs:scan_sources: tailwindcss_oxide::scanner: Discovering "C:\\Users\\admin\\premium-invest-8\\frontend\\public\\blog-images"
2026-01-18T05:14:40.153285Z  INFO get_globs:scan_sources: tailwindcss_oxide::scanner: Discovering "C:\\Users\\admin\\premium-invest-8\\frontend\\public\\fonts"
2026-01-18T05:14:40.153465Z  INFO get_globs:scan_sources: tailwindcss_oxide::scanner: Discovering "C:\\Users\\admin\\premium-invest-8\\frontend\\scripts"
2026-01-18T05:14:40.153557Z  INFO get_globs:scan_sources: tailwindcss_oxide::scanner: Discovering "C:\\Users\\admin\\premium-invest-8\\frontend\\src"
2026-01-18T05:14:40.153645Z  INFO get_globs:scan_sources: tailwindcss_oxide::scanner: Discovering "C:\\Users\\admin\\premium-invest-8\\frontend\\src\\components"
2026-01-18T05:14:40.153840Z  INFO get_globs:scan_sources: tailwindcss_oxide::scanner: Discovering "C:\\Users\\admin\\premium-invest-8\\frontend\\src\\components\\ui"
2026-01-18T05:14:40.154517Z  INFO get_globs:scan_sources: tailwindcss_oxide::scanner: Discovering "C:\\Users\\admin\\premium-invest-8\\frontend\\src\\data"
2026-01-18T05:14:40.154607Z  INFO get_globs:scan_sources: tailwindcss_oxide::scanner: Discovering "C:\\Users\\admin\\premium-invest-8\\frontend\\src\\hooks"
2026-01-18T05:14:40.154725Z  INFO get_globs:scan_sources: tailwindcss_oxide::scanner: Discovering "C:\\Users\\admin\\premium-invest-8\\frontend\\src\\lib"
2026-01-18T05:14:40.154813Z  INFO get_globs:scan_sources: tailwindcss_oxide::scanner: Discovering "C:\\Users\\admin\\premium-invest-8\\frontend\\src\\pages"
2026-01-18T05:14:40.155270Z  INFO get_globs:scan_sources: tailwindcss_oxide::scanner: Discovering "C:\\Users\\admin\\premium-invest-8\\hooks"
2026-01-18T05:14:40.155417Z  INFO get_globs:scan_sources: tailwindcss_oxide::scanner: Discovering "C:\\Users\\admin\\premium-invest-8\\lib"
2026-01-18T05:14:40.155503Z  INFO get_globs:scan_sources: tailwindcss_oxide::scanner: Discovering "C:\\Users\\admin\\premium-invest-8\\lib\\affiliate"
2026-01-18T05:14:40.155596Z  INFO get_globs:scan_sources: tailwindcss_oxide::scanner: Discovering "C:\\Users\\admin\\premium-invest-8\\lib\\ai"
2026-01-18T05:14:40.155770Z  INFO get_globs:scan_sources: tailwindcss_oxide::scanner: Discovering "C:\\Users\\admin\\premium-invest-8\\lib\\auth"
2026-01-18T05:14:40.155911Z  INFO get_globs:scan_sources: tailwindcss_oxide::scanner: Discovering "C:\\Users\\admin\\premium-invest-8\\lib\\cache"
2026-01-18T05:14:40.156002Z  INFO get_globs:scan_sources: tailwindcss_oxide::scanner: Discovering "C:\\Users\\admin\\premium-invest-8\\lib\\db"
2026-01-18T05:14:40.156177Z  INFO get_globs:scan_sources: tailwindcss_oxide::scanner: Discovering "C:\\Users\\admin\\premium-invest-8\\lib\\email"
2026-01-18T05:14:40.156332Z  INFO get_globs:scan_sources: tailwindcss_oxide::scanner: Discovering "C:\\Users\\admin\\premium-invest-8\\lib\\hooks"
2026-01-18T05:14:40.156470Z  INFO get_globs:scan_sources: tailwindcss_oxide::scanner: Discovering "C:\\Users\\admin\\premium-invest-8\\lib\\live-intelligence"
2026-01-18T05:14:40.156672Z  INFO get_globs:scan_sources: tailwindcss_oxide::scanner: Discovering "C:\\Users\\admin\\premium-invest-8\\lib\\monitoring"
2026-01-18T05:14:40.156799Z  INFO get_globs:scan_sources: tailwindcss_oxide::scanner: Discovering "C:\\Users\\admin\\premium-invest-8\\lib\\pdf"
2026-01-18T05:14:40.156947Z  INFO get_globs:scan_sources: tailwindcss_oxide::scanner: Discovering "C:\\Users\\admin\\premium-invest-8\\lib\\pitching"
2026-01-18T05:14:40.157047Z  INFO get_globs:scan_sources: tailwindcss_oxide::scanner: Discovering "C:\\Users\\admin\\premium-invest-8\\lib\\plugins"
2026-01-18T05:14:40.157154Z  INFO get_globs:scan_sources: tailwindcss_oxide::scanner: Discovering "C:\\Users\\admin\\premium-invest-8\\lib\\seo"
2026-01-18T05:14:40.157260Z  INFO get_globs:scan_sources: tailwindcss_oxide::scanner: Discovering "C:\\Users\\admin\\premium-invest-8\\lib\\templates"
2026-01-18T05:14:40.157347Z  INFO get_globs:scan_sources: tailwindcss_oxide::scanner: Discovering "C:\\Users\\admin\\premium-invest-8\\lib\\ui"
2026-01-18T05:14:40.157456Z  INFO get_globs:scan_sources: tailwindcss_oxide::scanner: Discovering "C:\\Users\\admin\\premium-invest-8\\lib\\utils"
2026-01-18T05:14:40.157590Z  INFO get_globs:scan_sources: tailwindcss_oxide::scanner: Discovering "C:\\Users\\admin\\premium-invest-8\\lib\\whatsapp"
2026-01-18T05:14:40.157953Z  INFO get_globs:scan_sources: tailwindcss_oxide::scanner: Discovering "C:\\Users\\admin\\premium-invest-8\\public"
2026-01-18T05:14:40.158038Z  INFO get_globs:scan_sources: tailwindcss_oxide::scanner: Discovering "C:\\Users\\admin\\premium-invest-8\\public\\blog-images"
2026-01-18T05:14:40.158147Z  INFO get_globs:scan_sources: tailwindcss_oxide::scanner: Discovering "C:\\Users\\admin\\premium-invest-8\\public\\fonts"
2026-01-18T05:14:40.158286Z  INFO get_globs:scan_sources: tailwindcss_oxide::scanner: Discovering "C:\\Users\\admin\\premium-invest-8\\public\\services"
2026-01-18T05:14:40.158417Z  INFO get_globs:scan_sources: tailwindcss_oxide::scanner: Discovering "C:\\Users\\admin\\premium-invest-8\\public\\videos"
2026-01-18T05:14:40.158570Z  INFO get_globs:scan_sources: tailwindcss_oxide::scanner: Discovering "C:\\Users\\admin\\premium-invest-8\\scripts"
2026-01-18T05:14:40.158655Z  INFO get_globs:scan_sources: tailwindcss_oxide::scanner: Discovering "C:\\Users\\admin\\premium-invest-8\\scripts\\build"
2026-01-18T05:14:40.158909Z  INFO get_globs:scan_sources: tailwindcss_oxide::scanner: Discovering "C:\\Users\\admin\\premium-invest-8\\scripts\\safety"
2026-01-18T05:14:40.159074Z  INFO get_globs:scan_sources: tailwindcss_oxide::scanner: Discovering "C:\\Users\\admin\\premium-invest-8\\scripts\\security"
2026-01-18T05:14:40.159308Z  INFO get_globs:scan_sources: tailwindcss_oxide::scanner: Discovering "C:\\Users\\admin\\premium-invest-8\\supabase"
2026-01-18T05:14:40.159380Z  INFO get_globs:scan_sources: tailwindcss_oxide::scanner: Discovering "C:\\Users\\admin\\premium-invest-8\\supabase\\migrations"
2026-01-18T05:14:40.159561Z  INFO get_globs:scan_sources: tailwindcss_oxide::scanner: Discovering "C:\\Users\\admin\\premium-invest-8\\templates"
2026-01-18T05:14:40.159692Z  INFO get_globs:scan_sources: tailwindcss_oxide::scanner: Discovering "C:\\Users\\admin\\premium-invest-8\\tests"
2026-01-18T05:14:40.159765Z  INFO get_globs:scan_sources: tailwindcss_oxide::scanner: Discovering "C:\\Users\\admin\\premium-invest-8\\tests\\api"
2026-01-18T05:14:40.159865Z  INFO get_globs:scan_sources: tailwindcss_oxide::scanner: Discovering "C:\\Users\\admin\\premium-invest-8\\tests\\components"
2026-01-18T05:14:40.159973Z  INFO get_globs:scan_sources: tailwindcss_oxide::scanner: Discovering "C:\\Users\\admin\\premium-invest-8\\tests\\e2e"
2026-01-18T05:14:40.160059Z  INFO get_globs:scan_sources: tailwindcss_oxide::scanner: Discovering "C:\\Users\\admin\\premium-invest-8\\tests\\email"
2026-01-18T05:14:40.160144Z  INFO get_globs:scan_sources: tailwindcss_oxide::scanner: Discovering "C:\\Users\\admin\\premium-invest-8\\tests\\integration"
2026-01-18T05:14:40.160298Z  INFO get_globs:scan_sources: tailwindcss_oxide::scanner: Discovering "C:\\Users\\admin\\premium-invest-8\\utils"
2026-01-18T05:14:40.160866Z  INFO get_globs:scan_sources: tailwindcss_oxide::scanner: Discovering "C:\\Users\\admin\\premium-invest-8\\app\\(public)"
2026-01-18T05:14:40.160946Z  INFO get_globs:scan_sources: tailwindcss_oxide::scanner: Discovering "C:\\Users\\admin\\premium-invest-8\\app\\(public)\\archive"
2026-01-18T05:14:40.161099Z  INFO get_globs:scan_sources: tailwindcss_oxide::scanner: Discovering "C:\\Users\\admin\\premium-invest-8\\app\\(public)\\blueprint"
2026-01-18T05:14:40.161220Z  INFO get_globs:scan_sources: tailwindcss_oxide::scanner: Discovering "C:\\Users\\admin\\premium-invest-8\\app\\(public)\\live-intelligence-hero"
2026-01-18T05:14:40.161299Z  INFO get_globs:scan_sources: tailwindcss_oxide::scanner: Discovering "C:\\Users\\admin\\premium-invest-8\\app\\(public)\\live-intelligence-hero\\components"
2026-01-18T05:14:40.161432Z  INFO get_globs:scan_sources: tailwindcss_oxide::scanner: Discovering "C:\\Users\\admin\\premium-invest-8\\app\\about"
2026-01-18T05:14:40.161537Z  INFO get_globs:scan_sources: tailwindcss_oxide::scanner: Discovering "C:\\Users\\admin\\premium-invest-8\\app\\about-us"
2026-01-18T05:14:40.161644Z  INFO get_globs:scan_sources: tailwindcss_oxide::scanner: Discovering "C:\\Users\\admin\\premium-invest-8\\app\\admin-secret-akash"
2026-01-18T05:14:40.161758Z  INFO get_globs:scan_sources: tailwindcss_oxide::scanner: Discovering "C:\\Users\\admin\\premium-invest-8\\app\\admin-secret-xyz"
2026-01-18T05:14:40.161849Z  INFO get_globs:scan_sources: tailwindcss_oxide::scanner: Discovering "C:\\Users\\admin\\premium-invest-8\\app\\api"
2026-01-18T05:14:40.161940Z  INFO get_globs:scan_sources: tailwindcss_oxide::scanner: Discovering "C:\\Users\\admin\\premium-invest-8\\app\\api\\admin"
2026-01-18T05:14:40.162020Z  INFO get_globs:scan_sources: tailwindcss_oxide::scanner: Discovering "C:\\Users\\admin\\premium-invest-8\\app\\api\\admin\\affiliate-convert"
2026-01-18T05:14:40.162120Z  INFO get_globs:scan_sources: tailwindcss_oxide::scanner: Discovering "C:\\Users\\admin\\premium-invest-8\\app\\api\\admin\\affiliate-fail"
2026-01-18T05:14:40.162213Z  INFO get_globs:scan_sources: tailwindcss_oxide::scanner: Discovering "C:\\Users\\admin\\premium-invest-8\\app\\api\\admin\\affiliate-stats"
2026-01-18T05:14:40.162307Z  INFO get_globs:scan_sources: tailwindcss_oxide::scanner: Discovering "C:\\Users\\admin\\premium-invest-8\\app\\api\\admin\\affiliate-update"
2026-01-18T05:14:40.162407Z  INFO get_globs:scan_sources: tailwindcss_oxide::scanner: Discovering "C:\\Users\\admin\\premium-invest-8\\app\\api\\admin\\aio-tracker"
2026-01-18T05:14:40.162513Z  INFO get_globs:scan_sources: tailwindcss_oxide::scanner: Discovering "C:\\Users\\admin\\premium-invest-8\\app\\api\\admin\\analytics"
2026-01-18T05:14:40.162608Z  INFO get_globs:scan_sources: tailwindcss_oxide::scanner: Discovering "C:\\Users\\admin\\premium-invest-8\\app\\api\\admin\\daily-metrics"
2026-01-18T05:14:40.162702Z  INFO get_globs:scan_sources: tailwindcss_oxide::scanner: Discovering "C:\\Users\\admin\\premium-invest-8\\app\\api\\admin\\deliverables"
2026-01-18T05:14:40.162777Z  INFO get_globs:scan_sources: tailwindcss_oxide::scanner: Discovering "C:\\Users\\admin\\premium-invest-8\\app\\api\\admin\\deliverables\\email"
2026-01-18T05:14:40.162875Z  INFO get_globs:scan_sources: tailwindcss_oxide::scanner: Discovering "C:\\Users\\admin\\premium-invest-8\\app\\api\\admin\\deliverables\\pdf"
2026-01-18T05:14:40.162969Z  INFO get_globs:scan_sources: tailwindcss_oxide::scanner: Discovering "C:\\Users\\admin\\premium-invest-8\\app\\api\\admin\\deliverables\\preview"
2026-01-18T05:14:40.163042Z  INFO get_globs:scan_sources: tailwindcss_oxide::scanner: Discovering "C:\\Users\\admin\\premium-invest-8\\app\\api\\admin\\deliverables\\preview\\email"
2026-01-18T05:14:40.163140Z  INFO get_globs:scan_sources: tailwindcss_oxide::scanner: Discovering "C:\\Users\\admin\\premium-invest-8\\app\\api\\admin\\deliverables\\preview\\pdf"
2026-01-18T05:14:40.163260Z  INFO get_globs:scan_sources: tailwindcss_oxide::scanner: Discovering "C:\\Users\\admin\\premium-invest-8\\app\\api\\admin\\email-preferences"
2026-01-18T05:14:40.163352Z  INFO get_globs:scan_sources: tailwindcss_oxide::scanner: Discovering "C:\\Users\\admin\\premium-invest-8\\app\\api\\admin\\export"
2026-01-18T05:14:40.163445Z  INFO get_globs:scan_sources: tailwindcss_oxide::scanner: Discovering "C:\\Users\\admin\\premium-invest-8\\app\\api\\admin\\family"
2026-01-18T05:14:40.163517Z  INFO get_globs:scan_sources: tailwindcss_oxide::scanner: Discovering "C:\\Users\\admin\\premium-invest-8\\app\\api\\admin\\family\\login"
2026-01-18T05:14:40.163640Z  INFO get_globs:scan_sources: tailwindcss_oxide::scanner: Discovering "C:\\Users\\admin\\premium-invest-8\\app\\api\\admin\\family\\logout"
2026-01-18T05:14:40.163760Z  INFO get_globs:scan_sources: tailwindcss_oxide::scanner: Discovering "C:\\Users\\admin\\premium-invest-8\\app\\api\\admin\\family-stats"
2026-01-18T05:14:40.163864Z  INFO get_globs:scan_sources: tailwindcss_oxide::scanner: Discovering "C:\\Users\\admin\\premium-invest-8\\app\\api\\admin\\headlines"
2026-01-18T05:14:40.163962Z  INFO get_globs:scan_sources: tailwindcss_oxide::scanner: Discovering "C:\\Users\\admin\\premium-invest-8\\app\\api\\admin\\leads"
2026-01-18T05:14:40.164054Z  INFO get_globs:scan_sources: tailwindcss_oxide::scanner: Discovering "C:\\Users\\admin\\premium-invest-8\\app\\api\\admin\\live-intelligence"
2026-01-18T05:14:40.164147Z  INFO get_globs:scan_sources: tailwindcss_oxide::scanner: Discovering "C:\\Users\\admin\\premium-invest-8\\app\\api\\admin\\login"
2026-01-18T05:14:40.164240Z  INFO get_globs:scan_sources: tailwindcss_oxide::scanner: Discovering "C:\\Users\\admin\\premium-invest-8\\app\\api\\admin\\logout"
2026-01-18T05:14:40.164333Z  INFO get_globs:scan_sources: tailwindcss_oxide::scanner: Discovering "C:\\Users\\admin\\premium-invest-8\\app\\api\\admin\\revenue"
2026-01-18T05:14:40.164423Z  INFO get_globs:scan_sources: tailwindcss_oxide::scanner: Discovering "C:\\Users\\admin\\premium-invest-8\\app\\api\\admin\\strategy"
2026-01-18T05:14:40.164519Z  INFO get_globs:scan_sources: tailwindcss_oxide::scanner: Discovering "C:\\Users\\admin\\premium-invest-8\\app\\api\\admin\\summary"
2026-01-18T05:14:40.164611Z  INFO get_globs:scan_sources: tailwindcss_oxide::scanner: Discovering "C:\\Users\\admin\\premium-invest-8\\app\\api\\admin\\test-email"
2026-01-18T05:14:40.164703Z  INFO get_globs:scan_sources: tailwindcss_oxide::scanner: Discovering "C:\\Users\\admin\\premium-invest-8\\app\\api\\admin\\test-property-vs-sip-emails"
2026-01-18T05:14:40.164798Z  INFO get_globs:scan_sources: tailwindcss_oxide::scanner: Discovering "C:\\Users\\admin\\premium-invest-8\\app\\api\\admin\\verify"
2026-01-18T05:14:40.164899Z  INFO get_globs:scan_sources: tailwindcss_oxide::scanner: Discovering "C:\\Users\\admin\\premium-invest-8\\app\\api\\affiliate"
2026-01-18T05:14:40.164970Z  INFO get_globs:scan_sources: tailwindcss_oxide::scanner: Discovering "C:\\Users\\admin\\premium-invest-8\\app\\api\\affiliate\\click"
2026-01-18T05:14:40.165068Z  INFO get_globs:scan_sources: tailwindcss_oxide::scanner: Discovering "C:\\Users\\admin\\premium-invest-8\\app\\api\\ai"
2026-01-18T05:14:40.165141Z  INFO get_globs:scan_sources: tailwindcss_oxide::scanner: Discovering "C:\\Users\\admin\\premium-invest-8\\app\\api\\ai\\generate-summary"
2026-01-18T05:14:40.165241Z  INFO get_globs:scan_sources: tailwindcss_oxide::scanner: Discovering "C:\\Users\\admin\\premium-invest-8\\app\\api\\analytics"
2026-01-18T05:14:40.165314Z  INFO get_globs:scan_sources: tailwindcss_oxide::scanner: Discovering "C:\\Users\\admin\\premium-invest-8\\app\\api\\analytics\\live-intelligence"
2026-01-18T05:14:40.165414Z  INFO get_globs:scan_sources: tailwindcss_oxide::scanner: Discovering "C:\\Users\\admin\\premium-invest-8\\app\\api\\blog"
2026-01-18T05:14:40.165504Z  INFO get_globs:scan_sources: tailwindcss_oxide::scanner: Discovering "C:\\Users\\admin\\premium-invest-8\\app\\api\\bmwealth"
2026-01-18T05:14:40.165594Z  INFO get_globs:scan_sources: tailwindcss_oxide::scanner: Discovering "C:\\Users\\admin\\premium-invest-8\\app\\api\\breaking-news"
2026-01-18T05:14:40.165683Z  INFO get_globs:scan_sources: tailwindcss_oxide::scanner: Discovering "C:\\Users\\admin\\premium-invest-8\\app\\api\\chat"
2026-01-18T05:14:40.165773Z  INFO get_globs:scan_sources: tailwindcss_oxide::scanner: Discovering "C:\\Users\\admin\\premium-invest-8\\app\\api\\contact"
2026-01-18T05:14:40.165864Z  INFO get_globs:scan_sources: tailwindcss_oxide::scanner: Discovering "C:\\Users\\admin\\premium-invest-8\\app\\api\\cron"
2026-01-18T05:14:40.165937Z  INFO get_globs:scan_sources: tailwindcss_oxide::scanner: Discovering "C:\\Users\\admin\\premium-invest-8\\app\\api\\cron\\check-expiry"
2026-01-18T05:14:40.166029Z  INFO get_globs:scan_sources: tailwindcss_oxide::scanner: Discovering "C:\\Users\\admin\\premium-invest-8\\app\\api\\cron\\daily-summary"
2026-01-18T05:14:40.166122Z  INFO get_globs:scan_sources: tailwindcss_oxide::scanner: Discovering "C:\\Users\\admin\\premium-invest-8\\app\\api\\cron\\headlines"
2026-01-18T05:14:40.166215Z  INFO get_globs:scan_sources: tailwindcss_oxide::scanner: Discovering "C:\\Users\\admin\\premium-invest-8\\app\\api\\cron\\weekly-summary"
2026-01-18T05:14:40.166306Z  INFO get_globs:scan_sources: tailwindcss_oxide::scanner: Discovering "C:\\Users\\admin\\premium-invest-8\\app\\api\\cron\\whatsapp-followups"
2026-01-18T05:14:40.166404Z  INFO get_globs:scan_sources: tailwindcss_oxide::scanner: Discovering "C:\\Users\\admin\\premium-invest-8\\app\\api\\email"
2026-01-18T05:14:40.166475Z  INFO get_globs:scan_sources: tailwindcss_oxide::scanner: Discovering "C:\\Users\\admin\\premium-invest-8\\app\\api\\email\\click"
2026-01-18T05:14:40.166566Z  INFO get_globs:scan_sources: tailwindcss_oxide::scanner: Discovering "C:\\Users\\admin\\premium-invest-8\\app\\api\\email\\open"
2026-01-18T05:14:40.166663Z  INFO get_globs:scan_sources: tailwindcss_oxide::scanner: Discovering "C:\\Users\\admin\\premium-invest-8\\app\\api\\events"
2026-01-18T05:14:40.166751Z  INFO get_globs:scan_sources: tailwindcss_oxide::scanner: Discovering "C:\\Users\\admin\\premium-invest-8\\app\\api\\generate-pdf"
2026-01-18T05:14:40.166840Z  INFO get_globs:scan_sources: tailwindcss_oxide::scanner: Discovering "C:\\Users\\admin\\premium-invest-8\\app\\api\\health"
2026-01-18T05:14:40.166935Z  INFO get_globs:scan_sources: tailwindcss_oxide::scanner: Discovering "C:\\Users\\admin\\premium-invest-8\\app\\api\\leads"
2026-01-18T05:14:40.167005Z  INFO get_globs:scan_sources: tailwindcss_oxide::scanner: Discovering "C:\\Users\\admin\\premium-invest-8\\app\\api\\leads\\capture"
2026-01-18T05:14:40.167122Z  INFO get_globs:scan_sources: tailwindcss_oxide::scanner: Discovering "C:\\Users\\admin\\premium-invest-8\\app\\api\\live-intelligence"
2026-01-18T05:14:40.167196Z  INFO get_globs:scan_sources: tailwindcss_oxide::scanner: Discovering "C:\\Users\\admin\\premium-invest-8\\app\\api\\live-intelligence\\archive"
2026-01-18T05:14:40.167297Z  INFO get_globs:scan_sources: tailwindcss_oxide::scanner: Discovering "C:\\Users\\admin\\premium-invest-8\\app\\api\\live-intelligence\\explain"
2026-01-18T05:14:40.167389Z  INFO get_globs:scan_sources: tailwindcss_oxide::scanner: Discovering "C:\\Users\\admin\\premium-invest-8\\app\\api\\live-intelligence\\feed"
2026-01-18T05:14:40.167495Z  INFO get_globs:scan_sources: tailwindcss_oxide::scanner: Discovering "C:\\Users\\admin\\premium-invest-8\\app\\api\\live-intelligence\\ingest"
2026-01-18T05:14:40.167585Z  INFO get_globs:scan_sources: tailwindcss_oxide::scanner: Discovering "C:\\Users\\admin\\premium-invest-8\\app\\api\\live-intelligence\\mood"
2026-01-18T05:14:40.167679Z  INFO get_globs:scan_sources: tailwindcss_oxide::scanner: Discovering "C:\\Users\\admin\\premium-invest-8\\app\\api\\live-intelligence\\night-summary"
2026-01-18T05:14:40.167770Z  INFO get_globs:scan_sources: tailwindcss_oxide::scanner: Discovering "C:\\Users\\admin\\premium-invest-8\\app\\api\\live-intelligence\\process"
2026-01-18T05:14:40.167863Z  INFO get_globs:scan_sources: tailwindcss_oxide::scanner: Discovering "C:\\Users\\admin\\premium-invest-8\\app\\api\\live-intelligence\\status"
2026-01-18T05:14:40.167960Z  INFO get_globs:scan_sources: tailwindcss_oxide::scanner: Discovering "C:\\Users\\admin\\premium-invest-8\\app\\api\\market-data"
2026-01-18T05:14:40.168051Z  INFO get_globs:scan_sources: tailwindcss_oxide::scanner: Discovering "C:\\Users\\admin\\premium-invest-8\\app\\api\\newsletter"
2026-01-18T05:14:40.168122Z  INFO get_globs:scan_sources: tailwindcss_oxide::scanner: Discovering "C:\\Users\\admin\\premium-invest-8\\app\\api\\newsletter\\subscribe"
2026-01-18T05:14:40.168221Z  INFO get_globs:scan_sources: tailwindcss_oxide::scanner: Discovering "C:\\Users\\admin\\premium-invest-8\\app\\api\\payments"
2026-01-18T05:14:40.168290Z  INFO get_globs:scan_sources: tailwindcss_oxide::scanner: Discovering "C:\\Users\\admin\\premium-invest-8\\app\\api\\payments\\cashfree"
2026-01-18T05:14:40.168361Z  INFO get_globs:scan_sources: tailwindcss_oxide::scanner: Discovering "C:\\Users\\admin\\premium-invest-8\\app\\api\\payments\\cashfree\\create-order"
2026-01-18T05:14:40.168467Z  INFO get_globs:scan_sources: tailwindcss_oxide::scanner: Discovering "C:\\Users\\admin\\premium-invest-8\\app\\api\\pdf"
2026-01-18T05:14:40.168538Z  INFO get_globs:scan_sources: tailwindcss_oxide::scanner: Discovering "C:\\Users\\admin\\premium-invest-8\\app\\api\\pdf\\generate"
2026-01-18T05:14:40.168629Z  INFO get_globs:scan_sources: tailwindcss_oxide::scanner: Discovering "C:\\Users\\admin\\premium-invest-8\\app\\api\\pdf\\service"
2026-01-18T05:14:40.168730Z  INFO get_globs:scan_sources: tailwindcss_oxide::scanner: Discovering "C:\\Users\\admin\\premium-invest-8\\app\\api\\property-vs-sip"
2026-01-18T05:14:40.168804Z  INFO get_globs:scan_sources: tailwindcss_oxide::scanner: Discovering "C:\\Users\\admin\\premium-invest-8\\app\\api\\property-vs-sip\\email-summary"
2026-01-18T05:14:40.168906Z  INFO get_globs:scan_sources: tailwindcss_oxide::scanner: Discovering "C:\\Users\\admin\\premium-invest-8\\app\\api\\razorpay"
2026-01-18T05:14:40.168979Z  INFO get_globs:scan_sources: tailwindcss_oxide::scanner: Discovering "C:\\Users\\admin\\premium-invest-8\\app\\api\\razorpay\\create-order"
2026-01-18T05:14:40.169076Z  INFO get_globs:scan_sources: tailwindcss_oxide::scanner: Discovering "C:\\Users\\admin\\premium-invest-8\\app\\api\\razorpay\\verify"
2026-01-18T05:14:40.169183Z  INFO get_globs:scan_sources: tailwindcss_oxide::scanner: Discovering "C:\\Users\\admin\\premium-invest-8\\app\\api\\rss-proxy"
2026-01-18T05:14:40.169284Z  INFO get_globs:scan_sources: tailwindcss_oxide::scanner: Discovering "C:\\Users\\admin\\premium-invest-8\\app\\api\\tools"
2026-01-18T05:14:40.169362Z  INFO get_globs:scan_sources: tailwindcss_oxide::scanner: Discovering "C:\\Users\\admin\\premium-invest-8\\app\\api\\tools\\aio"
2026-01-18T05:14:40.169437Z  INFO get_globs:scan_sources: tailwindcss_oxide::scanner: Discovering "C:\\Users\\admin\\premium-invest-8\\app\\api\\tools\\aio\\email"
2026-01-18T05:14:40.169544Z  INFO get_globs:scan_sources: tailwindcss_oxide::scanner: Discovering "C:\\Users\\admin\\premium-invest-8\\app\\api\\track"
2026-01-18T05:14:40.169635Z  INFO get_globs:scan_sources: tailwindcss_oxide::scanner: Discovering "C:\\Users\\admin\\premium-invest-8\\app\\api\\whatsapp"
2026-01-18T05:14:40.169711Z  INFO get_globs:scan_sources: tailwindcss_oxide::scanner: Discovering "C:\\Users\\admin\\premium-invest-8\\app\\api\\whatsapp\\opt-in"
2026-01-18T05:14:40.169806Z  INFO get_globs:scan_sources: tailwindcss_oxide::scanner: Discovering "C:\\Users\\admin\\premium-invest-8\\app\\api\\whatsapp\\webhook"
2026-01-18T05:14:40.169914Z  INFO get_globs:scan_sources: tailwindcss_oxide::scanner: Discovering "C:\\Users\\admin\\premium-invest-8\\app\\blog"
2026-01-18T05:14:40.170010Z  INFO get_globs:scan_sources: tailwindcss_oxide::scanner: Discovering "C:\\Users\\admin\\premium-invest-8\\app\\blog\\[slug]"
2026-01-18T05:14:40.170123Z  INFO get_globs:scan_sources: tailwindcss_oxide::scanner: Discovering "C:\\Users\\admin\\premium-invest-8\\app\\careers"
2026-01-18T05:14:40.170227Z  INFO get_globs:scan_sources: tailwindcss_oxide::scanner: Discovering "C:\\Users\\admin\\premium-invest-8\\app\\client-portal"
2026-01-18T05:14:40.170320Z  INFO get_globs:scan_sources: tailwindcss_oxide::scanner: Discovering "C:\\Users\\admin\\premium-invest-8\\app\\compliance"
2026-01-18T05:14:40.170422Z  INFO get_globs:scan_sources: tailwindcss_oxide::scanner: Discovering "C:\\Users\\admin\\premium-invest-8\\app\\contact"
2026-01-18T05:14:40.170532Z  INFO get_globs:scan_sources: tailwindcss_oxide::scanner: Discovering "C:\\Users\\admin\\premium-invest-8\\app\\curated-partners"
2026-01-18T05:14:40.170629Z  INFO get_globs:scan_sources: tailwindcss_oxide::scanner: Discovering "C:\\Users\\admin\\premium-invest-8\\app\\dashboard"
2026-01-18T05:14:40.170713Z  INFO get_globs:scan_sources: tailwindcss_oxide::scanner: Discovering "C:\\Users\\admin\\premium-invest-8\\app\\disclaimer"
2026-01-18T05:14:40.170809Z  INFO get_globs:scan_sources: tailwindcss_oxide::scanner: Discovering "C:\\Users\\admin\\premium-invest-8\\app\\fixed-deposits"
2026-01-18T05:14:40.170972Z  INFO get_globs:scan_sources: tailwindcss_oxide::scanner: Discovering "C:\\Users\\admin\\premium-invest-8\\app\\insurance"
2026-01-18T05:14:40.171129Z  INFO get_globs:scan_sources: tailwindcss_oxide::scanner: Discovering "C:\\Users\\admin\\premium-invest-8\\app\\legal-disclosures"
2026-01-18T05:14:40.171222Z  INFO get_globs:scan_sources: tailwindcss_oxide::scanner: Discovering "C:\\Users\\admin\\premium-invest-8\\app\\live-intelligence"
2026-01-18T05:14:40.171311Z  INFO get_globs:scan_sources: tailwindcss_oxide::scanner: Discovering "C:\\Users\\admin\\premium-invest-8\\app\\login"
2026-01-18T05:14:40.171408Z  INFO get_globs:scan_sources: tailwindcss_oxide::scanner: Discovering "C:\\Users\\admin\\premium-invest-8\\app\\mutual-funds"
2026-01-18T05:14:40.171508Z  INFO get_globs:scan_sources: tailwindcss_oxide::scanner: Discovering "C:\\Users\\admin\\premium-invest-8\\app\\payment-failed"
2026-01-18T05:14:40.171596Z  INFO get_globs:scan_sources: tailwindcss_oxide::scanner: Discovering "C:\\Users\\admin\\premium-invest-8\\app\\payment-success"
2026-01-18T05:14:40.171685Z  INFO get_globs:scan_sources: tailwindcss_oxide::scanner: Discovering "C:\\Users\\admin\\premium-invest-8\\app\\platforms"
2026-01-18T05:14:40.171788Z  INFO get_globs:scan_sources: tailwindcss_oxide::scanner: Discovering "C:\\Users\\admin\\premium-invest-8\\app\\portfolio-management"
2026-01-18T05:14:40.171911Z  INFO get_globs:scan_sources: tailwindcss_oxide::scanner: Discovering "C:\\Users\\admin\\premium-invest-8\\app\\privacy"
2026-01-18T05:14:40.172010Z  INFO get_globs:scan_sources: tailwindcss_oxide::scanner: Discovering "C:\\Users\\admin\\premium-invest-8\\app\\privacy-policy"
2026-01-18T05:14:40.172094Z  INFO get_globs:scan_sources: tailwindcss_oxide::scanner: Discovering "C:\\Users\\admin\\premium-invest-8\\app\\products"
2026-01-18T05:14:40.172179Z  INFO get_globs:scan_sources: tailwindcss_oxide::scanner: Discovering "C:\\Users\\admin\\premium-invest-8\\app\\refund"
2026-01-18T05:14:40.172275Z  INFO get_globs:scan_sources: tailwindcss_oxide::scanner: Discovering "C:\\Users\\admin\\premium-invest-8\\app\\refund-policy"
2026-01-18T05:14:40.172361Z  INFO get_globs:scan_sources: tailwindcss_oxide::scanner: Discovering "C:\\Users\\admin\\premium-invest-8\\app\\regulatory-compliance"
2026-01-18T05:14:40.172465Z  INFO get_globs:scan_sources: tailwindcss_oxide::scanner: Discovering "C:\\Users\\admin\\premium-invest-8\\app\\services"
2026-01-18T05:14:40.172579Z  INFO get_globs:scan_sources: tailwindcss_oxide::scanner: Discovering "C:\\Users\\admin\\premium-invest-8\\app\\sip"
2026-01-18T05:14:40.172696Z  INFO get_globs:scan_sources: tailwindcss_oxide::scanner: Discovering "C:\\Users\\admin\\premium-invest-8\\app\\sip-calculator"
2026-01-18T05:14:40.172780Z  INFO get_globs:scan_sources: tailwindcss_oxide::scanner: Discovering "C:\\Users\\admin\\premium-invest-8\\app\\sitemap"
2026-01-18T05:14:40.172868Z  INFO get_globs:scan_sources: tailwindcss_oxide::scanner: Discovering "C:\\Users\\admin\\premium-invest-8\\app\\sitemap-page"
2026-01-18T05:14:40.172979Z  INFO get_globs:scan_sources: tailwindcss_oxide::scanner: Discovering "C:\\Users\\admin\\premium-invest-8\\app\\tax-leak-detector"
2026-01-18T05:14:40.173120Z  INFO get_globs:scan_sources: tailwindcss_oxide::scanner: Discovering "C:\\Users\\admin\\premium-invest-8\\app\\terms"
2026-01-18T05:14:40.173226Z  INFO get_globs:scan_sources: tailwindcss_oxide::scanner: Discovering "C:\\Users\\admin\\premium-invest-8\\app\\terms-and-conditions"
2026-01-18T05:14:40.173315Z  INFO get_globs:scan_sources: tailwindcss_oxide::scanner: Discovering "C:\\Users\\admin\\premium-invest-8\\app\\tools"
2026-01-18T05:14:40.173387Z  INFO get_globs:scan_sources: tailwindcss_oxide::scanner: Discovering "C:\\Users\\admin\\premium-invest-8\\app\\tools\\all-calculators"
2026-01-18T05:14:40.173474Z  INFO get_globs:scan_sources: tailwindcss_oxide::scanner: Discovering "C:\\Users\\admin\\premium-invest-8\\app\\tools\\calc-share"
2026-01-18T05:14:40.173560Z  INFO get_globs:scan_sources: tailwindcss_oxide::scanner: Discovering "C:\\Users\\admin\\premium-invest-8\\app\\tools\\insurance-value"
2026-01-18T05:14:40.173644Z  INFO get_globs:scan_sources: tailwindcss_oxide::scanner: Discovering "C:\\Users\\admin\\premium-invest-8\\app\\tools\\itr-filing-help"
2026-01-18T05:14:40.173728Z  INFO get_globs:scan_sources: tailwindcss_oxide::scanner: Discovering "C:\\Users\\admin\\premium-invest-8\\app\\tools\\lumpsum-planner"
2026-01-18T05:14:40.173823Z  INFO get_globs:scan_sources: tailwindcss_oxide::scanner: Discovering "C:\\Users\\admin\\premium-invest-8\\app\\tools\\property-vs-sip"
2026-01-18T05:14:40.173906Z  INFO get_globs:scan_sources: tailwindcss_oxide::scanner: Discovering "C:\\Users\\admin\\premium-invest-8\\app\\tools\\retirement-gap"
2026-01-18T05:14:40.173990Z  INFO get_globs:scan_sources: tailwindcss_oxide::scanner: Discovering "C:\\Users\\admin\\premium-invest-8\\app\\tools\\tax-leak-detector"
2026-01-18T05:14:40.174074Z  INFO get_globs:scan_sources: tailwindcss_oxide::scanner: Discovering "C:\\Users\\admin\\premium-invest-8\\app\\tools\\tax-optimization"
2026-01-18T05:14:40.174164Z  INFO get_globs:scan_sources: tailwindcss_oxide::scanner: Discovering "C:\\Users\\admin\\premium-invest-8\\app\\track"
2026-01-18T05:14:40.174233Z  INFO get_globs:scan_sources: tailwindcss_oxide::scanner: Discovering "C:\\Users\\admin\\premium-invest-8\\app\\track\\[platform]"
2026-01-18T05:14:40.174327Z  INFO get_globs:scan_sources: tailwindcss_oxide::scanner: Discovering "C:\\Users\\admin\\premium-invest-8\\app\\trading-services"
2026-01-18T05:14:40.174424Z  INFO get_globs:scan_sources: tailwindcss_oxide::scanner: Discovering "C:\\Users\\admin\\premium-invest-8\\app\\v0-test"
2026-01-18T05:14:40.174638Z  INFO get_globs:scan_sources: tailwindcss_oxide::scanner: Discovering "C:\\Users\\admin\\premium-invest-8\\features\\plugins"
2026-01-18T05:14:40.174834Z  INFO get_globs:scan_sources: tailwindcss_oxide::scanner: Discovering "C:\\Users\\admin\\premium-invest-8\\components\\admin"
2026-01-18T05:14:40.175076Z  INFO get_globs:scan_sources: tailwindcss_oxide::scanner: Discovering "C:\\Users\\admin\\premium-invest-8\\components\\analytics"
2026-01-18T05:14:40.175179Z  INFO get_globs:scan_sources: tailwindcss_oxide::scanner: Discovering "C:\\Users\\admin\\premium-invest-8\\components\\calculators"
2026-01-18T05:14:40.175492Z  INFO get_globs:scan_sources: tailwindcss_oxide::scanner: Discovering "C:\\Users\\admin\\premium-invest-8\\components\\home"
2026-01-18T05:14:40.175637Z  INFO get_globs:scan_sources: tailwindcss_oxide::scanner: Discovering "C:\\Users\\admin\\premium-invest-8\\components\\live-intelligence"
2026-01-18T05:14:40.175905Z  INFO get_globs:scan_sources: tailwindcss_oxide::scanner: Discovering "C:\\Users\\admin\\premium-invest-8\\components\\shared"
2026-01-18T05:14:40.176240Z  INFO get_globs:scan_sources: tailwindcss_oxide::scanner: Discovering "C:\\Users\\admin\\premium-invest-8\\components\\tools"
2026-01-18T05:14:40.176337Z  INFO get_globs:scan_sources: tailwindcss_oxide::scanner: Discovering "C:\\Users\\admin\\premium-invest-8\\components\\ui"
2026-01-18T05:14:40.176940Z  INFO get_globs:scan_sources: tailwindcss_oxide::scanner: Discovering "C:\\Users\\admin\\premium-invest-8\\components\\user"
2026-01-18T05:14:40.177388Z  INFO get_globs:scan_sources: tailwindcss_oxide::scanner: Discovering "C:\\Users\\admin\\premium-invest-8\\lib\\affiliate"
2026-01-18T05:14:40.177473Z  INFO get_globs:scan_sources: tailwindcss_oxide::scanner: Discovering "C:\\Users\\admin\\premium-invest-8\\lib\\ai"
2026-01-18T05:14:40.177638Z  INFO get_globs:scan_sources: tailwindcss_oxide::scanner: Discovering "C:\\Users\\admin\\premium-invest-8\\lib\\auth"
2026-01-18T05:14:40.177769Z  INFO get_globs:scan_sources: tailwindcss_oxide::scanner: Discovering "C:\\Users\\admin\\premium-invest-8\\lib\\cache"
2026-01-18T05:14:40.177853Z  INFO get_globs:scan_sources: tailwindcss_oxide::scanner: Discovering "C:\\Users\\admin\\premium-invest-8\\lib\\db"
2026-01-18T05:14:40.178017Z  INFO get_globs:scan_sources: tailwindcss_oxide::scanner: Discovering "C:\\Users\\admin\\premium-invest-8\\lib\\email"
2026-01-18T05:14:40.178162Z  INFO get_globs:scan_sources: tailwindcss_oxide::scanner: Discovering "C:\\Users\\admin\\premium-invest-8\\lib\\hooks"
2026-01-18T05:14:40.178298Z  INFO get_globs:scan_sources: tailwindcss_oxide::scanner: Discovering "C:\\Users\\admin\\premium-invest-8\\lib\\live-intelligence"
2026-01-18T05:14:40.178487Z  INFO get_globs:scan_sources: tailwindcss_oxide::scanner: Discovering "C:\\Users\\admin\\premium-invest-8\\lib\\monitoring"
2026-01-18T05:14:40.178606Z  INFO get_globs:scan_sources: tailwindcss_oxide::scanner: Discovering "C:\\Users\\admin\\premium-invest-8\\lib\\pdf"
2026-01-18T05:14:40.178748Z  INFO get_globs:scan_sources: tailwindcss_oxide::scanner: Discovering "C:\\Users\\admin\\premium-invest-8\\lib\\pitching"
2026-01-18T05:14:40.178844Z  INFO get_globs:scan_sources: tailwindcss_oxide::scanner: Discovering "C:\\Users\\admin\\premium-invest-8\\lib\\plugins"
2026-01-18T05:14:40.178952Z  INFO get_globs:scan_sources: tailwindcss_oxide::scanner: Discovering "C:\\Users\\admin\\premium-invest-8\\lib\\seo"
2026-01-18T05:14:40.179116Z  INFO get_globs:scan_sources: tailwindcss_oxide::scanner: Discovering "C:\\Users\\admin\\premium-invest-8\\lib\\templates"
2026-01-18T05:14:40.179227Z  INFO get_globs:scan_sources: tailwindcss_oxide::scanner: Discovering "C:\\Users\\admin\\premium-invest-8\\lib\\ui"
2026-01-18T05:14:40.179350Z  INFO get_globs:scan_sources: tailwindcss_oxide::scanner: Discovering "C:\\Users\\admin\\premium-invest-8\\lib\\utils"
2026-01-18T05:14:40.179485Z  INFO get_globs:scan_sources: tailwindcss_oxide::scanner: Discovering "C:\\Users\\admin\\premium-invest-8\\lib\\whatsapp"
2026-01-18T05:14:40.179606Z  INFO get_globs:scan_sources: tailwindcss_oxide::scanner: exit
2026-01-18T05:14:40.319111Z  INFO get_globs: tailwindcss_oxide::scanner: exit
